crop,state,district,year,area_kha,yield_kgha
wheat,Chhattisgarh,Durg,2000,29.9,588.19
wheat,Chhattisgarh,Durg,2001,34.33,702.43
wheat,Chhattisgarh,Durg,2002,33.25,754.44
wheat,Chhattisgarh,Durg,2003,37.99,778.78
wheat,Chhattisgarh,Durg,2004,36.43,636.48
wheat,Chhattisgarh,Durg,2005,36.43,636.48
wheat,Chhattisgarh,Durg,2006,36.81,723.16
wheat,Chhattisgarh,Durg,2007,37.32,921.03
wheat,Chhattisgarh,Durg,2008,36.46,855.47
wheat,Chhattisgarh,Durg,2009,42.44,898.09
wheat,Chhattisgarh,Durg,2010,46.12,994.69
wheat,Chhattisgarh,Durg,2011,44.98,1115.68
wheat,Chhattisgarh,Durg,2012,43.87,1087.1
wheat,Chhattisgarh,Durg,2013,41.54,1043.06
wheat,Chhattisgarh,Durg,2014,44.25,1151.49
wheat,Chhattisgarh,Durg,2015,48.72,1120.74
wheat,Chhattisgarh,Durg,2016,48.94,1263.55
wheat,Chhattisgarh,Durg,2017,43.5,1153.77
wheat,Chhattisgarh,Bastar,2000,1.7,1617.65
wheat,Chhattisgarh,Bastar,2001,2.5,1552.0
wheat,Chhattisgarh,Bastar,2002,2.09,1799.04
wheat,Chhattisgarh,Bastar,2003,2.42,1582.64
wheat,Chhattisgarh,Bastar,2004,2.17,1479.26
wheat,Chhattisgarh,Bastar,2005,2.17,1479.26
wheat,Chhattisgarh,Bastar,2006,1.92,1666.67
wheat,Chhattisgarh,Bastar,2007,1.68,1970.24
wheat,Chhattisgarh,Bastar,2008,1.71,1520.47
wheat,Chhattisgarh,Bastar,2009,1.64,1798.78
wheat,Chhattisgarh,Bastar,2010,1.6,2000.0
wheat,Chhattisgarh,Bastar,2011,1.33,1872.18
wheat,Chhattisgarh,Bastar,2012,1.25,1976.0
wheat,Chhattisgarh,Bastar,2013,0.97,1804.12
wheat,Chhattisgarh,Bastar,2014,0.81,2296.3
wheat,Chhattisgarh,Bastar,2015,0.84,2083.33
wheat,Chhattisgarh,Bastar,2016,0.67,2265.58
wheat,Chhattisgarh,Bastar,2017,1.24,1783.13
wheat,Chhattisgarh,Raipur,2000,8.11,1307.03
wheat,Chhattisgarh,Raipur,2001,15.61,1257.53
wheat,Chhattisgarh,Raipur,2002,13.19,1281.27
wheat,Chhattisgarh,Raipur,2003,16.45,1232.83
wheat,Chhattisgarh,Raipur,2004,14.32,1037.01
wheat,Chhattisgarh,Raipur,2005,14.32,1037.01
wheat,Chhattisgarh,Raipur,2006,13.09,928.95
wheat,Chhattisgarh,Raipur,2007,11.42,1145.36
wheat,Chhattisgarh,Raipur,2008,10.82,1020.33
wheat,Chhattisgarh,Raipur,2009,12.67,1421.47
wheat,Chhattisgarh,Raipur,2010,11.3,1345.13
wheat,Chhattisgarh,Raipur,2011,10.54,1697.34
wheat,Chhattisgarh,Raipur,2012,9.76,1818.65
wheat,Chhattisgarh,Raipur,2013,9.21,1722.04
wheat,Chhattisgarh,Raipur,2014,10.38,2046.24
wheat,Chhattisgarh,Raipur,2015,10.99,1756.14
wheat,Chhattisgarh,Raipur,2016,8.8,2038.28
wheat,Chhattisgarh,Raipur,2017,14.56,1625.61
wheat,Chhattisgarh,Bilaspur,2000,12.59,333.81
wheat,Chhattisgarh,Bilaspur,2001,17.63,1072.87
wheat,Chhattisgarh,Bilaspur,2002,17.57,1068.02
wheat,Chhattisgarh,Bilaspur,2003,20.06,1027.09
wheat,Chhattisgarh,Bilaspur,2004,18.88,837.0
wheat,Chhattisgarh,Bilaspur,2005,18.88,837.0
wheat,Chhattisgarh,Bilaspur,2006,17.57,893.02
wheat,Chhattisgarh,Bilaspur,2007,17.38,1096.53
wheat,Chhattisgarh,Bilaspur,2008,17.54,1029.04
wheat,Chhattisgarh,Bilaspur,2009,24.25,1160.63
wheat,Chhattisgarh,Bilaspur,2010,24.88,1210.79
wheat,Chhattisgarh,Bilaspur,2011,19.08,1377.75
wheat,Chhattisgarh,Bilaspur,2012,18.7,1460.32
wheat,Chhattisgarh,Bilaspur,2013,19.88,1356.73
wheat,Chhattisgarh,Bilaspur,2014,18.11,1554.83
wheat,Chhattisgarh,Bilaspur,2015,17.82,1516.74
wheat,Chhattisgarh,Bilaspur,2016,16.2,1549.23
wheat,Chhattisgarh,Bilaspur,2017,15.8,1374.7
wheat,Chhattisgarh,Raigarh,2000,2.1,1447.62
wheat,Chhattisgarh,Raigarh,2001,2.79,1351.25
wheat,Chhattisgarh,Raigarh,2002,3.07,1426.71
wheat,Chhattisgarh,Raigarh,2003,3.85,1319.48
wheat,Chhattisgarh,Raigarh,2004,3.33,1159.16
wheat,Chhattisgarh,Raigarh,2005,3.33,1159.16
wheat,Chhattisgarh,Raigarh,2006,3.31,1129.91
wheat,Chhattisgarh,Raigarh,2007,3.17,1466.88
wheat,Chhattisgarh,Raigarh,2008,3.51,1384.62
wheat,Chhattisgarh,Raigarh,2009,3.72,1309.14
wheat,Chhattisgarh,Raigarh,2010,3.4,1617.65
wheat,Chhattisgarh,Raigarh,2011,3.63,1727.27
wheat,Chhattisgarh,Raigarh,2012,3.44,1767.44
wheat,Chhattisgarh,Raigarh,2013,6.67,1724.14
wheat,Chhattisgarh,Raigarh,2014,3.62,2071.82
wheat,Chhattisgarh,Raigarh,2015,3.56,1727.53
wheat,Chhattisgarh,Raigarh,2016,3.87,1840.7
wheat,Chhattisgarh,Raigarh,2017,3.91,1728.83
wheat,Chhattisgarh,Surguja,2000,23.47,1419.26
wheat,Chhattisgarh,Surguja,2001,25.0,1327.2
wheat,Chhattisgarh,Surguja,2002,23.69,1254.12
wheat,Chhattisgarh,Surguja,2003,25.36,1153.0
wheat,Chhattisgarh,Surguja,2004,24.13,1007.87
wheat,Chhattisgarh,Surguja,2005,24.13,1007.87
wheat,Chhattisgarh,Surguja,2006,24.39,975.4
wheat,Chhattisgarh,Surguja,2007,24.07,1250.1
wheat,Chhattisgarh,Surguja,2008,24.81,1196.29
wheat,Chhattisgarh,Surguja,2009,24.47,1096.85
wheat,Chhattisgarh,Surguja,2010,23.98,1144.7
wheat,Chhattisgarh,Surguja,2011,25.29,1266.11
wheat,Chhattisgarh,Surguja,2012,25.21,1662.83
wheat,Chhattisgarh,Surguja,2013,26.77,1543.89
wheat,Chhattisgarh,Surguja,2014,26.02,1676.02
wheat,Chhattisgarh,Surguja,2015,23.87,1403.85
wheat,Chhattisgarh,Surguja,2016,23.63,1589.23
wheat,Chhattisgarh,Surguja,2017,23.18,1599.85
wheat,Madhya Pradesh,Jabalpur,2000,154.3,1269.6
wheat,Madhya Pradesh,Jabalpur,2001,159.1,1385.92
wheat,Madhya Pradesh,Jabalpur,2002,148.9,1141.71
wheat,Madhya Pradesh,Jabalpur,2003,157.2,1534.35
wheat,Madhya Pradesh,Jabalpur,2004,156.45,1480.92
wheat,Madhya Pradesh,Jabalpur,2005,156.55,1633.09
wheat,Madhya Pradesh,Jabalpur,2006,144.1,1570.78
wheat,Madhya Pradesh,Jabalpur,2007,130.4,1274.54
wheat,Madhya Pradesh,Jabalpur,2008,157.7,1558.66
wheat,Madhya Pradesh,Jabalpur,2009,162.0,1416.05
wheat,Madhya Pradesh,Jabalpur,2010,162.7,2086.66
wheat,Madhya Pradesh,Jabalpur,2011,166.0,2298.8
wheat,Madhya Pradesh,Jabalpur,2012,201.13,2779.79
wheat,Madhya Pradesh,Jabalpur,2013,218.66,2500.64
wheat,Madhya Pradesh,Jabalpur,2014,227.0,2634.36
wheat,Madhya Pradesh,Jabalpur,2015,202.0,3084.16
wheat,Madhya Pradesh,Jabalpur,2016,237.0,3489.45
wheat,Madhya Pradesh,Jabalpur,2017,300.7,3449.05
wheat,Madhya Pradesh,Balaghat,2000,14.0,700.0
wheat,Madhya Pradesh,Balaghat,2001,16.0,912.5
wheat,Madhya Pradesh,Balaghat,2002,16.6,1060.24
wheat,Madhya Pradesh,Balaghat,2003,16.3,1067.48
wheat,Madhya Pradesh,Balaghat,2004,11.34,696.65
wheat,Madhya Pradesh,Balaghat,2005,16.58,955.37
wheat,Madhya Pradesh,Balaghat,2006,15.05,759.47
wheat,Madhya Pradesh,Balaghat,2007,14.7,897.96
wheat,Madhya Pradesh,Balaghat,2008,15.1,814.57
wheat,Madhya Pradesh,Balaghat,2009,14.7,1326.53
wheat,Madhya Pradesh,Balaghat,2010,15.1,1516.56
wheat,Madhya Pradesh,Balaghat,2011,22.7,1312.78
wheat,Madhya Pradesh,Balaghat,2012,18.32,1294.76
wheat,Madhya Pradesh,Balaghat,2013,17.52,1304.22
wheat,Madhya Pradesh,Balaghat,2014,38.0,1473.68
wheat,Madhya Pradesh,Balaghat,2015,20.0,1350.0
wheat,Madhya Pradesh,Balaghat,2016,35.0,1828.57
wheat,Madhya Pradesh,Balaghat,2017,55.56,2485.96
wheat,Madhya Pradesh,Chhindwara,2000,61.5,1510.57
wheat,Madhya Pradesh,Chhindwara,2001,59.8,1419.73
wheat,Madhya Pradesh,Chhindwara,2002,71.4,1471.99
wheat,Madhya Pradesh,Chhindwara,2003,84.2,2021.38
wheat,Madhya Pradesh,Chhindwara,2004,84.26,1727.63
wheat,Madhya Pradesh,Chhindwara,2005,91.94,1517.95
wheat,Madhya Pradesh,Chhindwara,2006,105.95,1877.96
wheat,Madhya Pradesh,Chhindwara,2007,110.7,2018.07
wheat,Madhya Pradesh,Chhindwara,2008,82.8,2115.94
wheat,Madhya Pradesh,Chhindwara,2009,111.1,3827.18
wheat,Madhya Pradesh,Chhindwara,2010,114.5,3396.51
wheat,Madhya Pradesh,Chhindwara,2011,122.1,2283.7
wheat,Madhya Pradesh,Chhindwara,2012,138.57,3166.2
wheat,Madhya Pradesh,Chhindwara,2013,146.14,2275.35
wheat,Madhya Pradesh,Chhindwara,2014,155.0,2935.48
wheat,Madhya Pradesh,Chhindwara,2015,165.0,3854.55
wheat,Madhya Pradesh,Chhindwara,2016,179.0,3229.05
wheat,Madhya Pradesh,Chhindwara,2017,181.0,3420.99
wheat,Madhya Pradesh,Narsinghpur,2000,77.3,3270.38
wheat,Madhya Pradesh,Narsinghpur,2001,67.7,3196.46
wheat,Madhya Pradesh,Narsinghpur,2002,62.5,2729.6
wheat,Madhya Pradesh,Narsinghpur,2003,60.5,3003.31
wheat,Madhya Pradesh,Narsinghpur,2004,59.19,2854.2
wheat,Madhya Pradesh,Narsinghpur,2005,54.52,2965.15
wheat,Madhya Pradesh,Narsinghpur,2006,53.07,2862.82
wheat,Madhya Pradesh,Narsinghpur,2007,55.0,2863.64
wheat,Madhya Pradesh,Narsinghpur,2008,62.3,3044.94
wheat,Madhya Pradesh,Narsinghpur,2009,65.1,2602.15
wheat,Madhya Pradesh,Narsinghpur,2010,68.8,3297.96
wheat,Madhya Pradesh,Narsinghpur,2011,63.6,3981.13
wheat,Madhya Pradesh,Narsinghpur,2012,82.0,2936.83
wheat,Madhya Pradesh,Narsinghpur,2013,93.17,2125.36
wheat,Madhya Pradesh,Narsinghpur,2014,94.0,3244.68
wheat,Madhya Pradesh,Narsinghpur,2015,95.0,4084.21
wheat,Madhya Pradesh,Narsinghpur,2016,100.0,4040.0
wheat,Madhya Pradesh,Narsinghpur,2017,92.0,3485.98
wheat,Madhya Pradesh,Seoni / Shivani,2000,85.5,609.36
wheat,Madhya Pradesh,Seoni / Shivani,2001,95.7,868.34
wheat,Madhya Pradesh,Seoni / Shivani,2002,96.5,816.58
wheat,Madhya Pradesh,Seoni / Shivani,2003,98.7,943.26
wheat,Madhya Pradesh,Seoni / Shivani,2004,93.0,835.48
wheat,Madhya Pradesh,Seoni / Shivani,2005,103.03,884.69
wheat,Madhya Pradesh,Seoni / Shivani,2006,104.72,967.44
wheat,Madhya Pradesh,Seoni / Shivani,2007,110.5,845.25
wheat,Madhya Pradesh,Seoni / Shivani,2008,103.1,873.91
wheat,Madhya Pradesh,Seoni / Shivani,2009,108.8,831.8
wheat,Madhya Pradesh,Seoni / Shivani,2010,111.7,914.06
wheat,Madhya Pradesh,Seoni / Shivani,2011,115.6,1102.94
wheat,Madhya Pradesh,Seoni / Shivani,2012,132.11,2832.94
wheat,Madhya Pradesh,Seoni / Shivani,2013,153.28,2257.57
wheat,Madhya Pradesh,Seoni / Shivani,2014,99.0,2888.89
wheat,Madhya Pradesh,Seoni / Shivani,2015,115.0,2408.7
wheat,Madhya Pradesh,Seoni / Shivani,2016,151.0,2947.02
wheat,Madhya Pradesh,Seoni / Shivani,2017,200.72,2610.0
wheat,Madhya Pradesh,Mandla,2000,56.1,390.37
wheat,Madhya Pradesh,Mandla,2001,67.9,733.43
wheat,Madhya Pradesh,Mandla,2002,62.1,637.68
wheat,Madhya Pradesh,Mandla,2003,65.0,749.23
wheat,Madhya Pradesh,Mandla,2004,62.8,806.53
wheat,Madhya Pradesh,Mandla,2005,62.66,715.77
wheat,Madhya Pradesh,Mandla,2006,63.47,693.56
wheat,Madhya Pradesh,Mandla,2007,58.8,683.67
wheat,Madhya Pradesh,Mandla,2008,60.0,766.67
wheat,Madhya Pradesh,Mandla,2009,61.5,684.55
wheat,Madhya Pradesh,Mandla,2010,45.2,723.45
wheat,Madhya Pradesh,Mandla,2011,68.0,754.41
wheat,Madhya Pradesh,Mandla,2012,71.01,1624.0
wheat,Madhya Pradesh,Mandla,2013,74.83,1697.45
wheat,Madhya Pradesh,Mandla,2014,143.0,1384.62
wheat,Madhya Pradesh,Mandla,2015,90.0,1922.22
wheat,Madhya Pradesh,Mandla,2016,98.0,2755.1
wheat,Madhya Pradesh,Mandla,2017,90.0,2533.33
wheat,Madhya Pradesh,Sagar,2000,200.6,773.68
wheat,Madhya Pradesh,Sagar,2001,190.0,1082.63
wheat,Madhya Pradesh,Sagar,2002,140.7,818.05
wheat,Madhya Pradesh,Sagar,2003,161.8,1135.35
wheat,Madhya Pradesh,Sagar,2004,163.78,1056.84
wheat,Madhya Pradesh,Sagar,2005,163.78,1066.37
wheat,Madhya Pradesh,Sagar,2006,163.7,1054.25
wheat,Madhya Pradesh,Sagar,2007,139.6,944.13
wheat,Madhya Pradesh,Sagar,2008,150.1,1253.83
wheat,Madhya Pradesh,Sagar,2009,173.0,1413.29
wheat,Madhya Pradesh,Sagar,2010,172.5,1081.16
wheat,Madhya Pradesh,Sagar,2011,199.8,1476.98
wheat,Madhya Pradesh,Sagar,2012,213.45,2106.82
wheat,Madhya Pradesh,Sagar,2013,228.79,1859.13
wheat,Madhya Pradesh,Sagar,2014,185.0,2129.73
wheat,Madhya Pradesh,Sagar,2015,158.0,2189.87
wheat,Madhya Pradesh,Sagar,2016,202.0,2757.43
wheat,Madhya Pradesh,Sagar,2017,278.0,3212.99
wheat,Madhya Pradesh,Damoh,2000,86.1,1036.0
wheat,Madhya Pradesh,Damoh,2001,79.8,1418.55
wheat,Madhya Pradesh,Damoh,2002,57.9,1331.61
wheat,Madhya Pradesh,Damoh,2003,65.3,1479.33
wheat,Madhya Pradesh,Damoh,2004,67.62,1447.06
wheat,Madhya Pradesh,Damoh,2005,68.96,1491.3
wheat,Madhya Pradesh,Damoh,2006,69.62,1269.89
wheat,Madhya Pradesh,Damoh,2007,63.1,1581.62
wheat,Madhya Pradesh,Damoh,2008,67.0,1967.16
wheat,Madhya Pradesh,Damoh,2009,72.1,1890.43
wheat,Madhya Pradesh,Damoh,2010,71.8,2387.19
wheat,Madhya Pradesh,Damoh,2011,79.9,2465.58
wheat,Madhya Pradesh,Damoh,2012,82.43,2037.73
wheat,Madhya Pradesh,Damoh,2013,88.62,1854.43
wheat,Madhya Pradesh,Damoh,2014,93.0,2161.29
wheat,Madhya Pradesh,Damoh,2015,80.0,2012.5
wheat,Madhya Pradesh,Damoh,2016,95.0,3505.26
wheat,Madhya Pradesh,Damoh,2017,81.6,3500.0
wheat,Madhya Pradesh,Tikamgarh,2000,115.9,1836.93
wheat,Madhya Pradesh,Tikamgarh,2001,118.6,1753.79
wheat,Madhya Pradesh,Tikamgarh,2002,105.1,1708.85
wheat,Madhya Pradesh,Tikamgarh,2003,120.3,2080.63
wheat,Madhya Pradesh,Tikamgarh,2004,106.99,1633.98
wheat,Madhya Pradesh,Tikamgarh,2005,94.44,1337.15
wheat,Madhya Pradesh,Tikamgarh,2006,58.13,1345.95
wheat,Madhya Pradesh,Tikamgarh,2007,22.7,1233.48
wheat,Madhya Pradesh,Tikamgarh,2008,107.4,1947.86
wheat,Madhya Pradesh,Tikamgarh,2009,101.0,1666.34
wheat,Madhya Pradesh,Tikamgarh,2010,78.0,1269.23
wheat,Madhya Pradesh,Tikamgarh,2011,113.2,2133.39
wheat,Madhya Pradesh,Tikamgarh,2012,146.73,2564.17
wheat,Madhya Pradesh,Tikamgarh,2013,158.64,2026.73
wheat,Madhya Pradesh,Tikamgarh,2014,117.0,2461.54
wheat,Madhya Pradesh,Tikamgarh,2015,94.0,1914.89
wheat,Madhya Pradesh,Tikamgarh,2016,150.0,2806.67
wheat,Madhya Pradesh,Tikamgarh,2017,97.19,2500.98
wheat,Madhya Pradesh,Chhatarpur,2000,132.2,1538.58
wheat,Madhya Pradesh,Chhatarpur,2001,135.9,1754.97
wheat,Madhya Pradesh,Chhatarpur,2002,131.4,1468.04
wheat,Madhya Pradesh,Chhatarpur,2003,145.3,1717.83
wheat,Madhya Pradesh,Chhatarpur,2004,143.4,1699.72
wheat,Madhya Pradesh,Chhatarpur,2005,141.98,1409.85
wheat,Madhya Pradesh,Chhatarpur,2006,101.76,1171.48
wheat,Madhya Pradesh,Chhatarpur,2007,57.7,1041.59
wheat,Madhya Pradesh,Chhatarpur,2008,128.1,1528.49
wheat,Madhya Pradesh,Chhatarpur,2009,142.7,1428.87
wheat,Madhya Pradesh,Chhatarpur,2010,140.2,1206.13
wheat,Madhya Pradesh,Chhatarpur,2011,130.5,1528.74
wheat,Madhya Pradesh,Chhatarpur,2012,176.28,2474.19
wheat,Madhya Pradesh,Chhatarpur,2013,192.59,2256.71
wheat,Madhya Pradesh,Chhatarpur,2014,121.0,2206.61
wheat,Madhya Pradesh,Chhatarpur,2015,88.0,1829.55
wheat,Madhya Pradesh,Chhatarpur,2016,209.0,2851.67
wheat,Madhya Pradesh,Chhatarpur,2017,175.31,2418.97
wheat,Madhya Pradesh,Panna,2000,70.0,792.86
wheat,Madhya Pradesh,Panna,2001,66.4,1109.94
wheat,Madhya Pradesh,Panna,2002,65.4,1149.85
wheat,Madhya Pradesh,Panna,2003,70.5,1119.15
wheat,Madhya Pradesh,Panna,2004,71.9,1066.76
wheat,Madhya Pradesh,Panna,2005,70.78,1014.98
wheat,Madhya Pradesh,Panna,2006,61.66,938.53
wheat,Madhya Pradesh,Panna,2007,53.6,992.54
wheat,Madhya Pradesh,Panna,2008,60.7,1454.7
wheat,Madhya Pradesh,Panna,2009,68.3,1421.67
wheat,Madhya Pradesh,Panna,2010,62.8,1418.79
wheat,Madhya Pradesh,Panna,2011,67.0,1547.76
wheat,Madhya Pradesh,Panna,2012,82.54,1895.44
wheat,Madhya Pradesh,Panna,2013,85.23,1777.78
wheat,Madhya Pradesh,Panna,2014,63.0,1952.38
wheat,Madhya Pradesh,Panna,2015,45.0,1755.56
wheat,Madhya Pradesh,Panna,2016,77.0,3064.94
wheat,Madhya Pradesh,Panna,2017,77.79,2706.0
wheat,Madhya Pradesh,Rewa,2000,165.3,1041.74
wheat,Madhya Pradesh,Rewa,2001,168.1,1267.7
wheat,Madhya Pradesh,Rewa,2002,167.9,1149.49
wheat,Madhya Pradesh,Rewa,2003,170.5,1198.83
wheat,Madhya Pradesh,Rewa,2004,167.6,1080.43
wheat,Madhya Pradesh,Rewa,2005,169.49,1023.31
wheat,Madhya Pradesh,Rewa,2006,155.55,855.42
wheat,Madhya Pradesh,Rewa,2007,147.0,675.51
wheat,Madhya Pradesh,Rewa,2008,155.7,1061.66
wheat,Madhya Pradesh,Rewa,2009,155.7,1014.77
wheat,Madhya Pradesh,Rewa,2010,134.4,828.13
wheat,Madhya Pradesh,Rewa,2011,166.2,1296.03
wheat,Madhya Pradesh,Rewa,2012,156.88,2446.14
wheat,Madhya Pradesh,Rewa,2013,154.21,2065.75
wheat,Madhya Pradesh,Rewa,2014,199.0,3432.16
wheat,Madhya Pradesh,Rewa,2015,189.0,2105.82
wheat,Madhya Pradesh,Rewa,2016,195.0,2871.79
wheat,Madhya Pradesh,Rewa,2017,173.6,2880.01
wheat,Madhya Pradesh,Sidhi,2000,84.7,719.01
wheat,Madhya Pradesh,Sidhi,2001,89.0,808.99
wheat,Madhya Pradesh,Sidhi,2002,87.4,652.17
wheat,Madhya Pradesh,Sidhi,2003,90.7,844.54
wheat,Madhya Pradesh,Sidhi,2004,88.19,761.99
wheat,Madhya Pradesh,Sidhi,2005,87.48,746.46
wheat,Madhya Pradesh,Sidhi,2006,88.55,762.96
wheat,Madhya Pradesh,Sidhi,2007,85.8,637.53
wheat,Madhya Pradesh,Sidhi,2008,86.2,880.51
wheat,Madhya Pradesh,Sidhi,2009,87.4,919.91
wheat,Madhya Pradesh,Sidhi,2010,84.6,865.25
wheat,Madhya Pradesh,Sidhi,2011,110.3,1163.19
wheat,Madhya Pradesh,Sidhi,2012,90.66,2186.63
wheat,Madhya Pradesh,Sidhi,2013,93.77,2263.3
wheat,Madhya Pradesh,Sidhi,2014,136.0,2279.41
wheat,Madhya Pradesh,Sidhi,2015,109.0,2119.27
wheat,Madhya Pradesh,Sidhi,2016,118.0,2771.19
wheat,Madhya Pradesh,Sidhi,2017,101.8,2614.54
wheat,Madhya Pradesh,Satna,2000,161.1,819.37
wheat,Madhya Pradesh,Satna,2001,163.4,1036.11
wheat,Madhya Pradesh,Satna,2002,160.3,1232.06
wheat,Madhya Pradesh,Satna,2003,160.0,1235.62
wheat,Madhya Pradesh,Satna,2004,157.56,1103.64
wheat,Madhya Pradesh,Satna,2005,153.92,1143.26
wheat,Madhya Pradesh,Satna,2006,141.99,879.01
wheat,Madhya Pradesh,Satna,2007,127.8,692.49
wheat,Madhya Pradesh,Satna,2008,137.9,1071.79
wheat,Madhya Pradesh,Satna,2009,143.2,1208.8
wheat,Madhya Pradesh,Satna,2010,125.4,949.76
wheat,Madhya Pradesh,Satna,2011,135.2,1495.56
wheat,Madhya Pradesh,Satna,2012,142.46,3148.88
wheat,Madhya Pradesh,Satna,2013,146.54,3275.49
wheat,Madhya Pradesh,Satna,2014,169.0,3508.88
wheat,Madhya Pradesh,Satna,2015,132.0,2954.55
wheat,Madhya Pradesh,Satna,2016,171.0,3608.19
wheat,Madhya Pradesh,Satna,2017,156.8,3433.99
wheat,Madhya Pradesh,Shahdol,2000,56.8,661.97
wheat,Madhya Pradesh,Shahdol,2001,63.3,745.66
wheat,Madhya Pradesh,Shahdol,2002,58.2,671.82
wheat,Madhya Pradesh,Shahdol,2003,62.5,798.4
wheat,Madhya Pradesh,Shahdol,2004,62.17,743.93
wheat,Madhya Pradesh,Shahdol,2005,64.19,792.18
wheat,Madhya Pradesh,Shahdol,2006,62.51,771.72
wheat,Madhya Pradesh,Shahdol,2007,58.4,767.12
wheat,Madhya Pradesh,Shahdol,2008,61.3,856.44
wheat,Madhya Pradesh,Shahdol,2009,63.4,728.71
wheat,Madhya Pradesh,Shahdol,2010,61.6,714.29
wheat,Madhya Pradesh,Shahdol,2011,86.6,915.7
wheat,Madhya Pradesh,Shahdol,2012,70.27,2089.08
wheat,Madhya Pradesh,Shahdol,2013,91.66,2276.57
wheat,Madhya Pradesh,Shahdol,2014,118.0,1864.41
wheat,Madhya Pradesh,Shahdol,2015,65.0,1953.85
wheat,Madhya Pradesh,Shahdol,2016,106.0,1915.09
wheat,Madhya Pradesh,Shahdol,2017,87.27,2553.8
wheat,Madhya Pradesh,Gwalior,2000,78.1,2370.04
wheat,Madhya Pradesh,Gwalior,2001,84.7,2868.95
wheat,Madhya Pradesh,Gwalior,2002,68.0,2563.24
wheat,Madhya Pradesh,Gwalior,2003,96.6,2839.54
wheat,Madhya Pradesh,Gwalior,2004,92.01,2568.31
wheat,Madhya Pradesh,Gwalior,2005,91.36,2520.47
wheat,Madhya Pradesh,Gwalior,2006,86.99,2150.02
wheat,Madhya Pradesh,Gwalior,2007,68.9,1616.84
wheat,Madhya Pradesh,Gwalior,2008,89.3,2565.51
wheat,Madhya Pradesh,Gwalior,2009,83.4,2276.98
wheat,Madhya Pradesh,Gwalior,2010,93.8,2707.89
wheat,Madhya Pradesh,Gwalior,2011,112.2,3090.91
wheat,Madhya Pradesh,Gwalior,2012,115.4,3646.97
wheat,Madhya Pradesh,Gwalior,2013,119.29,3048.37
wheat,Madhya Pradesh,Gwalior,2014,104.0,3221.15
wheat,Madhya Pradesh,Gwalior,2015,136.0,3786.76
wheat,Madhya Pradesh,Gwalior,2016,146.0,4013.7
wheat,Madhya Pradesh,Gwalior,2017,65.0,3804.0
wheat,Madhya Pradesh,Shivpuri,2000,108.5,1572.35
wheat,Madhya Pradesh,Shivpuri,2001,111.8,2034.88
wheat,Madhya Pradesh,Shivpuri,2002,66.5,1380.45
wheat,Madhya Pradesh,Shivpuri,2003,120.6,2175.79
wheat,Madhya Pradesh,Shivpuri,2004,121.46,1782.56
wheat,Madhya Pradesh,Shivpuri,2005,108.82,1845.43
wheat,Madhya Pradesh,Shivpuri,2006,99.29,1796.05
wheat,Madhya Pradesh,Shivpuri,2007,90.4,1217.92
wheat,Madhya Pradesh,Shivpuri,2008,114.8,1951.22
wheat,Madhya Pradesh,Shivpuri,2009,139.8,1791.13
wheat,Madhya Pradesh,Shivpuri,2010,147.1,2026.51
wheat,Madhya Pradesh,Shivpuri,2011,113.9,2175.59
wheat,Madhya Pradesh,Shivpuri,2012,201.93,3288.91
wheat,Madhya Pradesh,Shivpuri,2013,195.61,2696.54
wheat,Madhya Pradesh,Shivpuri,2014,145.0,3144.83
wheat,Madhya Pradesh,Shivpuri,2015,158.0,2708.86
wheat,Madhya Pradesh,Shivpuri,2016,170.0,3105.88
wheat,Madhya Pradesh,Shivpuri,2017,76.9,2823.02
wheat,Madhya Pradesh,Guna,2000,190.9,1230.49
wheat,Madhya Pradesh,Guna,2001,188.8,1390.36
wheat,Madhya Pradesh,Guna,2002,152.9,673.64
wheat,Madhya Pradesh,Guna,2003,187.3,1226.91
wheat,Madhya Pradesh,Guna,2004,194.27,1150.72
wheat,Madhya Pradesh,Guna,2005,183.59,1405.8
wheat,Madhya Pradesh,Guna,2006,197.23,1377.07
wheat,Madhya Pradesh,Guna,2007,184.2,1299.13
wheat,Madhya Pradesh,Guna,2008,189.8,1535.3
wheat,Madhya Pradesh,Guna,2009,188.4,1594.48
wheat,Madhya Pradesh,Guna,2010,199.2,1912.15
wheat,Madhya Pradesh,Guna,2011,229.3,2077.19
wheat,Madhya Pradesh,Guna,2012,239.56,3138.0
wheat,Madhya Pradesh,Guna,2013,260.43,2952.89
wheat,Madhya Pradesh,Guna,2014,269.0,3063.2
wheat,Madhya Pradesh,Guna,2015,304.0,3062.5
wheat,Madhya Pradesh,Guna,2016,295.0,3098.31
wheat,Madhya Pradesh,Guna,2017,255.81,3463.59
wheat,Madhya Pradesh,Datia,2000,65.3,2464.01
wheat,Madhya Pradesh,Datia,2001,67.9,2505.15
wheat,Madhya Pradesh,Datia,2002,67.3,1906.39
wheat,Madhya Pradesh,Datia,2003,73.5,2461.22
wheat,Madhya Pradesh,Datia,2004,68.46,2032.43
wheat,Madhya Pradesh,Datia,2005,73.57,2158.62
wheat,Madhya Pradesh,Datia,2006,97.52,1735.44
wheat,Madhya Pradesh,Datia,2007,88.5,1715.25
wheat,Madhya Pradesh,Datia,2008,117.6,1950.68
wheat,Madhya Pradesh,Datia,2009,123.9,2347.05
wheat,Madhya Pradesh,Datia,2010,130.3,1996.93
wheat,Madhya Pradesh,Datia,2011,123.9,2793.38
wheat,Madhya Pradesh,Datia,2012,136.96,2982.91
wheat,Madhya Pradesh,Datia,2013,136.12,2999.78
wheat,Madhya Pradesh,Datia,2014,166.0,2632.53
wheat,Madhya Pradesh,Datia,2015,179.0,2966.48
wheat,Madhya Pradesh,Datia,2016,146.0,3383.56
wheat,Madhya Pradesh,Datia,2017,120.8,3302.98
wheat,Madhya Pradesh,Morena,2000,119.4,2774.71
wheat,Madhya Pradesh,Morena,2001,106.3,2561.62
wheat,Madhya Pradesh,Morena,2002,83.8,2132.46
wheat,Madhya Pradesh,Morena,2003,111.1,2878.49
wheat,Madhya Pradesh,Morena,2004,102.71,2784.64
wheat,Madhya Pradesh,Morena,2005,102.7,2952.19
wheat,Madhya Pradesh,Morena,2006,113.63,2704.83
wheat,Madhya Pradesh,Morena,2007,120.7,2097.76
wheat,Madhya Pradesh,Morena,2008,120.6,2314.26
wheat,Madhya Pradesh,Morena,2009,128.6,2517.88
wheat,Madhya Pradesh,Morena,2010,165.7,2385.64
wheat,Madhya Pradesh,Morena,2011,155.3,2665.16
wheat,Madhya Pradesh,Morena,2012,181.39,4061.14
wheat,Madhya Pradesh,Morena,2013,191.33,3706.11
wheat,Madhya Pradesh,Morena,2014,207.0,3285.02
wheat,Madhya Pradesh,Morena,2015,181.0,4276.24
wheat,Madhya Pradesh,Morena,2016,202.0,3995.05
wheat,Madhya Pradesh,Morena,2017,183.0,4113.61
wheat,Madhya Pradesh,Bhind,2000,76.3,1289.65
wheat,Madhya Pradesh,Bhind,2001,81.3,2249.69
wheat,Madhya Pradesh,Bhind,2002,68.8,1716.57
wheat,Madhya Pradesh,Bhind,2003,76.2,1981.63
wheat,Madhya Pradesh,Bhind,2004,70.68,1886.25
wheat,Madhya Pradesh,Bhind,2005,71.71,1978.8
wheat,Madhya Pradesh,Bhind,2006,72.28,1845.88
wheat,Madhya Pradesh,Bhind,2007,73.9,1387.01
wheat,Madhya Pradesh,Bhind,2008,84.1,2115.34
wheat,Madhya Pradesh,Bhind,2009,84.6,2531.91
wheat,Madhya Pradesh,Bhind,2010,89.9,2060.07
wheat,Madhya Pradesh,Bhind,2011,77.7,2101.67
wheat,Madhya Pradesh,Bhind,2012,94.92,3776.02
wheat,Madhya Pradesh,Bhind,2013,104.18,3553.75
wheat,Madhya Pradesh,Bhind,2014,139.0,3971.22
wheat,Madhya Pradesh,Bhind,2015,134.0,3813.43
wheat,Madhya Pradesh,Bhind,2016,145.0,4013.79
wheat,Madhya Pradesh,Bhind,2017,110.4,4222.01
wheat,Madhya Pradesh,Indore,2000,50.6,1725.3
wheat,Madhya Pradesh,Indore,2001,83.9,1381.41
wheat,Madhya Pradesh,Indore,2002,66.9,1563.53
wheat,Madhya Pradesh,Indore,2003,116.1,2473.73
wheat,Madhya Pradesh,Indore,2004,117.17,2601.86
wheat,Madhya Pradesh,Indore,2005,62.05,1509.59
wheat,Madhya Pradesh,Indore,2006,132.34,2513.45
wheat,Madhya Pradesh,Indore,2007,126.7,1928.18
wheat,Madhya Pradesh,Indore,2008,57.9,2321.24
wheat,Madhya Pradesh,Indore,2009,101.5,2168.47
wheat,Madhya Pradesh,Indore,2010,107.9,2514.37
wheat,Madhya Pradesh,Indore,2011,105.9,2386.21
wheat,Madhya Pradesh,Indore,2012,118.43,4921.22
wheat,Madhya Pradesh,Indore,2013,115.88,2995.43
wheat,Madhya Pradesh,Indore,2014,122.0,4016.39
wheat,Madhya Pradesh,Indore,2015,124.0,4419.35
wheat,Madhya Pradesh,Indore,2016,130.0,4307.69
wheat,Madhya Pradesh,Indore,2017,110.4,4213.04
wheat,Madhya Pradesh,Ratlam,2000,19.0,2436.84
wheat,Madhya Pradesh,Ratlam,2001,26.8,1865.67
wheat,Madhya Pradesh,Ratlam,2002,13.3,2390.98
wheat,Madhya Pradesh,Ratlam,2003,60.3,3024.88
wheat,Madhya Pradesh,Ratlam,2004,70.53,2889.69
wheat,Madhya Pradesh,Ratlam,2005,45.31,2968.0
wheat,Madhya Pradesh,Ratlam,2006,83.13,2947.91
wheat,Madhya Pradesh,Ratlam,2007,78.5,2915.92
wheat,Madhya Pradesh,Ratlam,2008,63.2,3107.59
wheat,Madhya Pradesh,Ratlam,2009,74.3,2938.09
wheat,Madhya Pradesh,Ratlam,2010,68.7,4029.11
wheat,Madhya Pradesh,Ratlam,2011,75.0,4125.33
wheat,Madhya Pradesh,Ratlam,2012,103.54,2959.63
wheat,Madhya Pradesh,Ratlam,2013,123.11,2659.25
wheat,Madhya Pradesh,Ratlam,2014,91.0,2879.12
wheat,Madhya Pradesh,Ratlam,2015,105.0,3400.0
wheat,Madhya Pradesh,Ratlam,2016,109.0,3385.32
wheat,Madhya Pradesh,Ratlam,2017,110.4,3579.98
wheat,Madhya Pradesh,Ujjain,2000,36.9,1463.41
wheat,Madhya Pradesh,Ujjain,2001,55.7,1129.26
wheat,Madhya Pradesh,Ujjain,2002,46.1,1349.24
wheat,Madhya Pradesh,Ujjain,2003,131.0,1705.34
wheat,Madhya Pradesh,Ujjain,2004,148.77,2322.98
wheat,Madhya Pradesh,Ujjain,2005,69.77,1754.91
wheat,Madhya Pradesh,Ujjain,2006,183.17,2996.4
wheat,Madhya Pradesh,Ujjain,2007,191.0,1785.86
wheat,Madhya Pradesh,Ujjain,2008,98.8,1865.38
wheat,Madhya Pradesh,Ujjain,2009,128.9,2471.68
wheat,Madhya Pradesh,Ujjain,2010,135.1,1760.18
wheat,Madhya Pradesh,Ujjain,2011,140.6,2667.14
wheat,Madhya Pradesh,Ujjain,2012,204.84,3040.96
wheat,Madhya Pradesh,Ujjain,2013,276.23,2864.93
wheat,Madhya Pradesh,Ujjain,2014,190.0,3084.21
wheat,Madhya Pradesh,Ujjain,2015,252.0,3496.03
wheat,Madhya Pradesh,Ujjain,2016,271.0,3797.05
wheat,Madhya Pradesh,Ujjain,2017,220.6,4242.02
wheat,Madhya Pradesh,Mandsaur,2000,39.4,2187.82
wheat,Madhya Pradesh,Mandsaur,2001,56.5,2615.93
wheat,Madhya Pradesh,Mandsaur,2002,22.9,1899.56
wheat,Madhya Pradesh,Mandsaur,2003,42.0,2535.71
wheat,Madhya Pradesh,Mandsaur,2004,76.91,2714.47
wheat,Madhya Pradesh,Mandsaur,2005,50.31,2306.7
wheat,Madhya Pradesh,Mandsaur,2006,110.74,2531.61
wheat,Madhya Pradesh,Mandsaur,2007,89.0,2137.08
wheat,Madhya Pradesh,Mandsaur,2008,82.2,2451.34
wheat,Madhya Pradesh,Mandsaur,2009,92.9,2354.14
wheat,Madhya Pradesh,Mandsaur,2010,95.9,2239.83
wheat,Madhya Pradesh,Mandsaur,2011,110.1,3004.54
wheat,Madhya Pradesh,Mandsaur,2012,129.07,4042.53
wheat,Madhya Pradesh,Mandsaur,2013,167.33,4036.99
wheat,Madhya Pradesh,Mandsaur,2014,153.0,3699.35
wheat,Madhya Pradesh,Mandsaur,2015,147.0,3571.43
wheat,Madhya Pradesh,Mandsaur,2016,147.0,3959.18
wheat,Madhya Pradesh,Mandsaur,2017,125.7,4139.86
wheat,Madhya Pradesh,Dewas,2000,43.3,1581.99
wheat,Madhya Pradesh,Dewas,2001,73.3,1994.54
wheat,Madhya Pradesh,Dewas,2002,66.4,1838.86
wheat,Madhya Pradesh,Dewas,2003,99.4,2201.21
wheat,Madhya Pradesh,Dewas,2004,102.11,2207.03
wheat,Madhya Pradesh,Dewas,2005,75.76,2054.25
wheat,Madhya Pradesh,Dewas,2006,105.15,2576.6
wheat,Madhya Pradesh,Dewas,2007,118.7,1811.29
wheat,Madhya Pradesh,Dewas,2008,101.3,2082.92
wheat,Madhya Pradesh,Dewas,2009,99.1,2501.51
wheat,Madhya Pradesh,Dewas,2010,137.3,1802.62
wheat,Madhya Pradesh,Dewas,2011,140.0,2678.57
wheat,Madhya Pradesh,Dewas,2012,169.54,3249.09
wheat,Madhya Pradesh,Dewas,2013,192.24,2299.47
wheat,Madhya Pradesh,Dewas,2014,148.0,3337.84
wheat,Madhya Pradesh,Dewas,2015,188.0,4095.74
wheat,Madhya Pradesh,Dewas,2016,176.0,3693.18
wheat,Madhya Pradesh,Dewas,2017,170.96,4100.02
wheat,Madhya Pradesh,Dhar,2000,39.6,1212.12
wheat,Madhya Pradesh,Dhar,2001,118.0,1144.92
wheat,Madhya Pradesh,Dhar,2002,81.9,1608.06
wheat,Madhya Pradesh,Dhar,2003,156.4,2242.33
wheat,Madhya Pradesh,Dhar,2004,166.85,2046.27
wheat,Madhya Pradesh,Dhar,2005,93.17,1746.27
wheat,Madhya Pradesh,Dhar,2006,188.42,2318.23
wheat,Madhya Pradesh,Dhar,2007,216.3,2311.6
wheat,Madhya Pradesh,Dhar,2008,141.2,2116.15
wheat,Madhya Pradesh,Dhar,2009,158.9,2233.48
wheat,Madhya Pradesh,Dhar,2010,193.0,2349.74
wheat,Madhya Pradesh,Dhar,2011,155.4,2442.09
wheat,Madhya Pradesh,Dhar,2012,166.59,3289.75
wheat,Madhya Pradesh,Dhar,2013,205.4,2500.54
wheat,Madhya Pradesh,Dhar,2014,189.0,3941.8
wheat,Madhya Pradesh,Dhar,2015,210.0,3004.76
wheat,Madhya Pradesh,Dhar,2016,225.0,3337.78
wheat,Madhya Pradesh,Dhar,2017,198.87,3482.98
wheat,Madhya Pradesh,Jhabua,2000,1.5,800.0
wheat,Madhya Pradesh,Jhabua,2001,11.0,1645.45
wheat,Madhya Pradesh,Jhabua,2002,15.8,1708.86
wheat,Madhya Pradesh,Jhabua,2003,30.3,1772.28
wheat,Madhya Pradesh,Jhabua,2004,35.18,1607.45
wheat,Madhya Pradesh,Jhabua,2005,26.76,1818.76
wheat,Madhya Pradesh,Jhabua,2006,38.62,1836.1
wheat,Madhya Pradesh,Jhabua,2007,43.2,1789.35
wheat,Madhya Pradesh,Jhabua,2008,32.8,1795.73
wheat,Madhya Pradesh,Jhabua,2009,37.6,1845.74
wheat,Madhya Pradesh,Jhabua,2010,43.1,1860.79
wheat,Madhya Pradesh,Jhabua,2011,47.3,2038.05
wheat,Madhya Pradesh,Jhabua,2012,56.63,2853.43
wheat,Madhya Pradesh,Jhabua,2013,65.04,2710.79
wheat,Madhya Pradesh,Jhabua,2014,74.0,3040.54
wheat,Madhya Pradesh,Jhabua,2015,57.0,3070.18
wheat,Madhya Pradesh,Jhabua,2016,70.0,3042.86
wheat,Madhya Pradesh,Jhabua,2017,85.0,2779.65
wheat,Madhya Pradesh,Khargone / West Nimar,2000,33.3,1864.86
wheat,Madhya Pradesh,Khargone / West Nimar,2001,47.5,2223.16
wheat,Madhya Pradesh,Khargone / West Nimar,2002,67.8,2435.1
wheat,Madhya Pradesh,Khargone / West Nimar,2003,82.2,2559.61
wheat,Madhya Pradesh,Khargone / West Nimar,2004,83.27,2124.05
wheat,Madhya Pradesh,Khargone / West Nimar,2005,56.95,1802.28
wheat,Madhya Pradesh,Khargone / West Nimar,2006,95.26,2316.29
wheat,Madhya Pradesh,Khargone / West Nimar,2007,104.5,2236.36
wheat,Madhya Pradesh,Khargone / West Nimar,2008,67.7,2372.23
wheat,Madhya Pradesh,Khargone / West Nimar,2009,114.7,2388.84
wheat,Madhya Pradesh,Khargone / West Nimar,2010,130.1,2764.8
wheat,Madhya Pradesh,Khargone / West Nimar,2011,118.7,3832.35
wheat,Madhya Pradesh,Khargone / West Nimar,2012,136.79,2893.41
wheat,Madhya Pradesh,Khargone / West Nimar,2013,173.05,2578.97
wheat,Madhya Pradesh,Khargone / West Nimar,2014,251.0,3179.28
wheat,Madhya Pradesh,Khargone / West Nimar,2015,187.0,3342.25
wheat,Madhya Pradesh,Khargone / West Nimar,2016,194.0,4015.46
wheat,Madhya Pradesh,Khargone / West Nimar,2017,185.6,3738.31
wheat,Madhya Pradesh,Khandwa / East Nimar,2000,24.1,1373.44
wheat,Madhya Pradesh,Khandwa / East Nimar,2001,44.5,1593.26
wheat,Madhya Pradesh,Khandwa / East Nimar,2002,57.4,1682.93
wheat,Madhya Pradesh,Khandwa / East Nimar,2003,62.8,1681.53
wheat,Madhya Pradesh,Khandwa / East Nimar,2004,65.68,1373.17
wheat,Madhya Pradesh,Khandwa / East Nimar,2005,63.3,1734.44
wheat,Madhya Pradesh,Khandwa / East Nimar,2006,69.45,1822.61
wheat,Madhya Pradesh,Khandwa / East Nimar,2007,75.3,1697.21
wheat,Madhya Pradesh,Khandwa / East Nimar,2008,75.9,1789.2
wheat,Madhya Pradesh,Khandwa / East Nimar,2009,82.8,1684.78
wheat,Madhya Pradesh,Khandwa / East Nimar,2010,93.2,1927.04
wheat,Madhya Pradesh,Khandwa / East Nimar,2011,97.3,2495.38
wheat,Madhya Pradesh,Khandwa / East Nimar,2012,116.57,3386.89
wheat,Madhya Pradesh,Khandwa / East Nimar,2013,128.37,2203.47
wheat,Madhya Pradesh,Khandwa / East Nimar,2014,62.0,3016.13
wheat,Madhya Pradesh,Khandwa / East Nimar,2015,129.0,2387.6
wheat,Madhya Pradesh,Khandwa / East Nimar,2016,144.0,3888.89
wheat,Madhya Pradesh,Khandwa / East Nimar,2017,163.5,3717.0
wheat,Madhya Pradesh,Sehore,2000,137.0,1889.05
wheat,Madhya Pradesh,Sehore,2001,204.1,1871.14
wheat,Madhya Pradesh,Sehore,2002,191.2,1682.53
wheat,Madhya Pradesh,Sehore,2003,222.8,2042.19
wheat,Madhya Pradesh,Sehore,2004,237.83,2103.56
wheat,Madhya Pradesh,Sehore,2005,214.78,1840.21
wheat,Madhya Pradesh,Sehore,2006,232.35,2112.93
wheat,Madhya Pradesh,Sehore,2007,233.6,1323.2
wheat,Madhya Pradesh,Sehore,2008,220.5,1603.63
wheat,Madhya Pradesh,Sehore,2009,264.1,2075.73
wheat,Madhya Pradesh,Sehore,2010,279.5,1626.83
wheat,Madhya Pradesh,Sehore,2011,304.2,3191.98
wheat,Madhya Pradesh,Sehore,2012,319.81,2350.61
wheat,Madhya Pradesh,Sehore,2013,330.36,2606.73
wheat,Madhya Pradesh,Sehore,2014,326.0,3312.88
wheat,Madhya Pradesh,Sehore,2015,330.0,3478.79
wheat,Madhya Pradesh,Sehore,2016,337.0,3406.53
wheat,Madhya Pradesh,Sehore,2017,278.4,3351.11
wheat,Madhya Pradesh,Raisen,2000,172.3,1300.64
wheat,Madhya Pradesh,Raisen,2001,171.0,1420.47
wheat,Madhya Pradesh,Raisen,2002,173.1,1567.88
wheat,Madhya Pradesh,Raisen,2003,177.5,1561.13
wheat,Madhya Pradesh,Raisen,2004,178.74,1562.49
wheat,Madhya Pradesh,Raisen,2005,178.04,1710.46
wheat,Madhya Pradesh,Raisen,2006,178.36,1745.4
wheat,Madhya Pradesh,Raisen,2007,167.9,1214.41
wheat,Madhya Pradesh,Raisen,2008,168.4,1584.92
wheat,Madhya Pradesh,Raisen,2009,185.3,2031.84
wheat,Madhya Pradesh,Raisen,2010,182.3,1527.15
wheat,Madhya Pradesh,Raisen,2011,214.7,2897.07
wheat,Madhya Pradesh,Raisen,2012,232.57,3390.59
wheat,Madhya Pradesh,Raisen,2013,241.87,2137.93
wheat,Madhya Pradesh,Raisen,2014,270.0,3396.3
wheat,Madhya Pradesh,Raisen,2015,244.0,3155.74
wheat,Madhya Pradesh,Raisen,2016,236.0,3266.95
wheat,Madhya Pradesh,Raisen,2017,197.6,3277.99
wheat,Madhya Pradesh,Vidisha,2000,208.4,1358.93
wheat,Madhya Pradesh,Vidisha,2001,201.8,1400.89
wheat,Madhya Pradesh,Vidisha,2002,233.0,1324.89
wheat,Madhya Pradesh,Vidisha,2003,211.6,1573.25
wheat,Madhya Pradesh,Vidisha,2004,214.48,1562.94
wheat,Madhya Pradesh,Vidisha,2005,206.57,1514.16
wheat,Madhya Pradesh,Vidisha,2006,213.5,1666.46
wheat,Madhya Pradesh,Vidisha,2007,179.9,1125.07
wheat,Madhya Pradesh,Vidisha,2008,172.7,1503.18
wheat,Madhya Pradesh,Vidisha,2009,198.1,1869.76
wheat,Madhya Pradesh,Vidisha,2010,206.9,1651.04
wheat,Madhya Pradesh,Vidisha,2011,206.2,1950.05
wheat,Madhya Pradesh,Vidisha,2012,254.41,1754.1
wheat,Madhya Pradesh,Vidisha,2013,261.28,2084.85
wheat,Madhya Pradesh,Vidisha,2014,284.0,2728.87
wheat,Madhya Pradesh,Vidisha,2015,306.0,2385.62
wheat,Madhya Pradesh,Vidisha,2016,281.0,2960.85
wheat,Madhya Pradesh,Vidisha,2017,263.0,3900.0
wheat,Madhya Pradesh,Betul,2000,38.7,1268.73
wheat,Madhya Pradesh,Betul,2001,84.1,1409.04
wheat,Madhya Pradesh,Betul,2002,84.0,1148.81
wheat,Madhya Pradesh,Betul,2003,87.7,1427.59
wheat,Madhya Pradesh,Betul,2004,91.14,1413.21
wheat,Madhya Pradesh,Betul,2005,85.05,1564.37
wheat,Madhya Pradesh,Betul,2006,93.81,1545.89
wheat,Madhya Pradesh,Betul,2007,99.1,1547.93
wheat,Madhya Pradesh,Betul,2008,105.4,1593.93
wheat,Madhya Pradesh,Betul,2009,131.3,3099.77
wheat,Madhya Pradesh,Betul,2010,116.1,1182.6
wheat,Madhya Pradesh,Betul,2011,96.4,2914.94
wheat,Madhya Pradesh,Betul,2012,117.62,2239.16
wheat,Madhya Pradesh,Betul,2013,122.8,1889.25
wheat,Madhya Pradesh,Betul,2014,178.0,2466.29
wheat,Madhya Pradesh,Betul,2015,158.0,2474.68
wheat,Madhya Pradesh,Betul,2016,128.0,2648.44
wheat,Madhya Pradesh,Betul,2017,104.4,2661.97
wheat,Madhya Pradesh,Rajgarh,2000,31.6,1287.97
wheat,Madhya Pradesh,Rajgarh,2001,39.7,1395.47
wheat,Madhya Pradesh,Rajgarh,2002,18.6,1241.94
wheat,Madhya Pradesh,Rajgarh,2003,57.0,1801.75
wheat,Madhya Pradesh,Rajgarh,2004,65.31,1571.12
wheat,Madhya Pradesh,Rajgarh,2005,42.98,1379.94
wheat,Madhya Pradesh,Rajgarh,2006,69.8,1693.55
wheat,Madhya Pradesh,Rajgarh,2007,72.3,1434.3
wheat,Madhya Pradesh,Rajgarh,2008,56.1,1529.41
wheat,Madhya Pradesh,Rajgarh,2009,77.7,1870.01
wheat,Madhya Pradesh,Rajgarh,2010,94.1,1492.03
wheat,Madhya Pradesh,Rajgarh,2011,127.4,2215.07
wheat,Madhya Pradesh,Rajgarh,2012,165.11,2801.71
wheat,Madhya Pradesh,Rajgarh,2013,194.1,2321.79
wheat,Madhya Pradesh,Rajgarh,2014,161.0,3161.49
wheat,Madhya Pradesh,Rajgarh,2015,135.0,2540.74
wheat,Madhya Pradesh,Rajgarh,2016,161.0,3546.58
wheat,Madhya Pradesh,Rajgarh,2017,152.0,3485.0
wheat,Madhya Pradesh,Shajapur,2000,27.6,1822.46
wheat,Madhya Pradesh,Shajapur,2001,42.8,1614.49
wheat,Madhya Pradesh,Shajapur,2002,37.1,1512.13
wheat,Madhya Pradesh,Shajapur,2003,77.5,1913.55
wheat,Madhya Pradesh,Shajapur,2004,85.38,2111.03
wheat,Madhya Pradesh,Shajapur,2005,52.03,1788.01
wheat,Madhya Pradesh,Shajapur,2006,86.54,2274.09
wheat,Madhya Pradesh,Shajapur,2007,87.5,1884.57
wheat,Madhya Pradesh,Shajapur,2008,66.0,2042.42
wheat,Madhya Pradesh,Shajapur,2009,83.9,2638.86
wheat,Madhya Pradesh,Shajapur,2010,90.8,2005.51
wheat,Madhya Pradesh,Shajapur,2011,99.0,3007.07
wheat,Madhya Pradesh,Shajapur,2012,126.24,2064.96
wheat,Madhya Pradesh,Shajapur,2013,166.8,2259.17
wheat,Madhya Pradesh,Shajapur,2014,118.0,3067.8
wheat,Madhya Pradesh,Shajapur,2015,171.0,3228.07
wheat,Madhya Pradesh,Shajapur,2016,186.0,3419.35
wheat,Madhya Pradesh,Shajapur,2017,125.8,3748.81
wheat,Madhya Pradesh,Hoshangabad,2000,236.0,2303.39
wheat,Madhya Pradesh,Hoshangabad,2001,249.5,2494.19
wheat,Madhya Pradesh,Hoshangabad,2002,254.4,2167.85
wheat,Madhya Pradesh,Hoshangabad,2003,270.3,2290.42
wheat,Madhya Pradesh,Hoshangabad,2004,303.1,2270.9
wheat,Madhya Pradesh,Hoshangabad,2005,317.73,2219.53
wheat,Madhya Pradesh,Hoshangabad,2006,325.01,2518.94
wheat,Madhya Pradesh,Hoshangabad,2007,343.4,3235.88
wheat,Madhya Pradesh,Hoshangabad,2008,336.0,2907.74
wheat,Madhya Pradesh,Hoshangabad,2009,349.2,2524.91
wheat,Madhya Pradesh,Hoshangabad,2010,383.8,3686.03
wheat,Madhya Pradesh,Hoshangabad,2011,392.0,4528.83
wheat,Madhya Pradesh,Hoshangabad,2012,408.29,3909.45
wheat,Madhya Pradesh,Hoshangabad,2013,408.58,3181.63
wheat,Madhya Pradesh,Hoshangabad,2014,395.0,4473.42
wheat,Madhya Pradesh,Hoshangabad,2015,432.0,4087.96
wheat,Madhya Pradesh,Hoshangabad,2016,401.0,4431.42
wheat,Madhya Pradesh,Hoshangabad,2017,349.5,4197.94
wheat,Andhra Pradesh,Kurnool,2000,0.85,564.71
wheat,Andhra Pradesh,Kurnool,2001,1.26,697.91
wheat,Andhra Pradesh,Kurnool,2002,1.0,1000.0
wheat,Andhra Pradesh,Kurnool,2003,0.69,304.35
wheat,Andhra Pradesh,Kurnool,2005,0.71,591.55
wheat,Andhra Pradesh,Kurnool,2006,0.67,268.66
wheat,Andhra Pradesh,Kurnool,2007,0.58,344.83
wheat,Andhra Pradesh,Kurnool,2008,0.75,546.67
wheat,Andhra Pradesh,Kurnool,2009,0.55,454.55
wheat,Andhra Pradesh,Kurnool,2010,0.56,1446.43
wheat,Andhra Pradesh,Ananthapur,2000,0.52,576.92
wheat,Telangana,Hyderabad,2000,2.16,680.56
wheat,Telangana,Hyderabad,2001,2.15,693.02
wheat,Telangana,Hyderabad,2002,2.0,1000.0
wheat,Telangana,Hyderabad,2003,1.7,652.94
wheat,Telangana,Hyderabad,2004,1.42,535.21
wheat,Telangana,Hyderabad,2005,1.41,609.93
wheat,Telangana,Hyderabad,2006,1.26,595.24
wheat,Telangana,Hyderabad,2007,1.17,658.12
wheat,Telangana,Hyderabad,2008,1.04,634.62
wheat,Telangana,Hyderabad,2009,0.99,858.59
wheat,Telangana,Hyderabad,2010,0.79,1303.8
wheat,Telangana,Hyderabad,2011,0.68,1323.53
wheat,Telangana,Hyderabad,2012,0.62,1129.03
wheat,Telangana,Hyderabad,2013,0.57,631.58
wheat,Telangana,Nizamabad,2000,2.61,570.88
wheat,Telangana,Nizamabad,2001,2.01,606.97
wheat,Telangana,Nizamabad,2002,2.0,1000.0
wheat,Telangana,Nizamabad,2003,1.39,460.43
wheat,Telangana,Nizamabad,2004,1.26,698.41
wheat,Telangana,Nizamabad,2005,1.95,820.51
wheat,Telangana,Nizamabad,2006,1.55,1122.58
wheat,Telangana,Nizamabad,2007,1.75,1251.43
wheat,Telangana,Nizamabad,2008,1.3,1369.23
wheat,Telangana,Nizamabad,2009,1.68,1089.29
wheat,Telangana,Nizamabad,2010,1.67,1305.39
wheat,Telangana,Nizamabad,2011,1.42,1323.94
wheat,Telangana,Nizamabad,2012,1.27,1464.57
wheat,Telangana,Nizamabad,2013,1.17,1461.54
wheat,Telangana,Nizamabad,2014,1.2,1641.67
wheat,Telangana,Nizamabad,2015,0.81,2333.33
wheat,Telangana,Nizamabad,2016,0.75,905.96
wheat,Telangana,Nizamabad,2017,0.54,1828.36
wheat,Telangana,Medak,2000,3.83,569.19
wheat,Telangana,Medak,2001,3.89,526.99
wheat,Telangana,Medak,2002,3.0,1333.33
wheat,Telangana,Medak,2003,3.42,614.04
wheat,Telangana,Medak,2004,2.4,725.0
wheat,Telangana,Medak,2005,2.44,1717.21
wheat,Telangana,Medak,2006,2.93,1160.41
wheat,Telangana,Medak,2007,3.34,1032.93
wheat,Telangana,Medak,2008,3.08,1256.49
wheat,Telangana,Medak,2009,2.95,871.19
wheat,Telangana,Medak,2010,2.76,1300.72
wheat,Telangana,Medak,2011,2.54,1342.52
wheat,Telangana,Medak,2012,2.44,930.33
wheat,Telangana,Medak,2013,2.12,806.6
wheat,Telangana,Medak,2014,1.25,744.0
wheat,Telangana,Medak,2015,1.21,752.07
wheat,Telangana,Medak,2016,1.1,1106.05
wheat,Telangana,Medak,2017,0.72,1133.22
wheat,Telangana,Adilabad,2000,3.68,502.72
wheat,Telangana,Adilabad,2001,3.72,895.16
wheat,Telangana,Adilabad,2002,3.0,1333.33
wheat,Telangana,Adilabad,2003,3.84,598.96
wheat,Telangana,Adilabad,2004,2.9,289.66
wheat,Telangana,Adilabad,2005,3.92,341.84
wheat,Telangana,Adilabad,2006,3.22,779.5
wheat,Telangana,Adilabad,2007,0.93,1021.51
wheat,Telangana,Adilabad,2008,7.18,1162.95
wheat,Telangana,Adilabad,2009,3.39,1348.08
wheat,Telangana,Adilabad,2010,4.05,1283.95
wheat,Telangana,Adilabad,2011,3.28,1320.12
wheat,Telangana,Adilabad,2012,3.59,1128.13
wheat,Telangana,Adilabad,2013,3.17,1261.83
wheat,Telangana,Adilabad,2014,3.0,1186.67
wheat,Telangana,Adilabad,2015,2.73,4882.78
wheat,Telangana,Adilabad,2016,3.34,1570.74
wheat,Telangana,Adilabad,2017,2.76,1370.16
wheat,Karnataka,Kolar,2008,2.36,1008.47
wheat,Karnataka,Tumkur,2008,1.86,1000.0
wheat,Karnataka,Mysore,2008,4.2,642.86
wheat,Karnataka,Hassan,2008,5.83,1716.98
wheat,Karnataka,Chickmagalur,2008,11.29,2105.4
wheat,Karnataka,Chitradurga,2000,1.9,1052.63
wheat,Karnataka,Chitradurga,2001,2.42,1066.12
wheat,Karnataka,Chitradurga,2002,1.75,805.71
wheat,Karnataka,Chitradurga,2003,1.59,685.53
wheat,Karnataka,Chitradurga,2004,0.98,1336.73
wheat,Karnataka,Chitradurga,2005,1.26,1301.59
wheat,Karnataka,Chitradurga,2006,1.4,1021.43
wheat,Karnataka,Chitradurga,2007,0.7,1185.71
wheat,Karnataka,Chitradurga,2008,4.36,481.65
wheat,Karnataka,Chitradurga,2009,1.38,1188.41
wheat,Karnataka,Chitradurga,2010,2.3,1482.61
wheat,Karnataka,Chitradurga,2011,1.53,1104.58
wheat,Karnataka,Chitradurga,2012,0.52,1307.69
wheat,Karnataka,Chitradurga,2014,0.64,1734.37
wheat,Karnataka,Chitradurga,2015,0.52,1211.54
wheat,Karnataka,Bellary,2000,2.7,1111.11
wheat,Karnataka,Bellary,2001,2.2,1031.82
wheat,Karnataka,Bellary,2002,1.08,777.78
wheat,Karnataka,Bellary,2003,0.99,717.17
wheat,Karnataka,Bellary,2004,0.85,905.88
wheat,Karnataka,Bellary,2005,1.23,1089.43
wheat,Karnataka,Bellary,2006,0.89,898.88
wheat,Karnataka,Bellary,2007,1.16,1060.34
wheat,Karnataka,Bellary,2009,1.17,897.44
wheat,Karnataka,Bellary,2010,1.02,1735.29
wheat,Karnataka,Bellary,2011,0.65,1000.0
wheat,Karnataka,Bellary,2012,0.58,689.66
wheat,Karnataka,Bellary,2017,0.58,1317.87
wheat,Karnataka,Dharwad,2000,73.7,637.72
wheat,Karnataka,Dharwad,2001,75.46,349.72
wheat,Karnataka,Dharwad,2002,73.55,248.54
wheat,Karnataka,Dharwad,2003,91.66,257.58
wheat,Karnataka,Dharwad,2004,76.63,605.77
wheat,Karnataka,Dharwad,2005,75.99,743.26
wheat,Karnataka,Dharwad,2006,76.36,584.73
wheat,Karnataka,Dharwad,2007,79.52,737.68
wheat,Karnataka,Dharwad,2008,56.2,704.27
wheat,Karnataka,Dharwad,2009,71.91,661.8
wheat,Karnataka,Dharwad,2010,69.42,981.99
wheat,Karnataka,Dharwad,2011,75.81,689.75
wheat,Karnataka,Dharwad,2012,75.78,553.84
wheat,Karnataka,Dharwad,2013,64.95,869.44
wheat,Karnataka,Dharwad,2014,46.38,1169.69
wheat,Karnataka,Dharwad,2015,49.86,539.11
wheat,Karnataka,Dharwad,2016,44.02,356.17
wheat,Karnataka,Dharwad,2017,54.57,649.01
wheat,Karnataka,Belgaum,2000,56.8,1285.21
wheat,Karnataka,Belgaum,2001,45.65,1089.81
wheat,Karnataka,Belgaum,2002,52.3,728.68
wheat,Karnataka,Belgaum,2003,51.45,622.16
wheat,Karnataka,Belgaum,2004,56.81,1040.49
wheat,Karnataka,Belgaum,2005,63.04,1041.08
wheat,Karnataka,Belgaum,2006,72.37,1242.64
wheat,Karnataka,Belgaum,2007,62.96,1240.95
wheat,Karnataka,Belgaum,2008,32.71,1199.33
wheat,Karnataka,Belgaum,2009,57.14,1032.55
wheat,Karnataka,Belgaum,2010,54.24,1252.03
wheat,Karnataka,Belgaum,2011,44.01,998.64
wheat,Karnataka,Belgaum,2012,47.29,900.61
wheat,Karnataka,Belgaum,2013,39.36,950.97
wheat,Karnataka,Belgaum,2014,46.81,1582.78
wheat,Karnataka,Belgaum,2015,32.91,904.28
wheat,Karnataka,Belgaum,2016,50.77,1370.84
wheat,Karnataka,Belgaum,2017,46.35,1514.29
wheat,Karnataka,Bijapur / Vijayapura,2000,75.2,1130.32
wheat,Karnataka,Bijapur / Vijayapura,2001,83.26,1062.09
wheat,Karnataka,Bijapur / Vijayapura,2002,73.49,959.31
wheat,Karnataka,Bijapur / Vijayapura,2003,49.73,726.52
wheat,Karnataka,Bijapur / Vijayapura,2004,70.32,1102.1
wheat,Karnataka,Bijapur / Vijayapura,2005,72.94,1056.62
wheat,Karnataka,Bijapur / Vijayapura,2006,84.19,782.52
wheat,Karnataka,Bijapur / Vijayapura,2007,94.36,1159.5
wheat,Karnataka,Bijapur / Vijayapura,2009,107.8,1053.06
wheat,Karnataka,Bijapur / Vijayapura,2010,88.66,1044.89
wheat,Karnataka,Bijapur / Vijayapura,2011,71.63,789.19
wheat,Karnataka,Bijapur / Vijayapura,2012,72.99,863.68
wheat,Karnataka,Bijapur / Vijayapura,2013,75.41,1006.37
wheat,Karnataka,Bijapur / Vijayapura,2014,76.95,1186.22
wheat,Karnataka,Bijapur / Vijayapura,2015,73.96,764.74
wheat,Karnataka,Bijapur / Vijayapura,2016,56.13,1065.77
wheat,Karnataka,Bijapur / Vijayapura,2017,68.7,1150.69
wheat,Karnataka,Bidar,2000,9.5,947.37
wheat,Karnataka,Bidar,2001,10.1,810.89
wheat,Karnataka,Bidar,2002,8.84,676.47
wheat,Karnataka,Bidar,2003,7.89,585.55
wheat,Karnataka,Bidar,2004,7.37,617.37
wheat,Karnataka,Bidar,2005,7.75,607.74
wheat,Karnataka,Bidar,2006,7.34,741.14
wheat,Karnataka,Bidar,2007,6.89,1209.0
wheat,Karnataka,Bidar,2008,19.45,1012.85
wheat,Karnataka,Bidar,2009,6.39,1333.33
wheat,Karnataka,Bidar,2010,7.88,1197.97
wheat,Karnataka,Bidar,2011,6.91,1083.94
wheat,Karnataka,Bidar,2012,6.88,1369.19
wheat,Karnataka,Bidar,2013,6.66,1276.28
wheat,Karnataka,Bidar,2014,4.34,1241.94
wheat,Karnataka,Bidar,2015,3.84,1114.58
wheat,Karnataka,Bidar,2016,4.71,1340.48
wheat,Karnataka,Bidar,2017,4.66,1338.63
wheat,Karnataka,Raichur,2000,14.6,479.45
wheat,Karnataka,Raichur,2001,11.92,313.76
wheat,Karnataka,Raichur,2002,15.46,186.29
wheat,Karnataka,Raichur,2003,11.16,135.3
wheat,Karnataka,Raichur,2004,12.51,410.07
wheat,Karnataka,Raichur,2005,10.51,427.21
wheat,Karnataka,Raichur,2006,8.95,331.84
wheat,Karnataka,Raichur,2007,12.04,540.7
wheat,Karnataka,Raichur,2008,1.32,401.52
wheat,Karnataka,Raichur,2009,13.07,478.96
wheat,Karnataka,Raichur,2010,11.72,741.47
wheat,Karnataka,Raichur,2011,6.73,521.55
wheat,Karnataka,Raichur,2012,8.87,577.23
wheat,Karnataka,Raichur,2013,8.04,868.16
wheat,Karnataka,Raichur,2014,7.02,1246.44
wheat,Karnataka,Raichur,2015,3.18,374.21
wheat,Karnataka,Raichur,2016,2.89,348.32
wheat,Karnataka,Raichur,2017,6.93,551.9
wheat,Karnataka,Gulbarga / Kalaburagi,2000,31.9,752.35
wheat,Karnataka,Gulbarga / Kalaburagi,2001,29.46,592.67
wheat,Karnataka,Gulbarga / Kalaburagi,2002,20.39,478.67
wheat,Karnataka,Gulbarga / Kalaburagi,2003,17.52,439.5
wheat,Karnataka,Gulbarga / Kalaburagi,2004,16.52,695.52
wheat,Karnataka,Gulbarga / Kalaburagi,2005,19.88,754.53
wheat,Karnataka,Gulbarga / Kalaburagi,2006,17.99,704.28
wheat,Karnataka,Gulbarga / Kalaburagi,2007,17.94,963.21
wheat,Karnataka,Gulbarga / Kalaburagi,2009,24.57,1070.0
wheat,Karnataka,Gulbarga / Kalaburagi,2010,19.5,1385.64
wheat,Karnataka,Gulbarga / Kalaburagi,2011,18.2,1493.96
wheat,Karnataka,Gulbarga / Kalaburagi,2012,12.37,1265.97
wheat,Karnataka,Gulbarga / Kalaburagi,2013,14.03,1712.76
wheat,Karnataka,Gulbarga / Kalaburagi,2014,15.23,1634.27
wheat,Karnataka,Gulbarga / Kalaburagi,2015,9.48,1002.11
wheat,Karnataka,Gulbarga / Kalaburagi,2016,9.41,1990.86
wheat,Karnataka,Gulbarga / Kalaburagi,2017,11.07,2078.92
wheat,Karnataka,Dakshina Kannada,2008,3.92,1795.92
wheat,Karnataka,Kodagu / Coorg,2008,11.95,2080.33
wheat,Maharashtra,Nasik,2000,39.4,1129.44
wheat,Maharashtra,Nasik,2001,36.8,1328.8
wheat,Maharashtra,Nasik,2002,35.0,1414.29
wheat,Maharashtra,Nasik,2003,35.5,1163.38
wheat,Maharashtra,Nasik,2004,55.6,1462.23
wheat,Maharashtra,Nasik,2005,70.6,1651.56
wheat,Maharashtra,Nasik,2006,84.1,1637.34
wheat,Maharashtra,Nasik,2007,79.0,1886.08
wheat,Maharashtra,Nasik,2008,71.9,1611.96
wheat,Maharashtra,Nasik,2009,73.0,1615.34
wheat,Maharashtra,Nasik,2010,75.3,1908.37
wheat,Maharashtra,Nasik,2011,52.4,1958.02
wheat,Maharashtra,Nasik,2012,32.4,1641.05
wheat,Maharashtra,Nasik,2013,65.9,1698.03
wheat,Maharashtra,Nasik,2014,72.4,1535.91
wheat,Maharashtra,Nasik,2015,60.0,1351.67
wheat,Maharashtra,Nasik,2016,79.2,2242.42
wheat,Maharashtra,Nasik,2017,112.46,1988.3
wheat,Maharashtra,Dhule,2000,14.8,966.22
wheat,Maharashtra,Dhule,2001,17.7,1175.14
wheat,Maharashtra,Dhule,2002,22.0,1254.55
wheat,Maharashtra,Dhule,2003,26.7,1617.98
wheat,Maharashtra,Dhule,2004,32.9,1641.34
wheat,Maharashtra,Dhule,2005,34.2,1757.31
wheat,Maharashtra,Dhule,2006,42.2,1793.84
wheat,Maharashtra,Dhule,2007,50.8,2444.88
wheat,Maharashtra,Dhule,2008,30.7,1807.82
wheat,Maharashtra,Dhule,2009,49.9,2179.96
wheat,Maharashtra,Dhule,2010,53.0,2255.66
wheat,Maharashtra,Dhule,2011,52.3,2421.42
wheat,Maharashtra,Dhule,2012,61.5,2166.83
wheat,Maharashtra,Dhule,2013,68.7,1794.76
wheat,Maharashtra,Dhule,2014,57.9,1810.02
wheat,Maharashtra,Dhule,2015,66.5,1624.06
wheat,Maharashtra,Dhule,2016,58.8,2125.85
wheat,Maharashtra,Dhule,2017,75.66,2110.73
wheat,Maharashtra,Jalgaon,2000,22.6,1398.23
wheat,Maharashtra,Jalgaon,2001,23.8,1651.26
wheat,Maharashtra,Jalgaon,2002,27.7,1920.58
wheat,Maharashtra,Jalgaon,2003,33.0,1863.64
wheat,Maharashtra,Jalgaon,2004,38.4,2023.44
wheat,Maharashtra,Jalgaon,2005,36.2,1845.3
wheat,Maharashtra,Jalgaon,2006,50.8,2202.76
wheat,Maharashtra,Jalgaon,2007,52.6,2617.87
wheat,Maharashtra,Jalgaon,2008,31.6,2044.3
wheat,Maharashtra,Jalgaon,2009,50.9,2160.71
wheat,Maharashtra,Jalgaon,2010,66.0,2493.79
wheat,Maharashtra,Jalgaon,2011,25.9,2325.48
wheat,Maharashtra,Jalgaon,2012,25.3,2093.68
wheat,Maharashtra,Jalgaon,2013,25.3,2561.27
wheat,Maharashtra,Jalgaon,2014,49.6,1635.08
wheat,Maharashtra,Jalgaon,2015,42.3,1501.18
wheat,Maharashtra,Jalgaon,2016,52.7,2013.28
wheat,Maharashtra,Jalgaon,2017,51.01,1907.32
wheat,Maharashtra,Ahmednagar,2000,94.7,1434.0
wheat,Maharashtra,Ahmednagar,2001,93.8,1666.31
wheat,Maharashtra,Ahmednagar,2002,70.4,1257.1
wheat,Maharashtra,Ahmednagar,2003,39.2,1007.65
wheat,Maharashtra,Ahmednagar,2004,89.3,1731.24
wheat,Maharashtra,Ahmednagar,2005,103.1,1491.76
wheat,Maharashtra,Ahmednagar,2006,153.9,1612.09
wheat,Maharashtra,Ahmednagar,2007,130.9,2071.05
wheat,Maharashtra,Ahmednagar,2008,138.2,1586.11
wheat,Maharashtra,Ahmednagar,2009,129.5,1667.88
wheat,Maharashtra,Ahmednagar,2010,133.7,1861.71
wheat,Maharashtra,Ahmednagar,2011,48.1,1843.87
wheat,Maharashtra,Ahmednagar,2012,38.9,1184.83
wheat,Maharashtra,Ahmednagar,2013,51.9,1940.27
wheat,Maharashtra,Ahmednagar,2014,57.2,1486.01
wheat,Maharashtra,Ahmednagar,2015,41.1,1218.98
wheat,Maharashtra,Ahmednagar,2016,60.0,2120.0
wheat,Maharashtra,Ahmednagar,2017,79.8,2224.31
wheat,Maharashtra,Pune,2000,55.5,1027.03
wheat,Maharashtra,Pune,2001,59.5,1700.84
wheat,Maharashtra,Pune,2002,64.7,1265.84
wheat,Maharashtra,Pune,2003,38.8,1224.23
wheat,Maharashtra,Pune,2004,52.5,1655.24
wheat,Maharashtra,Pune,2005,61.3,1841.76
wheat,Maharashtra,Pune,2006,72.9,1812.07
wheat,Maharashtra,Pune,2007,73.4,2111.72
wheat,Maharashtra,Pune,2008,60.9,1844.01
wheat,Maharashtra,Pune,2009,59.6,1540.44
wheat,Maharashtra,Pune,2010,60.0,1932.17
wheat,Maharashtra,Pune,2011,55.3,1908.86
wheat,Maharashtra,Pune,2012,53.0,1770.19
wheat,Maharashtra,Pune,2013,64.3,2020.22
wheat,Maharashtra,Pune,2014,71.8,1508.36
wheat,Maharashtra,Pune,2015,62.0,2090.32
wheat,Maharashtra,Pune,2016,68.9,2397.68
wheat,Maharashtra,Pune,2017,72.4,2447.51
wheat,Maharashtra,Satara,2000,32.9,1568.39
wheat,Maharashtra,Satara,2001,35.7,1817.93
wheat,Maharashtra,Satara,2002,35.3,1379.6
wheat,Maharashtra,Satara,2003,23.6,1444.92
wheat,Maharashtra,Satara,2004,38.1,1792.65
wheat,Maharashtra,Satara,2005,39.2,1875.0
wheat,Maharashtra,Satara,2006,43.1,1812.06
wheat,Maharashtra,Satara,2007,43.3,2170.9
wheat,Maharashtra,Satara,2008,40.2,1718.91
wheat,Maharashtra,Satara,2009,42.0,1643.1
wheat,Maharashtra,Satara,2010,43.7,1978.95
wheat,Maharashtra,Satara,2011,36.6,1853.01
wheat,Maharashtra,Satara,2012,35.0,1672.57
wheat,Maharashtra,Satara,2013,33.8,1840.24
wheat,Maharashtra,Satara,2014,38.3,1603.13
wheat,Maharashtra,Satara,2015,29.7,1649.83
wheat,Maharashtra,Satara,2016,35.6,2000.0
wheat,Maharashtra,Satara,2017,37.2,2018.82
wheat,Maharashtra,Sangli,2000,26.3,1699.62
wheat,Maharashtra,Sangli,2001,28.9,1730.1
wheat,Maharashtra,Sangli,2002,22.4,1272.32
wheat,Maharashtra,Sangli,2003,12.6,1611.11
wheat,Maharashtra,Sangli,2004,29.4,1707.48
wheat,Maharashtra,Sangli,2005,26.0,1603.85
wheat,Maharashtra,Sangli,2006,29.6,1611.49
wheat,Maharashtra,Sangli,2007,29.8,1959.73
wheat,Maharashtra,Sangli,2008,24.6,1841.46
wheat,Maharashtra,Sangli,2009,34.3,1675.51
wheat,Maharashtra,Sangli,2010,39.3,1855.73
wheat,Maharashtra,Sangli,2011,20.0,1701.5
wheat,Maharashtra,Sangli,2012,20.1,1814.93
wheat,Maharashtra,Sangli,2013,26.2,1965.65
wheat,Maharashtra,Sangli,2014,32.5,2181.54
wheat,Maharashtra,Sangli,2015,19.2,1687.5
wheat,Maharashtra,Sangli,2016,25.6,2484.37
wheat,Maharashtra,Sangli,2017,25.1,1984.06
wheat,Maharashtra,Solapur,2000,50.9,1100.2
wheat,Maharashtra,Solapur,2001,53.7,1167.6
wheat,Maharashtra,Solapur,2002,48.4,1276.86
wheat,Maharashtra,Solapur,2003,30.8,431.82
wheat,Maharashtra,Solapur,2004,50.1,1121.76
wheat,Maharashtra,Solapur,2005,58.9,1174.87
wheat,Maharashtra,Solapur,2006,69.4,1237.75
wheat,Maharashtra,Solapur,2007,75.0,1470.67
wheat,Maharashtra,Solapur,2008,62.6,1338.66
wheat,Maharashtra,Solapur,2009,80.4,1318.03
wheat,Maharashtra,Solapur,2010,87.8,1400.23
wheat,Maharashtra,Solapur,2011,29.3,1190.78
wheat,Maharashtra,Solapur,2012,28.8,757.29
wheat,Maharashtra,Solapur,2013,35.7,1002.8
wheat,Maharashtra,Solapur,2014,42.2,1293.84
wheat,Maharashtra,Solapur,2015,41.3,697.34
wheat,Maharashtra,Solapur,2016,58.1,1338.73
wheat,Maharashtra,Solapur,2017,68.7,1191.12
wheat,Maharashtra,Kolhapur,2000,8.4,1785.71
wheat,Maharashtra,Kolhapur,2001,8.5,1952.94
wheat,Maharashtra,Kolhapur,2002,8.5,1788.24
wheat,Maharashtra,Kolhapur,2003,8.6,2023.26
wheat,Maharashtra,Kolhapur,2004,9.2,2108.7
wheat,Maharashtra,Kolhapur,2005,9.9,2030.3
wheat,Maharashtra,Kolhapur,2006,9.3,2086.02
wheat,Maharashtra,Kolhapur,2007,10.5,2390.48
wheat,Maharashtra,Kolhapur,2008,9.6,2479.17
wheat,Maharashtra,Kolhapur,2009,7.9,2277.22
wheat,Maharashtra,Kolhapur,2010,8.6,2655.81
wheat,Maharashtra,Kolhapur,2011,8.5,2482.35
wheat,Maharashtra,Kolhapur,2012,9.1,2193.41
wheat,Maharashtra,Kolhapur,2013,16.6,2512.05
wheat,Maharashtra,Kolhapur,2014,6.8,2220.59
wheat,Maharashtra,Kolhapur,2015,2.0,2250.0
wheat,Maharashtra,Kolhapur,2016,4.3,2255.81
wheat,Maharashtra,Kolhapur,2017,2.8,2321.43
wheat,Maharashtra,Aurangabad,2000,48.1,1858.63
wheat,Maharashtra,Aurangabad,2001,57.9,1321.24
wheat,Maharashtra,Aurangabad,2002,61.0,1385.25
wheat,Maharashtra,Aurangabad,2003,49.6,1292.34
wheat,Maharashtra,Aurangabad,2004,55.9,1334.53
wheat,Maharashtra,Aurangabad,2005,64.8,1570.99
wheat,Maharashtra,Aurangabad,2006,94.8,1863.92
wheat,Maharashtra,Aurangabad,2007,73.3,2092.77
wheat,Maharashtra,Aurangabad,2008,62.4,1729.17
wheat,Maharashtra,Aurangabad,2009,67.7,1892.32
wheat,Maharashtra,Aurangabad,2010,106.2,1977.21
wheat,Maharashtra,Aurangabad,2011,60.6,1703.63
wheat,Maharashtra,Aurangabad,2012,30.8,792.21
wheat,Maharashtra,Aurangabad,2013,45.2,1502.21
wheat,Maharashtra,Aurangabad,2014,37.3,949.06
wheat,Maharashtra,Aurangabad,2015,43.8,949.77
wheat,Maharashtra,Aurangabad,2016,103.6,1915.06
wheat,Maharashtra,Aurangabad,2017,103.1,1489.82
wheat,Maharashtra,Parbhani,2000,66.7,1439.28
wheat,Maharashtra,Parbhani,2001,73.1,1549.93
wheat,Maharashtra,Parbhani,2002,81.5,1483.44
wheat,Maharashtra,Parbhani,2003,78.0,1351.28
wheat,Maharashtra,Parbhani,2004,62.4,1070.51
wheat,Maharashtra,Parbhani,2005,83.5,1350.9
wheat,Maharashtra,Parbhani,2006,102.0,1537.25
wheat,Maharashtra,Parbhani,2007,90.1,1925.64
wheat,Maharashtra,Parbhani,2008,54.8,1529.2
wheat,Maharashtra,Parbhani,2009,51.8,1314.67
wheat,Maharashtra,Parbhani,2010,80.8,1691.58
wheat,Maharashtra,Parbhani,2011,75.6,1676.32
wheat,Maharashtra,Parbhani,2012,51.2,1438.09
wheat,Maharashtra,Parbhani,2013,98.1,993.88
wheat,Maharashtra,Parbhani,2014,71.8,721.45
wheat,Maharashtra,Parbhani,2015,39.6,553.03
wheat,Maharashtra,Parbhani,2016,61.99,1577.67
wheat,Maharashtra,Parbhani,2017,67.0,1046.27
wheat,Maharashtra,Beed,2000,43.0,1095.35
wheat,Maharashtra,Beed,2001,38.2,971.2
wheat,Maharashtra,Beed,2002,30.9,961.17
wheat,Maharashtra,Beed,2003,26.2,526.72
wheat,Maharashtra,Beed,2004,31.9,877.74
wheat,Maharashtra,Beed,2005,42.7,1053.86
wheat,Maharashtra,Beed,2006,52.4,1276.72
wheat,Maharashtra,Beed,2007,61.8,1451.46
wheat,Maharashtra,Beed,2008,65.2,1231.6
wheat,Maharashtra,Beed,2009,67.0,1371.64
wheat,Maharashtra,Beed,2010,63.6,1297.8
wheat,Maharashtra,Beed,2011,39.8,1325.88
wheat,Maharashtra,Beed,2012,27.7,976.17
wheat,Maharashtra,Beed,2013,57.8,987.89
wheat,Maharashtra,Beed,2014,59.1,676.82
wheat,Maharashtra,Beed,2015,48.0,275.0
wheat,Maharashtra,Beed,2016,47.2,1682.84
wheat,Maharashtra,Beed,2017,53.9,1068.46
wheat,Maharashtra,Nanded,2000,26.1,1080.46
wheat,Maharashtra,Nanded,2001,26.7,1299.63
wheat,Maharashtra,Nanded,2002,30.4,1342.11
wheat,Maharashtra,Nanded,2003,31.5,1380.95
wheat,Maharashtra,Nanded,2004,31.6,1218.35
wheat,Maharashtra,Nanded,2005,37.7,1015.92
wheat,Maharashtra,Nanded,2006,40.1,1244.39
wheat,Maharashtra,Nanded,2007,22.7,1519.82
wheat,Maharashtra,Nanded,2008,19.8,1363.64
wheat,Maharashtra,Nanded,2009,19.1,1035.08
wheat,Maharashtra,Nanded,2010,49.0,1687.35
wheat,Maharashtra,Nanded,2011,31.1,1737.94
wheat,Maharashtra,Nanded,2012,30.4,1430.26
wheat,Maharashtra,Nanded,2013,38.9,1125.96
wheat,Maharashtra,Nanded,2014,39.5,739.24
wheat,Maharashtra,Nanded,2015,22.3,452.91
wheat,Maharashtra,Nanded,2016,60.6,1249.17
wheat,Maharashtra,Nanded,2017,46.1,997.83
wheat,Maharashtra,Osmanabad,2000,59.9,1005.01
wheat,Maharashtra,Osmanabad,2001,54.3,915.29
wheat,Maharashtra,Osmanabad,2002,50.6,1075.1
wheat,Maharashtra,Osmanabad,2003,48.4,473.14
wheat,Maharashtra,Osmanabad,2004,52.7,899.43
wheat,Maharashtra,Osmanabad,2005,69.4,1090.78
wheat,Maharashtra,Osmanabad,2006,74.2,960.92
wheat,Maharashtra,Osmanabad,2007,67.2,1354.17
wheat,Maharashtra,Osmanabad,2008,68.4,1111.11
wheat,Maharashtra,Osmanabad,2009,64.4,1042.39
wheat,Maharashtra,Osmanabad,2010,75.3,1185.52
wheat,Maharashtra,Osmanabad,2011,59.4,1361.11
wheat,Maharashtra,Osmanabad,2012,55.2,1062.14
wheat,Maharashtra,Osmanabad,2013,61.9,1390.95
wheat,Maharashtra,Osmanabad,2014,71.3,251.05
wheat,Maharashtra,Osmanabad,2015,44.1,301.59
wheat,Maharashtra,Osmanabad,2016,83.2,1304.09
wheat,Maharashtra,Osmanabad,2017,47.1,658.17
wheat,Maharashtra,Buldhana,2000,21.6,1495.37
wheat,Maharashtra,Buldhana,2001,23.7,1784.81
wheat,Maharashtra,Buldhana,2002,28.9,1813.15
wheat,Maharashtra,Buldhana,2003,30.5,1567.21
wheat,Maharashtra,Buldhana,2004,26.5,690.57
wheat,Maharashtra,Buldhana,2005,26.1,1034.48
wheat,Maharashtra,Buldhana,2006,58.2,1417.53
wheat,Maharashtra,Buldhana,2007,59.3,1998.31
wheat,Maharashtra,Buldhana,2008,47.4,1476.79
wheat,Maharashtra,Buldhana,2009,46.0,2040.65
wheat,Maharashtra,Buldhana,2010,53.8,1723.79
wheat,Maharashtra,Buldhana,2011,41.1,1650.85
wheat,Maharashtra,Buldhana,2012,36.1,1485.32
wheat,Maharashtra,Buldhana,2013,59.0,1252.54
wheat,Maharashtra,Buldhana,2014,73.5,1299.32
wheat,Maharashtra,Buldhana,2015,60.1,811.98
wheat,Maharashtra,Buldhana,2016,103.88,1563.34
wheat,Maharashtra,Buldhana,2017,35.92,1567.37
wheat,Maharashtra,Akola,2000,22.5,1164.44
wheat,Maharashtra,Akola,2001,25.2,1460.32
wheat,Maharashtra,Akola,2002,26.6,1379.7
wheat,Maharashtra,Akola,2003,20.6,1281.55
wheat,Maharashtra,Akola,2004,6.4,937.5
wheat,Maharashtra,Akola,2005,22.5,1404.44
wheat,Maharashtra,Akola,2006,54.2,1806.27
wheat,Maharashtra,Akola,2007,83.1,2429.6
wheat,Maharashtra,Akola,2008,50.4,1412.7
wheat,Maharashtra,Akola,2009,50.7,2369.43
wheat,Maharashtra,Akola,2010,59.7,2094.81
wheat,Maharashtra,Akola,2011,36.8,1662.77
wheat,Maharashtra,Akola,2012,36.8,1657.88
wheat,Maharashtra,Akola,2013,50.8,1484.25
wheat,Maharashtra,Akola,2014,49.2,1353.66
wheat,Maharashtra,Akola,2015,44.5,869.66
wheat,Maharashtra,Akola,2016,50.4,1621.03
wheat,Maharashtra,Akola,2017,25.5,1450.98
wheat,Maharashtra,Amarawati,2000,13.4,1268.66
wheat,Maharashtra,Amarawati,2001,11.3,1327.43
wheat,Maharashtra,Amarawati,2002,11.1,1036.04
wheat,Maharashtra,Amarawati,2003,11.6,1241.38
wheat,Maharashtra,Amarawati,2004,10.3,1165.05
wheat,Maharashtra,Amarawati,2005,17.0,1370.59
wheat,Maharashtra,Amarawati,2006,25.4,1673.23
wheat,Maharashtra,Amarawati,2007,53.7,1890.13
wheat,Maharashtra,Amarawati,2008,45.4,1387.67
wheat,Maharashtra,Amarawati,2009,49.3,1973.02
wheat,Maharashtra,Amarawati,2010,54.7,1926.33
wheat,Maharashtra,Amarawati,2011,32.5,1811.38
wheat,Maharashtra,Amarawati,2012,36.1,1980.89
wheat,Maharashtra,Amarawati,2013,42.0,1547.62
wheat,Maharashtra,Amarawati,2014,66.4,1313.25
wheat,Maharashtra,Amarawati,2015,68.0,1019.12
wheat,Maharashtra,Amarawati,2016,73.6,1520.38
wheat,Maharashtra,Amarawati,2017,39.3,1765.9
wheat,Maharashtra,Yeotmal,2000,17.1,1105.26
wheat,Maharashtra,Yeotmal,2001,17.1,1146.2
wheat,Maharashtra,Yeotmal,2002,17.6,1056.82
wheat,Maharashtra,Yeotmal,2003,17.6,1181.82
wheat,Maharashtra,Yeotmal,2004,5.1,980.39
wheat,Maharashtra,Yeotmal,2005,15.9,993.71
wheat,Maharashtra,Yeotmal,2006,33.1,1135.95
wheat,Maharashtra,Yeotmal,2007,45.6,1802.63
wheat,Maharashtra,Yeotmal,2008,38.0,1084.21
wheat,Maharashtra,Yeotmal,2009,18.0,1108.89
wheat,Maharashtra,Yeotmal,2010,41.7,1472.42
wheat,Maharashtra,Yeotmal,2011,34.1,1714.08
wheat,Maharashtra,Yeotmal,2012,36.1,1789.2
wheat,Maharashtra,Yeotmal,2013,34.5,889.86
wheat,Maharashtra,Yeotmal,2014,29.1,920.96
wheat,Maharashtra,Yeotmal,2015,35.6,1056.18
wheat,Maharashtra,Yeotmal,2016,60.2,1294.02
wheat,Maharashtra,Yeotmal,2017,12.8,1015.62
wheat,Maharashtra,Wardha,2000,19.3,1165.8
wheat,Maharashtra,Wardha,2001,18.9,1306.88
wheat,Maharashtra,Wardha,2002,19.9,1211.06
wheat,Maharashtra,Wardha,2003,20.7,1207.73
wheat,Maharashtra,Wardha,2004,15.5,1167.74
wheat,Maharashtra,Wardha,2005,19.0,1263.16
wheat,Maharashtra,Wardha,2006,25.3,1482.21
wheat,Maharashtra,Wardha,2007,27.7,1714.8
wheat,Maharashtra,Wardha,2008,19.2,1302.08
wheat,Maharashtra,Wardha,2009,23.5,1380.0
wheat,Maharashtra,Wardha,2010,29.5,1661.36
wheat,Maharashtra,Wardha,2011,23.1,1490.48
wheat,Maharashtra,Wardha,2012,23.7,1521.1
wheat,Maharashtra,Wardha,2013,25.7,1311.28
wheat,Maharashtra,Wardha,2014,13.7,1452.55
wheat,Maharashtra,Wardha,2015,13.2,1181.82
wheat,Maharashtra,Wardha,2016,14.5,1517.24
wheat,Maharashtra,Wardha,2017,14.82,1478.13
wheat,Maharashtra,Nagpur,2000,32.4,1030.86
wheat,Maharashtra,Nagpur,2001,30.6,1075.16
wheat,Maharashtra,Nagpur,2002,31.0,1048.39
wheat,Maharashtra,Nagpur,2003,35.0,1234.29
wheat,Maharashtra,Nagpur,2004,31.8,1091.2
wheat,Maharashtra,Nagpur,2005,50.2,1111.55
wheat,Maharashtra,Nagpur,2006,63.9,1161.19
wheat,Maharashtra,Nagpur,2007,67.2,1455.36
wheat,Maharashtra,Nagpur,2008,40.7,1130.22
wheat,Maharashtra,Nagpur,2009,57.0,1346.14
wheat,Maharashtra,Nagpur,2010,75.2,1538.96
wheat,Maharashtra,Nagpur,2011,79.0,1473.54
wheat,Maharashtra,Nagpur,2012,80.2,1555.99
wheat,Maharashtra,Nagpur,2013,86.2,964.04
wheat,Maharashtra,Nagpur,2014,88.5,1249.72
wheat,Maharashtra,Nagpur,2015,92.6,1014.04
wheat,Maharashtra,Nagpur,2016,135.9,1711.55
wheat,Maharashtra,Nagpur,2017,135.2,1807.65
wheat,Maharashtra,Bhandara,2000,14.6,684.93
wheat,Maharashtra,Bhandara,2001,15.1,927.15
wheat,Maharashtra,Bhandara,2002,14.4,694.44
wheat,Maharashtra,Bhandara,2003,13.7,912.41
wheat,Maharashtra,Bhandara,2004,8.1,728.4
wheat,Maharashtra,Bhandara,2005,13.9,848.92
wheat,Maharashtra,Bhandara,2006,16.4,871.95
wheat,Maharashtra,Bhandara,2007,18.2,1027.47
wheat,Maharashtra,Bhandara,2008,8.8,806.82
wheat,Maharashtra,Bhandara,2009,12.0,1000.0
wheat,Maharashtra,Bhandara,2010,14.2,1016.9
wheat,Maharashtra,Bhandara,2011,13.7,1037.96
wheat,Maharashtra,Bhandara,2012,13.7,1207.3
wheat,Maharashtra,Bhandara,2013,13.6,1080.88
wheat,Maharashtra,Bhandara,2014,13.8,1115.94
wheat,Maharashtra,Bhandara,2015,13.1,1022.9
wheat,Maharashtra,Bhandara,2016,12.9,1232.56
wheat,Maharashtra,Bhandara,2017,13.19,1145.07
wheat,Maharashtra,Chandrapur,2000,23.9,661.09
wheat,Maharashtra,Chandrapur,2001,25.5,788.24
wheat,Maharashtra,Chandrapur,2002,21.4,598.13
wheat,Maharashtra,Chandrapur,2003,32.4,623.46
wheat,Maharashtra,Chandrapur,2004,21.9,561.64
wheat,Maharashtra,Chandrapur,2005,30.5,750.82
wheat,Maharashtra,Chandrapur,2006,35.3,739.38
wheat,Maharashtra,Chandrapur,2007,37.4,959.89
wheat,Maharashtra,Chandrapur,2008,30.9,915.86
wheat,Maharashtra,Chandrapur,2009,26.8,657.09
wheat,Maharashtra,Chandrapur,2010,35.4,1068.64
wheat,Maharashtra,Chandrapur,2011,22.8,1222.81
wheat,Maharashtra,Chandrapur,2012,22.9,1193.01
wheat,Maharashtra,Chandrapur,2013,26.1,1122.61
wheat,Maharashtra,Chandrapur,2014,25.4,748.03
wheat,Maharashtra,Chandrapur,2015,21.8,775.23
wheat,Maharashtra,Chandrapur,2016,20.8,1264.42
wheat,Maharashtra,Chandrapur,2017,18.66,1120.22
wheat,Gujarat,Ahmedabad,2000,58.18,1694.67
wheat,Gujarat,Ahmedabad,2001,80.33,1398.57
wheat,Gujarat,Ahmedabad,2002,94.96,1358.03
wheat,Gujarat,Ahmedabad,2003,134.91,1657.43
wheat,Gujarat,Ahmedabad,2004,139.94,1890.53
wheat,Gujarat,Ahmedabad,2005,122.87,1934.47
wheat,Gujarat,Ahmedabad,2006,148.62,1861.27
wheat,Gujarat,Ahmedabad,2007,176.04,2040.44
wheat,Gujarat,Ahmedabad,2008,160.15,1521.6
wheat,Gujarat,Ahmedabad,2009,108.67,2399.68
wheat,Gujarat,Ahmedabad,2010,251.58,2451.49
wheat,Gujarat,Ahmedabad,2011,210.51,2576.89
wheat,Gujarat,Ahmedabad,2012,196.68,2588.79
wheat,Gujarat,Ahmedabad,2013,191.96,2411.15
wheat,Gujarat,Ahmedabad,2014,208.39,2081.54
wheat,Gujarat,Ahmedabad,2015,135.17,2524.09
wheat,Gujarat,Ahmedabad,2016,164.55,2357.82
wheat,Gujarat,Ahmedabad,2017,169.62,2307.33
wheat,Gujarat,Amreli,2000,3.9,2230.77
wheat,Gujarat,Amreli,2001,5.4,2685.19
wheat,Gujarat,Amreli,2002,6.5,2446.15
wheat,Gujarat,Amreli,2003,11.6,3267.24
wheat,Gujarat,Amreli,2004,19.1,3188.48
wheat,Gujarat,Amreli,2005,27.0,3270.37
wheat,Gujarat,Amreli,2006,27.8,3334.53
wheat,Gujarat,Amreli,2007,46.7,3890.79
wheat,Gujarat,Amreli,2008,39.3,2849.87
wheat,Gujarat,Amreli,2009,9.1,3000.0
wheat,Gujarat,Amreli,2010,55.0,3785.45
wheat,Gujarat,Amreli,2011,32.3,3594.43
wheat,Gujarat,Amreli,2012,5.4,2851.85
wheat,Gujarat,Amreli,2013,17.96,3928.17
wheat,Gujarat,Amreli,2014,4.32,3347.22
wheat,Gujarat,Amreli,2015,7.31,3109.44
wheat,Gujarat,Amreli,2016,12.4,3413.88
wheat,Gujarat,Amreli,2017,8.04,3842.68
wheat,Gujarat,Banaskantha,2000,46.7,2533.19
wheat,Gujarat,Banaskantha,2001,50.3,2713.72
wheat,Gujarat,Banaskantha,2002,50.0,2130.0
wheat,Gujarat,Banaskantha,2003,48.6,2716.05
wheat,Gujarat,Banaskantha,2004,39.0,2425.64
wheat,Gujarat,Banaskantha,2005,46.3,2658.75
wheat,Gujarat,Banaskantha,2006,68.1,2503.67
wheat,Gujarat,Banaskantha,2007,83.0,2855.42
wheat,Gujarat,Banaskantha,2008,56.2,2103.2
wheat,Gujarat,Banaskantha,2009,65.0,2752.31
wheat,Gujarat,Banaskantha,2010,92.9,3016.15
wheat,Gujarat,Banaskantha,2011,89.0,2720.22
wheat,Gujarat,Banaskantha,2012,92.9,2914.96
wheat,Gujarat,Banaskantha,2013,93.16,3116.57
wheat,Gujarat,Banaskantha,2014,88.03,3099.4
wheat,Gujarat,Banaskantha,2015,81.48,2955.2
wheat,Gujarat,Banaskantha,2016,75.86,2985.68
wheat,Gujarat,Banaskantha,2017,73.97,3031.05
wheat,Gujarat,Bharuch,2000,8.1,1654.32
wheat,Gujarat,Bharuch,2001,11.0,1318.18
wheat,Gujarat,Bharuch,2002,20.2,1054.46
wheat,Gujarat,Bharuch,2003,20.4,1308.82
wheat,Gujarat,Bharuch,2004,23.6,1440.68
wheat,Gujarat,Bharuch,2005,19.1,1528.8
wheat,Gujarat,Bharuch,2006,19.6,1270.41
wheat,Gujarat,Bharuch,2007,20.7,2057.97
wheat,Gujarat,Bharuch,2008,23.3,1467.81
wheat,Gujarat,Bharuch,2009,20.6,1684.47
wheat,Gujarat,Bharuch,2010,20.8,2254.81
wheat,Gujarat,Bharuch,2011,26.3,2262.36
wheat,Gujarat,Bharuch,2012,27.0,2022.22
wheat,Gujarat,Bharuch,2013,24.89,1903.58
wheat,Gujarat,Bharuch,2014,31.24,1626.44
wheat,Gujarat,Bharuch,2015,24.33,1768.6
wheat,Gujarat,Bharuch,2016,22.73,1442.15
wheat,Gujarat,Bharuch,2017,19.8,1961.62
wheat,Gujarat,Vadodara / Baroda,2000,13.9,2194.24
wheat,Gujarat,Vadodara / Baroda,2001,16.6,2024.1
wheat,Gujarat,Vadodara / Baroda,2002,19.6,2137.76
wheat,Gujarat,Vadodara / Baroda,2003,19.5,1984.62
wheat,Gujarat,Vadodara / Baroda,2004,18.8,1914.89
wheat,Gujarat,Vadodara / Baroda,2005,15.7,2254.78
wheat,Gujarat,Vadodara / Baroda,2006,23.5,2251.06
wheat,Gujarat,Vadodara / Baroda,2007,30.1,2581.4
wheat,Gujarat,Vadodara / Baroda,2008,24.4,2266.39
wheat,Gujarat,Vadodara / Baroda,2009,20.1,2562.19
wheat,Gujarat,Vadodara / Baroda,2010,47.5,2791.58
wheat,Gujarat,Vadodara / Baroda,2011,47.2,2720.34
wheat,Gujarat,Vadodara / Baroda,2012,36.5,3424.66
wheat,Gujarat,Vadodara / Baroda,2013,29.45,2431.92
wheat,Gujarat,Vadodara / Baroda,2014,25.03,2415.5
wheat,Gujarat,Vadodara / Baroda,2015,27.45,2659.02
wheat,Gujarat,Vadodara / Baroda,2016,22.41,2626.55
wheat,Gujarat,Vadodara / Baroda,2017,20.58,2677.97
wheat,Gujarat,Bhavnagar,2000,0.8,2250.0
wheat,Gujarat,Bhavnagar,2001,5.6,2107.14
wheat,Gujarat,Bhavnagar,2002,11.0,2318.18
wheat,Gujarat,Bhavnagar,2003,14.0,2450.0
wheat,Gujarat,Bhavnagar,2004,9.0,1888.89
wheat,Gujarat,Bhavnagar,2005,31.7,2870.66
wheat,Gujarat,Bhavnagar,2006,33.3,2792.79
wheat,Gujarat,Bhavnagar,2007,49.5,3232.32
wheat,Gujarat,Bhavnagar,2008,33.9,2595.87
wheat,Gujarat,Bhavnagar,2009,5.4,2500.0
wheat,Gujarat,Bhavnagar,2010,31.7,2930.6
wheat,Gujarat,Bhavnagar,2011,9.7,2958.76
wheat,Gujarat,Bhavnagar,2012,2.4,3291.67
wheat,Gujarat,Bhavnagar,2013,27.44,3497.81
wheat,Gujarat,Bhavnagar,2014,10.14,2314.62
wheat,Gujarat,Bhavnagar,2015,12.18,2845.66
wheat,Gujarat,Bhavnagar,2016,15.15,3030.81
wheat,Gujarat,Bhavnagar,2017,18.87,3184.76
wheat,Gujarat,Valsad,2000,1.2,2333.33
wheat,Gujarat,Valsad,2001,1.2,2583.33
wheat,Gujarat,Valsad,2002,1.2,2166.67
wheat,Gujarat,Valsad,2003,1.2,2000.0
wheat,Gujarat,Valsad,2004,0.8,2750.0
wheat,Gujarat,Valsad,2005,1.1,2636.36
wheat,Gujarat,Valsad,2006,0.9,3000.0
wheat,Gujarat,Valsad,2007,0.6,3166.67
wheat,Gujarat,Valsad,2008,0.6,2333.33
wheat,Gujarat,Valsad,2009,1.0,2500.0
wheat,Gujarat,Valsad,2010,0.6,3166.67
wheat,Gujarat,Valsad,2011,0.5,3400.0
wheat,Gujarat,Valsad,2012,0.5,2800.0
wheat,Gujarat,Dangs,2008,0.7,2428.57
wheat,Gujarat,Dangs,2009,0.8,2750.0
wheat,Gujarat,Dangs,2010,2.4,3375.0
wheat,Gujarat,Dangs,2011,4.4,3159.09
wheat,Gujarat,Dangs,2012,3.8,2973.68
wheat,Gujarat,Dangs,2013,2.64,3291.67
wheat,Gujarat,Dangs,2014,2.56,1562.5
wheat,Gujarat,Dangs,2015,2.51,1478.09
wheat,Gujarat,Dangs,2016,2.15,1486.31
wheat,Gujarat,Dangs,2017,2.26,799.29
wheat,Gujarat,Jamnagar,2000,3.0,1966.67
wheat,Gujarat,Jamnagar,2001,9.7,2845.36
wheat,Gujarat,Jamnagar,2002,8.3,2481.93
wheat,Gujarat,Jamnagar,2003,37.6,3547.87
wheat,Gujarat,Jamnagar,2004,25.3,1869.57
wheat,Gujarat,Jamnagar,2005,29.1,2725.09
wheat,Gujarat,Jamnagar,2006,49.9,2935.87
wheat,Gujarat,Jamnagar,2007,48.5,3731.96
wheat,Gujarat,Jamnagar,2008,35.6,3289.33
wheat,Gujarat,Jamnagar,2009,36.0,3294.44
wheat,Gujarat,Jamnagar,2010,60.4,3640.73
wheat,Gujarat,Jamnagar,2011,38.1,3593.18
wheat,Gujarat,Jamnagar,2012,4.8,2437.5
wheat,Gujarat,Jamnagar,2013,42.35,4100.59
wheat,Gujarat,Jamnagar,2014,5.19,3768.92
wheat,Gujarat,Jamnagar,2015,2.13,3143.31
wheat,Gujarat,Jamnagar,2016,4.71,2934.53
wheat,Gujarat,Jamnagar,2017,10.98,3602.15
wheat,Gujarat,Junagadh,2000,11.3,2389.38
wheat,Gujarat,Junagadh,2001,45.8,3393.01
wheat,Gujarat,Junagadh,2002,17.0,3070.59
wheat,Gujarat,Junagadh,2003,94.6,3672.3
wheat,Gujarat,Junagadh,2004,102.2,3559.69
wheat,Gujarat,Junagadh,2005,115.2,3734.37
wheat,Gujarat,Junagadh,2006,154.9,3611.36
wheat,Gujarat,Junagadh,2007,192.9,4151.37
wheat,Gujarat,Junagadh,2008,193.7,2925.66
wheat,Gujarat,Junagadh,2009,122.7,3411.57
wheat,Gujarat,Junagadh,2010,244.6,4174.57
wheat,Gujarat,Junagadh,2011,177.5,3710.42
wheat,Gujarat,Junagadh,2012,42.1,3047.51
wheat,Gujarat,Junagadh,2013,235.66,4328.91
wheat,Gujarat,Junagadh,2014,183.71,3968.16
wheat,Gujarat,Junagadh,2015,21.39,3681.63
wheat,Gujarat,Junagadh,2016,116.17,3620.9
wheat,Gujarat,Junagadh,2017,98.81,3777.59
wheat,Gujarat,Kheda,2000,55.4,2205.78
wheat,Gujarat,Kheda,2001,50.3,2385.69
wheat,Gujarat,Kheda,2002,70.9,1964.74
wheat,Gujarat,Kheda,2003,99.5,2442.21
wheat,Gujarat,Kheda,2004,109.4,2287.93
wheat,Gujarat,Kheda,2005,114.2,2338.88
wheat,Gujarat,Kheda,2006,119.4,2020.94
wheat,Gujarat,Kheda,2007,132.9,2810.38
wheat,Gujarat,Kheda,2008,121.5,2117.7
wheat,Gujarat,Kheda,2009,113.8,2350.62
wheat,Gujarat,Kheda,2010,159.2,2684.05
wheat,Gujarat,Kheda,2011,143.4,2740.59
wheat,Gujarat,Kheda,2012,149.4,2693.44
wheat,Gujarat,Kheda,2013,155.86,2658.92
wheat,Gujarat,Kheda,2014,135.81,2705.57
wheat,Gujarat,Kheda,2015,113.56,2830.74
wheat,Gujarat,Kheda,2016,134.55,2921.82
wheat,Gujarat,Kheda,2017,144.22,2892.25
wheat,Gujarat,Kutch,2000,11.0,2454.55
wheat,Gujarat,Kutch,2001,13.6,2639.71
wheat,Gujarat,Kutch,2002,16.2,2438.27
wheat,Gujarat,Kutch,2003,17.0,2752.94
wheat,Gujarat,Kutch,2004,12.9,2263.57
wheat,Gujarat,Kutch,2005,7.9,2569.62
wheat,Gujarat,Kutch,2006,25.5,2600.0
wheat,Gujarat,Kutch,2007,30.2,2791.39
wheat,Gujarat,Kutch,2008,20.1,2746.27
wheat,Gujarat,Kutch,2009,25.3,2837.94
wheat,Gujarat,Kutch,2010,34.8,2787.36
wheat,Gujarat,Kutch,2011,30.6,2934.64
wheat,Gujarat,Kutch,2012,29.9,3063.55
wheat,Gujarat,Kutch,2013,28.85,3292.55
wheat,Gujarat,Kutch,2014,18.46,3010.83
wheat,Gujarat,Kutch,2015,30.04,2856.19
wheat,Gujarat,Kutch,2016,21.29,2823.6
wheat,Gujarat,Kutch,2017,21.33,2897.13
wheat,Gujarat,Mehsana,2000,70.52,2631.98
wheat,Gujarat,Mehsana,2001,73.87,2891.01
wheat,Gujarat,Mehsana,2002,63.14,2411.21
wheat,Gujarat,Mehsana,2003,67.89,2766.21
wheat,Gujarat,Mehsana,2004,59.26,2702.25
wheat,Gujarat,Mehsana,2005,74.83,2839.91
wheat,Gujarat,Mehsana,2006,93.28,2679.91
wheat,Gujarat,Mehsana,2007,115.26,2980.24
wheat,Gujarat,Mehsana,2008,102.65,2409.32
wheat,Gujarat,Mehsana,2009,114.43,2966.23
wheat,Gujarat,Mehsana,2010,137.82,3140.0
wheat,Gujarat,Mehsana,2011,131.39,3165.68
wheat,Gujarat,Mehsana,2012,136.12,3128.38
wheat,Gujarat,Mehsana,2013,144.89,3165.13
wheat,Gujarat,Mehsana,2014,120.85,2984.93
wheat,Gujarat,Mehsana,2015,118.49,2888.09
wheat,Gujarat,Mehsana,2016,110.14,2977.72
wheat,Gujarat,Mehsana,2017,122.18,3150.45
wheat,Gujarat,Panchmahal,2000,4.6,1869.57
wheat,Gujarat,Panchmahal,2001,7.5,1773.33
wheat,Gujarat,Panchmahal,2002,16.1,1695.65
wheat,Gujarat,Panchmahal,2003,63.8,2021.94
wheat,Gujarat,Panchmahal,2004,75.7,1978.86
wheat,Gujarat,Panchmahal,2005,54.1,2123.84
wheat,Gujarat,Panchmahal,2006,78.0,1867.95
wheat,Gujarat,Panchmahal,2007,86.1,2193.96
wheat,Gujarat,Panchmahal,2008,44.8,1468.75
wheat,Gujarat,Panchmahal,2009,48.2,1761.41
wheat,Gujarat,Panchmahal,2010,51.4,2019.46
wheat,Gujarat,Panchmahal,2011,66.4,2402.11
wheat,Gujarat,Panchmahal,2012,87.8,3127.56
wheat,Gujarat,Panchmahal,2013,89.0,1844.61
wheat,Gujarat,Panchmahal,2014,96.28,2053.95
wheat,Gujarat,Panchmahal,2015,62.34,1656.33
wheat,Gujarat,Panchmahal,2016,87.6,1793.16
wheat,Gujarat,Panchmahal,2017,72.68,2319.69
wheat,Gujarat,Rajkot,2000,3.2,2281.25
wheat,Gujarat,Rajkot,2001,7.4,2635.14
wheat,Gujarat,Rajkot,2002,15.2,2684.21
wheat,Gujarat,Rajkot,2003,61.9,4029.08
wheat,Gujarat,Rajkot,2004,44.8,2866.07
wheat,Gujarat,Rajkot,2005,73.7,3645.86
wheat,Gujarat,Rajkot,2006,84.2,3629.45
wheat,Gujarat,Rajkot,2007,90.9,3766.78
wheat,Gujarat,Rajkot,2008,97.0,3276.29
wheat,Gujarat,Rajkot,2009,40.6,3798.03
wheat,Gujarat,Rajkot,2010,170.2,3985.31
wheat,Gujarat,Rajkot,2011,113.8,3967.49
wheat,Gujarat,Rajkot,2012,7.2,3569.44
wheat,Gujarat,Rajkot,2013,132.82,4283.92
wheat,Gujarat,Rajkot,2014,27.92,4105.8
wheat,Gujarat,Rajkot,2015,27.72,3637.85
wheat,Gujarat,Rajkot,2016,25.7,3603.82
wheat,Gujarat,Rajkot,2017,71.17,3589.12
wheat,Gujarat,Sabarkantha,2000,47.3,1769.56
wheat,Gujarat,Sabarkantha,2001,46.3,1805.62
wheat,Gujarat,Sabarkantha,2002,44.4,1619.37
wheat,Gujarat,Sabarkantha,2003,50.5,2401.98
wheat,Gujarat,Sabarkantha,2004,43.8,2310.5
wheat,Gujarat,Sabarkantha,2005,84.0,2670.24
wheat,Gujarat,Sabarkantha,2006,105.7,2575.21
wheat,Gujarat,Sabarkantha,2007,119.4,2710.22
wheat,Gujarat,Sabarkantha,2008,90.0,2201.11
wheat,Gujarat,Sabarkantha,2009,104.5,2105.26
wheat,Gujarat,Sabarkantha,2010,150.1,2682.21
wheat,Gujarat,Sabarkantha,2011,149.2,2609.92
wheat,Gujarat,Sabarkantha,2012,154.3,2957.87
wheat,Gujarat,Sabarkantha,2013,179.47,2934.47
wheat,Gujarat,Sabarkantha,2014,152.56,2767.83
wheat,Gujarat,Sabarkantha,2015,149.01,2631.97
wheat,Gujarat,Sabarkantha,2016,139.19,2643.11
wheat,Gujarat,Sabarkantha,2017,154.25,2903.51
wheat,Gujarat,Surat,2000,7.4,2648.65
wheat,Gujarat,Surat,2001,7.2,1902.78
wheat,Gujarat,Surat,2002,9.9,1797.98
wheat,Gujarat,Surat,2003,10.5,1476.19
wheat,Gujarat,Surat,2004,9.3,1430.11
wheat,Gujarat,Surat,2005,6.5,2507.69
wheat,Gujarat,Surat,2006,6.9,2492.75
wheat,Gujarat,Surat,2007,9.7,1948.45
wheat,Gujarat,Surat,2008,11.0,2372.73
wheat,Gujarat,Surat,2009,13.2,2636.36
wheat,Gujarat,Surat,2010,11.5,3165.22
wheat,Gujarat,Surat,2011,13.4,2798.51
wheat,Gujarat,Surat,2012,13.1,2885.5
wheat,Gujarat,Surat,2013,9.28,2953.66
wheat,Gujarat,Surat,2014,18.42,2318.13
wheat,Gujarat,Surat,2015,7.63,2083.88
wheat,Gujarat,Surat,2016,8.67,2589.58
wheat,Gujarat,Surat,2017,8.1,2566.19
wheat,Gujarat,Surendranagar,2000,10.9,2275.23
wheat,Gujarat,Surendranagar,2001,9.9,2808.08
wheat,Gujarat,Surendranagar,2002,14.2,2091.55
wheat,Gujarat,Surendranagar,2003,26.1,2578.54
wheat,Gujarat,Surendranagar,2004,25.5,2054.9
wheat,Gujarat,Surendranagar,2005,35.3,2195.47
wheat,Gujarat,Surendranagar,2006,32.4,2256.17
wheat,Gujarat,Surendranagar,2007,41.0,2909.76
wheat,Gujarat,Surendranagar,2008,36.5,2375.34
wheat,Gujarat,Surendranagar,2009,28.6,2451.05
wheat,Gujarat,Surendranagar,2010,66.1,3127.08
wheat,Gujarat,Surendranagar,2011,66.9,3095.67
wheat,Gujarat,Surendranagar,2012,33.6,2800.6
wheat,Gujarat,Surendranagar,2013,36.34,3042.65
wheat,Gujarat,Surendranagar,2014,42.25,2915.46
wheat,Gujarat,Surendranagar,2015,34.82,3137.44
wheat,Gujarat,Surendranagar,2016,35.94,2895.3
wheat,Gujarat,Surendranagar,2017,41.71,3086.78
wheat,Rajasthan,Ajmer,2000,34.28,1220.25
wheat,Rajasthan,Ajmer,2001,41.55,1823.59
wheat,Rajasthan,Ajmer,2002,11.24,2053.38
wheat,Rajasthan,Ajmer,2003,21.6,1955.09
wheat,Rajasthan,Ajmer,2004,25.46,2063.24
wheat,Rajasthan,Ajmer,2005,23.54,1330.08
wheat,Rajasthan,Ajmer,2006,30.01,2800.73
wheat,Rajasthan,Ajmer,2007,21.91,2390.23
wheat,Rajasthan,Ajmer,2008,16.61,2257.68
wheat,Rajasthan,Ajmer,2009,8.76,2471.46
wheat,Rajasthan,Ajmer,2010,64.32,3232.43
wheat,Rajasthan,Ajmer,2011,46.55,3152.09
wheat,Rajasthan,Ajmer,2012,66.03,3316.83
wheat,Rajasthan,Ajmer,2013,56.0,3447.68
wheat,Rajasthan,Ajmer,2014,62.44,2113.55
wheat,Rajasthan,Ajmer,2015,42.29,2761.65
wheat,Rajasthan,Ajmer,2016,55.47,3335.63
wheat,Rajasthan,Ajmer,2017,40.33,3174.25
wheat,Rajasthan,Alwar,2000,202.99,3567.22
wheat,Rajasthan,Alwar,2001,174.09,3043.37
wheat,Rajasthan,Alwar,2002,181.46,3149.18
wheat,Rajasthan,Alwar,2003,188.11,3448.99
wheat,Rajasthan,Alwar,2004,157.41,3251.06
wheat,Rajasthan,Alwar,2005,159.47,3089.36
wheat,Rajasthan,Alwar,2006,180.52,3556.17
wheat,Rajasthan,Alwar,2007,191.44,3494.83
wheat,Rajasthan,Alwar,2008,170.17,4043.49
wheat,Rajasthan,Alwar,2009,192.8,3749.33
wheat,Rajasthan,Alwar,2010,193.99,4206.71
wheat,Rajasthan,Alwar,2011,185.17,3928.17
wheat,Rajasthan,Alwar,2012,204.97,4085.52
wheat,Rajasthan,Alwar,2013,208.21,3963.98
wheat,Rajasthan,Alwar,2014,219.06,3460.06
wheat,Rajasthan,Alwar,2015,213.01,3645.04
wheat,Rajasthan,Alwar,2016,215.68,4365.1
wheat,Rajasthan,Alwar,2017,203.83,4293.71
wheat,Rajasthan,Banswara,2000,35.62,1392.2
wheat,Rajasthan,Banswara,2001,55.51,2015.85
wheat,Rajasthan,Banswara,2002,49.39,1480.87
wheat,Rajasthan,Banswara,2003,69.51,2023.02
wheat,Rajasthan,Banswara,2004,77.55,2071.7
wheat,Rajasthan,Banswara,2005,82.19,1971.65
wheat,Rajasthan,Banswara,2006,85.84,1864.05
wheat,Rajasthan,Banswara,2007,90.8,2019.82
wheat,Rajasthan,Banswara,2008,90.84,1728.27
wheat,Rajasthan,Banswara,2009,96.21,2223.58
wheat,Rajasthan,Banswara,2010,102.33,2120.32
wheat,Rajasthan,Banswara,2011,105.56,2535.37
wheat,Rajasthan,Banswara,2012,107.2,2310.3
wheat,Rajasthan,Banswara,2013,111.3,2583.4
wheat,Rajasthan,Banswara,2014,109.41,2479.11
wheat,Rajasthan,Banswara,2015,103.3,2159.15
wheat,Rajasthan,Banswara,2016,103.69,2398.03
wheat,Rajasthan,Banswara,2017,108.66,2563.92
wheat,Rajasthan,Barmer,2000,15.36,2402.34
wheat,Rajasthan,Barmer,2001,12.34,2794.17
wheat,Rajasthan,Barmer,2002,15.84,2708.96
wheat,Rajasthan,Barmer,2003,13.12,1535.06
wheat,Rajasthan,Barmer,2004,12.39,1894.27
wheat,Rajasthan,Barmer,2005,12.16,896.38
wheat,Rajasthan,Barmer,2006,18.4,1598.37
wheat,Rajasthan,Barmer,2007,13.81,1596.67
wheat,Rajasthan,Barmer,2008,11.47,870.97
wheat,Rajasthan,Barmer,2009,15.2,1521.71
wheat,Rajasthan,Barmer,2010,16.73,1466.23
wheat,Rajasthan,Barmer,2011,11.66,1235.85
wheat,Rajasthan,Barmer,2012,12.61,1359.24
wheat,Rajasthan,Barmer,2013,14.02,1451.5
wheat,Rajasthan,Barmer,2014,13.53,1041.39
wheat,Rajasthan,Barmer,2015,14.64,1400.96
wheat,Rajasthan,Barmer,2016,17.61,1228.59
wheat,Rajasthan,Barmer,2017,14.54,1511.18
wheat,Rajasthan,Bharatpur,2000,203.14,3549.57
wheat,Rajasthan,Bharatpur,2001,183.66,3540.73
wheat,Rajasthan,Bharatpur,2002,188.01,3284.77
wheat,Rajasthan,Bharatpur,2003,186.78,3694.83
wheat,Rajasthan,Bharatpur,2004,153.32,3046.31
wheat,Rajasthan,Bharatpur,2005,165.81,3589.41
wheat,Rajasthan,Bharatpur,2006,195.48,3326.53
wheat,Rajasthan,Bharatpur,2007,208.59,3227.43
wheat,Rajasthan,Bharatpur,2008,184.57,3993.12
wheat,Rajasthan,Bharatpur,2009,217.56,3918.69
wheat,Rajasthan,Bharatpur,2010,216.39,4210.55
wheat,Rajasthan,Bharatpur,2011,213.78,4281.13
wheat,Rajasthan,Bharatpur,2012,194.3,4281.57
wheat,Rajasthan,Bharatpur,2013,216.55,4206.6
wheat,Rajasthan,Bharatpur,2014,233.73,3577.93
wheat,Rajasthan,Bharatpur,2015,224.14,3696.22
wheat,Rajasthan,Bharatpur,2016,226.35,4480.69
wheat,Rajasthan,Bharatpur,2017,217.66,4244.13
wheat,Rajasthan,Bhilwara,2000,50.38,1893.01
wheat,Rajasthan,Bhilwara,2001,87.69,2204.47
wheat,Rajasthan,Bhilwara,2002,24.42,2079.44
wheat,Rajasthan,Bhilwara,2003,46.4,1656.25
wheat,Rajasthan,Bhilwara,2004,83.39,2585.08
wheat,Rajasthan,Bhilwara,2005,56.0,2114.46
wheat,Rajasthan,Bhilwara,2006,123.81,3146.6
wheat,Rajasthan,Bhilwara,2007,81.58,2374.72
wheat,Rajasthan,Bhilwara,2008,54.38,2632.59
wheat,Rajasthan,Bhilwara,2009,38.38,2693.33
wheat,Rajasthan,Bhilwara,2010,118.78,2592.86
wheat,Rajasthan,Bhilwara,2011,109.58,2904.36
wheat,Rajasthan,Bhilwara,2012,121.79,3397.98
wheat,Rajasthan,Bhilwara,2013,124.47,3602.39
wheat,Rajasthan,Bhilwara,2014,137.22,2054.15
wheat,Rajasthan,Bhilwara,2015,89.64,3059.79
wheat,Rajasthan,Bhilwara,2016,139.79,3598.58
wheat,Rajasthan,Bhilwara,2017,102.8,3318.35
wheat,Rajasthan,Bikaner,2000,44.66,1099.42
wheat,Rajasthan,Bikaner,2001,44.08,1751.59
wheat,Rajasthan,Bikaner,2002,30.79,1633.97
wheat,Rajasthan,Bikaner,2003,35.99,2308.7
wheat,Rajasthan,Bikaner,2004,34.88,2106.36
wheat,Rajasthan,Bikaner,2005,50.16,1864.04
wheat,Rajasthan,Bikaner,2006,52.9,2609.26
wheat,Rajasthan,Bikaner,2007,51.68,1403.83
wheat,Rajasthan,Bikaner,2008,58.93,2394.71
wheat,Rajasthan,Bikaner,2009,55.95,1764.43
wheat,Rajasthan,Bikaner,2010,79.12,2950.45
wheat,Rajasthan,Bikaner,2011,84.18,2493.23
wheat,Rajasthan,Bikaner,2012,94.73,2431.75
wheat,Rajasthan,Bikaner,2013,116.37,2468.59
wheat,Rajasthan,Bikaner,2014,120.35,2014.29
wheat,Rajasthan,Bikaner,2015,114.46,2463.83
wheat,Rajasthan,Bikaner,2016,113.18,2497.32
wheat,Rajasthan,Bikaner,2017,108.3,2506.14
wheat,Rajasthan,Bundi,2000,103.75,2498.12
wheat,Rajasthan,Bundi,2001,105.01,2924.58
wheat,Rajasthan,Bundi,2002,65.86,2453.39
wheat,Rajasthan,Bundi,2003,102.99,2564.23
wheat,Rajasthan,Bundi,2004,81.2,3275.99
wheat,Rajasthan,Bundi,2005,94.86,3033.63
wheat,Rajasthan,Bundi,2006,111.58,3634.34
wheat,Rajasthan,Bundi,2007,129.89,3528.22
wheat,Rajasthan,Bundi,2008,117.81,3648.33
wheat,Rajasthan,Bundi,2009,107.86,3394.12
wheat,Rajasthan,Bundi,2010,150.24,3800.39
wheat,Rajasthan,Bundi,2011,155.83,4537.06
wheat,Rajasthan,Bundi,2012,154.11,4399.84
wheat,Rajasthan,Bundi,2013,160.29,3792.63
wheat,Rajasthan,Bundi,2014,172.99,2131.68
wheat,Rajasthan,Bundi,2015,154.91,4171.45
wheat,Rajasthan,Bundi,2016,162.25,4351.23
wheat,Rajasthan,Bundi,2017,146.75,4125.67
wheat,Rajasthan,Chittorgarh,2000,51.5,2510.49
wheat,Rajasthan,Chittorgarh,2001,79.38,2843.41
wheat,Rajasthan,Chittorgarh,2002,36.46,2279.76
wheat,Rajasthan,Chittorgarh,2003,65.01,3025.07
wheat,Rajasthan,Chittorgarh,2004,96.29,2765.81
wheat,Rajasthan,Chittorgarh,2005,92.7,3013.38
wheat,Rajasthan,Chittorgarh,2006,146.89,3825.04
wheat,Rajasthan,Chittorgarh,2007,122.36,2704.07
wheat,Rajasthan,Chittorgarh,2008,98.77,3460.7
wheat,Rajasthan,Chittorgarh,2009,80.82,3298.44
wheat,Rajasthan,Chittorgarh,2010,120.46,3831.97
wheat,Rajasthan,Chittorgarh,2011,128.46,3690.46
wheat,Rajasthan,Chittorgarh,2012,131.08,4042.3
wheat,Rajasthan,Chittorgarh,2013,145.63,4013.81
wheat,Rajasthan,Chittorgarh,2014,165.98,2941.02
wheat,Rajasthan,Chittorgarh,2015,146.89,3391.27
wheat,Rajasthan,Chittorgarh,2016,178.88,4006.8
wheat,Rajasthan,Chittorgarh,2017,174.88,3995.12
wheat,Rajasthan,Churu,2000,17.62,2401.25
wheat,Rajasthan,Churu,2001,11.0,2793.64
wheat,Rajasthan,Churu,2002,12.19,2709.6
wheat,Rajasthan,Churu,2003,11.47,2793.37
wheat,Rajasthan,Churu,2004,13.07,2839.33
wheat,Rajasthan,Churu,2005,16.08,2761.19
wheat,Rajasthan,Churu,2006,15.74,1703.94
wheat,Rajasthan,Churu,2007,17.65,1282.15
wheat,Rajasthan,Churu,2008,17.33,1607.04
wheat,Rajasthan,Churu,2009,22.67,1876.05
wheat,Rajasthan,Churu,2010,27.5,2355.27
wheat,Rajasthan,Churu,2011,24.47,1067.02
wheat,Rajasthan,Churu,2012,29.67,2094.37
wheat,Rajasthan,Churu,2013,33.37,2095.0
wheat,Rajasthan,Churu,2014,32.07,1619.58
wheat,Rajasthan,Churu,2015,32.86,2256.85
wheat,Rajasthan,Churu,2016,35.14,2041.26
wheat,Rajasthan,Churu,2017,33.49,2188.27
wheat,Rajasthan,Dungarpur,2000,10.11,2645.9
wheat,Rajasthan,Dungarpur,2001,23.54,3029.74
wheat,Rajasthan,Dungarpur,2002,9.54,1848.01
wheat,Rajasthan,Dungarpur,2003,33.57,2158.18
wheat,Rajasthan,Dungarpur,2004,37.82,2138.29
wheat,Rajasthan,Dungarpur,2005,35.62,1611.74
wheat,Rajasthan,Dungarpur,2006,40.86,1745.72
wheat,Rajasthan,Dungarpur,2007,41.49,1835.14
wheat,Rajasthan,Dungarpur,2008,18.3,1340.44
wheat,Rajasthan,Dungarpur,2009,36.01,1779.23
wheat,Rajasthan,Dungarpur,2010,37.33,1556.39
wheat,Rajasthan,Dungarpur,2011,45.09,2013.53
wheat,Rajasthan,Dungarpur,2012,45.75,1716.5
wheat,Rajasthan,Dungarpur,2013,47.47,1906.05
wheat,Rajasthan,Dungarpur,2014,46.21,1877.73
wheat,Rajasthan,Dungarpur,2015,43.95,1804.32
wheat,Rajasthan,Dungarpur,2016,46.99,2081.19
wheat,Rajasthan,Dungarpur,2017,47.73,2317.19
wheat,Rajasthan,Ganganagar,2000,421.36,2507.81
wheat,Rajasthan,Ganganagar,2001,417.56,3003.16
wheat,Rajasthan,Ganganagar,2002,322.23,2910.68
wheat,Rajasthan,Ganganagar,2003,352.05,2656.47
wheat,Rajasthan,Ganganagar,2004,306.89,3262.15
wheat,Rajasthan,Ganganagar,2005,367.51,3031.75
wheat,Rajasthan,Ganganagar,2006,379.08,3480.64
wheat,Rajasthan,Ganganagar,2007,418.47,2987.93
wheat,Rajasthan,Ganganagar,2008,420.98,3537.37
wheat,Rajasthan,Ganganagar,2009,419.61,2938.04
wheat,Rajasthan,Ganganagar,2010,463.18,4139.56
wheat,Rajasthan,Ganganagar,2011,500.57,3790.66
wheat,Rajasthan,Ganganagar,2012,477.25,3816.89
wheat,Rajasthan,Ganganagar,2013,510.52,3880.36
wheat,Rajasthan,Ganganagar,2014,511.87,3563.99
wheat,Rajasthan,Ganganagar,2015,518.29,3880.82
wheat,Rajasthan,Ganganagar,2016,488.58,3998.08
wheat,Rajasthan,Ganganagar,2017,506.64,4221.05
wheat,Rajasthan,Jaipur,2000,265.45,2353.78
wheat,Rajasthan,Jaipur,2001,248.78,3166.13
wheat,Rajasthan,Jaipur,2002,228.51,3023.24
wheat,Rajasthan,Jaipur,2003,246.66,3046.5
wheat,Rajasthan,Jaipur,2004,234.25,2821.69
wheat,Rajasthan,Jaipur,2005,212.83,2995.16
wheat,Rajasthan,Jaipur,2006,212.02,2588.25
wheat,Rajasthan,Jaipur,2007,209.48,2448.68
wheat,Rajasthan,Jaipur,2008,214.16,3132.56
wheat,Rajasthan,Jaipur,2009,223.19,3312.38
wheat,Rajasthan,Jaipur,2010,253.32,3655.93
wheat,Rajasthan,Jaipur,2011,235.96,3359.51
wheat,Rajasthan,Jaipur,2012,242.4,3503.05
wheat,Rajasthan,Jaipur,2013,249.28,3326.74
wheat,Rajasthan,Jaipur,2014,261.29,3352.64
wheat,Rajasthan,Jaipur,2015,249.96,3428.59
wheat,Rajasthan,Jaipur,2016,259.72,3804.11
wheat,Rajasthan,Jaipur,2017,231.45,3900.51
wheat,Rajasthan,Jaisalmer,2000,11.0,2402.73
wheat,Rajasthan,Jaisalmer,2001,11.45,2793.01
wheat,Rajasthan,Jaisalmer,2002,7.49,2707.61
wheat,Rajasthan,Jaisalmer,2003,5.38,2791.82
wheat,Rajasthan,Jaisalmer,2004,4.82,2840.25
wheat,Rajasthan,Jaisalmer,2005,13.02,2760.37
wheat,Rajasthan,Jaisalmer,2006,13.03,1473.52
wheat,Rajasthan,Jaisalmer,2007,9.7,926.8
wheat,Rajasthan,Jaisalmer,2008,9.52,827.73
wheat,Rajasthan,Jaisalmer,2009,10.77,1181.99
wheat,Rajasthan,Jaisalmer,2010,15.13,3432.91
wheat,Rajasthan,Jaisalmer,2011,14.08,1306.82
wheat,Rajasthan,Jaisalmer,2012,13.42,1301.79
wheat,Rajasthan,Jaisalmer,2013,13.71,1322.39
wheat,Rajasthan,Jaisalmer,2014,10.32,970.93
wheat,Rajasthan,Jaisalmer,2015,12.51,1393.29
wheat,Rajasthan,Jaisalmer,2016,9.99,1383.92
wheat,Rajasthan,Jaisalmer,2017,8.98,1794.06
wheat,Rajasthan,Jalore,2000,34.34,1259.76
wheat,Rajasthan,Jalore,2001,28.67,1298.92
wheat,Rajasthan,Jalore,2002,29.45,1526.66
wheat,Rajasthan,Jalore,2003,29.46,1827.56
wheat,Rajasthan,Jalore,2004,22.33,1695.03
wheat,Rajasthan,Jalore,2005,22.33,1462.16
wheat,Rajasthan,Jalore,2006,43.35,1794.23
wheat,Rajasthan,Jalore,2007,31.53,1713.29
wheat,Rajasthan,Jalore,2008,23.6,1572.46
wheat,Rajasthan,Jalore,2009,30.97,1989.02
wheat,Rajasthan,Jalore,2010,44.96,1789.59
wheat,Rajasthan,Jalore,2011,29.98,1810.87
wheat,Rajasthan,Jalore,2012,28.38,1778.01
wheat,Rajasthan,Jalore,2013,35.01,2201.94
wheat,Rajasthan,Jalore,2014,32.67,1905.42
wheat,Rajasthan,Jalore,2015,41.04,2011.7
wheat,Rajasthan,Jalore,2016,52.18,1954.28
wheat,Rajasthan,Jalore,2017,46.94,2145.45
wheat,Rajasthan,Jhalawar,2000,45.14,1913.16
wheat,Rajasthan,Jhalawar,2001,48.16,2524.92
wheat,Rajasthan,Jhalawar,2002,21.56,2230.06
wheat,Rajasthan,Jhalawar,2003,34.65,2776.33
wheat,Rajasthan,Jhalawar,2004,49.43,3260.98
wheat,Rajasthan,Jhalawar,2005,37.17,2769.71
wheat,Rajasthan,Jhalawar,2006,72.46,3245.65
wheat,Rajasthan,Jhalawar,2007,57.38,2866.16
wheat,Rajasthan,Jhalawar,2008,58.81,2783.03
wheat,Rajasthan,Jhalawar,2009,67.92,3336.43
wheat,Rajasthan,Jhalawar,2010,70.51,3152.6
wheat,Rajasthan,Jhalawar,2011,87.56,3777.41
wheat,Rajasthan,Jhalawar,2012,86.06,3242.16
wheat,Rajasthan,Jhalawar,2013,106.83,3088.65
wheat,Rajasthan,Jhalawar,2014,112.53,3135.08
wheat,Rajasthan,Jhalawar,2015,102.11,3472.33
wheat,Rajasthan,Jhalawar,2016,109.04,3829.26
wheat,Rajasthan,Jhalawar,2017,102.2,4043.52
wheat,Rajasthan,Jhunjhunu,2000,65.93,2502.81
wheat,Rajasthan,Jhunjhunu,2001,55.43,2490.17
wheat,Rajasthan,Jhunjhunu,2002,61.24,3418.35
wheat,Rajasthan,Jhunjhunu,2003,63.46,2762.53
wheat,Rajasthan,Jhunjhunu,2004,59.68,2657.67
wheat,Rajasthan,Jhunjhunu,2005,69.71,3041.03
wheat,Rajasthan,Jhunjhunu,2006,68.35,3539.58
wheat,Rajasthan,Jhunjhunu,2007,75.91,2790.67
wheat,Rajasthan,Jhunjhunu,2008,71.81,3525.41
wheat,Rajasthan,Jhunjhunu,2009,79.52,3243.59
wheat,Rajasthan,Jhunjhunu,2010,79.59,3266.24
wheat,Rajasthan,Jhunjhunu,2011,73.71,3394.25
wheat,Rajasthan,Jhunjhunu,2012,84.44,3736.14
wheat,Rajasthan,Jhunjhunu,2013,86.72,3995.27
wheat,Rajasthan,Jhunjhunu,2014,88.8,4031.76
wheat,Rajasthan,Jhunjhunu,2015,88.34,3521.62
wheat,Rajasthan,Jhunjhunu,2016,86.55,4044.75
wheat,Rajasthan,Jhunjhunu,2017,85.96,3955.61
wheat,Rajasthan,Jodhpur,2000,46.85,2171.18
wheat,Rajasthan,Jodhpur,2001,38.46,2716.85
wheat,Rajasthan,Jodhpur,2002,40.64,1970.96
wheat,Rajasthan,Jodhpur,2003,36.84,2527.14
wheat,Rajasthan,Jodhpur,2004,34.4,2213.08
wheat,Rajasthan,Jodhpur,2005,35.84,2101.56
wheat,Rajasthan,Jodhpur,2006,37.75,2022.78
wheat,Rajasthan,Jodhpur,2007,41.82,2065.04
wheat,Rajasthan,Jodhpur,2008,41.5,1967.95
wheat,Rajasthan,Jodhpur,2009,53.14,2499.25
wheat,Rajasthan,Jodhpur,2010,59.29,2513.91
wheat,Rajasthan,Jodhpur,2011,50.15,2718.84
wheat,Rajasthan,Jodhpur,2012,60.97,2184.02
wheat,Rajasthan,Jodhpur,2013,67.88,2246.02
wheat,Rajasthan,Jodhpur,2014,67.78,1929.92
wheat,Rajasthan,Jodhpur,2015,69.22,1967.93
wheat,Rajasthan,Jodhpur,2016,77.94,2318.18
wheat,Rajasthan,Jodhpur,2017,66.07,2284.95
wheat,Rajasthan,Kota,2000,185.35,2308.71
wheat,Rajasthan,Kota,2001,146.79,2987.53
wheat,Rajasthan,Kota,2002,89.37,2941.37
wheat,Rajasthan,Kota,2003,122.07,2652.82
wheat,Rajasthan,Kota,2004,120.05,3133.44
wheat,Rajasthan,Kota,2005,129.81,3150.68
wheat,Rajasthan,Kota,2006,167.51,3627.43
wheat,Rajasthan,Kota,2007,216.75,3454.63
wheat,Rajasthan,Kota,2008,182.41,3653.58
wheat,Rajasthan,Kota,2009,197.61,3655.63
wheat,Rajasthan,Kota,2010,263.21,3516.05
wheat,Rajasthan,Kota,2011,254.38,3974.53
wheat,Rajasthan,Kota,2012,295.04,4310.64
wheat,Rajasthan,Kota,2013,300.86,3673.1
wheat,Rajasthan,Kota,2014,310.07,3054.18
wheat,Rajasthan,Kota,2015,279.51,4077.31
wheat,Rajasthan,Kota,2016,304.87,4470.28
wheat,Rajasthan,Kota,2017,236.24,4392.07
wheat,Rajasthan,Nagaur,2000,91.91,2005.55
wheat,Rajasthan,Nagaur,2001,69.51,2579.63
wheat,Rajasthan,Nagaur,2002,85.41,2218.36
wheat,Rajasthan,Nagaur,2003,74.77,2699.88
wheat,Rajasthan,Nagaur,2004,69.64,2030.44
wheat,Rajasthan,Nagaur,2005,71.32,2292.06
wheat,Rajasthan,Nagaur,2006,76.38,2162.35
wheat,Rajasthan,Nagaur,2007,79.57,2027.15
wheat,Rajasthan,Nagaur,2008,67.1,2582.27
wheat,Rajasthan,Nagaur,2009,77.17,2516.13
wheat,Rajasthan,Nagaur,2010,77.36,2520.55
wheat,Rajasthan,Nagaur,2011,56.81,2508.71
wheat,Rajasthan,Nagaur,2012,83.77,2534.8
wheat,Rajasthan,Nagaur,2013,75.55,2509.07
wheat,Rajasthan,Nagaur,2014,71.64,2254.47
wheat,Rajasthan,Nagaur,2015,60.28,2658.26
wheat,Rajasthan,Nagaur,2016,64.95,2543.52
wheat,Rajasthan,Nagaur,2017,53.68,2655.38
wheat,Rajasthan,Pali,2000,51.53,1437.42
wheat,Rajasthan,Pali,2001,68.18,1665.15
wheat,Rajasthan,Pali,2002,29.43,2073.73
wheat,Rajasthan,Pali,2003,38.8,2053.87
wheat,Rajasthan,Pali,2004,25.55,1708.41
wheat,Rajasthan,Pali,2005,28.65,1292.84
wheat,Rajasthan,Pali,2006,77.55,1922.76
wheat,Rajasthan,Pali,2007,69.45,1900.22
wheat,Rajasthan,Pali,2008,30.19,1691.95
wheat,Rajasthan,Pali,2009,24.35,1979.88
wheat,Rajasthan,Pali,2010,80.12,1811.66
wheat,Rajasthan,Pali,2011,48.46,2209.86
wheat,Rajasthan,Pali,2012,57.1,2531.17
wheat,Rajasthan,Pali,2013,47.45,2734.67
wheat,Rajasthan,Pali,2014,49.83,2006.02
wheat,Rajasthan,Pali,2015,61.19,2573.95
wheat,Rajasthan,Pali,2016,92.53,2873.37
wheat,Rajasthan,Pali,2017,82.07,2638.02
wheat,Rajasthan,Swami Madhopur,2000,128.09,1799.44
wheat,Rajasthan,Swami Madhopur,2001,117.42,2482.8
wheat,Rajasthan,Swami Madhopur,2002,107.17,1998.04
wheat,Rajasthan,Swami Madhopur,2003,124.44,2903.25
wheat,Rajasthan,Swami Madhopur,2004,95.0,2582.32
wheat,Rajasthan,Swami Madhopur,2005,96.38,2701.7
wheat,Rajasthan,Swami Madhopur,2006,95.77,2945.29
wheat,Rajasthan,Swami Madhopur,2007,102.64,3023.19
wheat,Rajasthan,Swami Madhopur,2008,116.19,3378.0
wheat,Rajasthan,Swami Madhopur,2009,134.33,3713.39
wheat,Rajasthan,Swami Madhopur,2010,170.35,3858.12
wheat,Rajasthan,Swami Madhopur,2011,145.43,3625.66
wheat,Rajasthan,Swami Madhopur,2012,148.35,3616.45
wheat,Rajasthan,Swami Madhopur,2013,160.62,3309.55
wheat,Rajasthan,Swami Madhopur,2014,167.43,3465.45
wheat,Rajasthan,Swami Madhopur,2015,148.28,3437.89
wheat,Rajasthan,Swami Madhopur,2016,174.53,4072.57
wheat,Rajasthan,Swami Madhopur,2017,139.69,4089.7
wheat,Rajasthan,Sikar,2000,86.77,1972.92
wheat,Rajasthan,Sikar,2001,82.09,3281.52
wheat,Rajasthan,Sikar,2002,84.63,2920.24
wheat,Rajasthan,Sikar,2003,86.84,2640.03
wheat,Rajasthan,Sikar,2004,86.65,3078.13
wheat,Rajasthan,Sikar,2005,84.61,2545.33
wheat,Rajasthan,Sikar,2006,84.35,3173.33
wheat,Rajasthan,Sikar,2007,85.2,2006.1
wheat,Rajasthan,Sikar,2008,85.66,2923.89
wheat,Rajasthan,Sikar,2009,90.63,3323.18
wheat,Rajasthan,Sikar,2010,100.48,3421.38
wheat,Rajasthan,Sikar,2011,100.08,2923.16
wheat,Rajasthan,Sikar,2012,100.13,3268.65
wheat,Rajasthan,Sikar,2013,101.35,3269.46
wheat,Rajasthan,Sikar,2014,99.56,3490.26
wheat,Rajasthan,Sikar,2015,92.33,3500.38
wheat,Rajasthan,Sikar,2016,92.03,3625.12
wheat,Rajasthan,Sikar,2017,86.08,3320.37
wheat,Rajasthan,Sirohi,2000,15.22,1683.97
wheat,Rajasthan,Sirohi,2001,22.53,2264.98
wheat,Rajasthan,Sirohi,2002,10.09,2421.21
wheat,Rajasthan,Sirohi,2003,26.66,2643.29
wheat,Rajasthan,Sirohi,2004,16.3,1855.83
wheat,Rajasthan,Sirohi,2005,27.2,2365.44
wheat,Rajasthan,Sirohi,2006,46.19,2365.01
wheat,Rajasthan,Sirohi,2007,39.35,2355.78
wheat,Rajasthan,Sirohi,2008,24.79,2129.08
wheat,Rajasthan,Sirohi,2009,18.02,2448.39
wheat,Rajasthan,Sirohi,2010,39.05,2928.81
wheat,Rajasthan,Sirohi,2011,37.25,2714.9
wheat,Rajasthan,Sirohi,2012,35.95,2757.72
wheat,Rajasthan,Sirohi,2013,34.04,2764.39
wheat,Rajasthan,Sirohi,2014,26.85,2323.28
wheat,Rajasthan,Sirohi,2015,34.23,2676.31
wheat,Rajasthan,Sirohi,2016,37.51,2896.64
wheat,Rajasthan,Sirohi,2017,22.24,2984.58
wheat,Rajasthan,Tonk,2000,70.48,1539.44
wheat,Rajasthan,Tonk,2001,60.3,2050.41
wheat,Rajasthan,Tonk,2002,39.83,2033.14
wheat,Rajasthan,Tonk,2003,47.24,2638.02
wheat,Rajasthan,Tonk,2004,60.62,2791.82
wheat,Rajasthan,Tonk,2005,54.65,2537.05
wheat,Rajasthan,Tonk,2006,63.43,2575.28
wheat,Rajasthan,Tonk,2007,69.96,2501.72
wheat,Rajasthan,Tonk,2008,40.64,2606.05
wheat,Rajasthan,Tonk,2009,39.93,2672.93
wheat,Rajasthan,Tonk,2010,88.63,3209.97
wheat,Rajasthan,Tonk,2011,67.43,3460.92
wheat,Rajasthan,Tonk,2012,61.77,3419.46
wheat,Rajasthan,Tonk,2013,58.42,3423.66
wheat,Rajasthan,Tonk,2014,66.38,2090.39
wheat,Rajasthan,Tonk,2015,51.47,3127.45
wheat,Rajasthan,Tonk,2016,69.18,3625.74
wheat,Rajasthan,Tonk,2017,45.84,3332.6
wheat,Rajasthan,Udaipur,2000,20.83,2170.91
wheat,Rajasthan,Udaipur,2001,54.33,2567.27
wheat,Rajasthan,Udaipur,2002,18.42,2274.7
wheat,Rajasthan,Udaipur,2003,39.18,2492.09
wheat,Rajasthan,Udaipur,2004,51.84,3274.5
wheat,Rajasthan,Udaipur,2005,84.31,2296.88
wheat,Rajasthan,Udaipur,2006,125.6,2660.91
wheat,Rajasthan,Udaipur,2007,113.79,2564.37
wheat,Rajasthan,Udaipur,2008,68.36,2242.25
wheat,Rajasthan,Udaipur,2009,54.88,2659.24
wheat,Rajasthan,Udaipur,2010,103.79,2681.45
wheat,Rajasthan,Udaipur,2011,123.19,2989.37
wheat,Rajasthan,Udaipur,2012,125.96,2790.74
wheat,Rajasthan,Udaipur,2013,123.74,3059.52
wheat,Rajasthan,Udaipur,2014,128.26,2658.41
wheat,Rajasthan,Udaipur,2015,120.11,2794.89
wheat,Rajasthan,Udaipur,2016,134.5,3261.3
wheat,Rajasthan,Udaipur,2017,137.2,3040.36
wheat,Punjab,Gurdaspur,2000,217.0,4258.06
wheat,Punjab,Gurdaspur,2001,217.0,4658.99
wheat,Punjab,Gurdaspur,2002,206.0,3805.83
wheat,Punjab,Gurdaspur,2003,219.0,4347.03
wheat,Punjab,Gurdaspur,2004,227.0,3568.28
wheat,Punjab,Gurdaspur,2005,227.0,3982.38
wheat,Punjab,Gurdaspur,2006,229.0,3973.8
wheat,Punjab,Gurdaspur,2007,231.0,4225.11
wheat,Punjab,Gurdaspur,2008,231.0,4012.99
wheat,Punjab,Gurdaspur,2009,230.0,4086.96
wheat,Punjab,Gurdaspur,2010,226.0,4066.37
wheat,Punjab,Gurdaspur,2011,188.96,4752.33
wheat,Punjab,Gurdaspur,2012,226.0,4415.93
wheat,Punjab,Gurdaspur,2013,226.0,4376.11
wheat,Punjab,Gurdaspur,2014,229.0,3240.17
wheat,Punjab,Gurdaspur,2015,225.0,4542.22
wheat,Punjab,Gurdaspur,2016,225.0,4515.56
wheat,Punjab,Gurdaspur,2017,226.0,4606.19
wheat,Punjab,Amritsar,2000,361.0,4681.44
wheat,Punjab,Amritsar,2001,363.0,4683.2
wheat,Punjab,Amritsar,2002,356.0,4250.0
wheat,Punjab,Amritsar,2003,358.0,4296.09
wheat,Punjab,Amritsar,2004,372.0,4276.88
wheat,Punjab,Amritsar,2005,371.0,4428.57
wheat,Punjab,Amritsar,2006,368.0,4144.02
wheat,Punjab,Amritsar,2007,369.0,4414.63
wheat,Punjab,Amritsar,2008,373.0,4324.4
wheat,Punjab,Amritsar,2009,371.0,4107.82
wheat,Punjab,Amritsar,2010,375.0,4424.0
wheat,Punjab,Amritsar,2011,375.0,4925.33
wheat,Punjab,Amritsar,2012,372.0,4521.51
wheat,Punjab,Amritsar,2013,371.0,5026.95
wheat,Punjab,Amritsar,2014,376.0,4023.94
wheat,Punjab,Amritsar,2015,374.0,4502.67
wheat,Punjab,Amritsar,2016,373.0,4868.63
wheat,Punjab,Amritsar,2017,375.0,4776.0
wheat,Punjab,Kapurthala,2000,111.0,4441.44
wheat,Punjab,Kapurthala,2001,114.0,4719.3
wheat,Punjab,Kapurthala,2002,112.0,3973.21
wheat,Punjab,Kapurthala,2003,112.0,4428.57
wheat,Punjab,Kapurthala,2004,115.0,4000.0
wheat,Punjab,Kapurthala,2005,111.0,4351.35
wheat,Punjab,Kapurthala,2006,109.0,4073.39
wheat,Punjab,Kapurthala,2007,111.0,4558.56
wheat,Punjab,Kapurthala,2008,111.0,4252.25
wheat,Punjab,Kapurthala,2009,111.0,4117.12
wheat,Punjab,Kapurthala,2010,108.0,4444.44
wheat,Punjab,Kapurthala,2011,110.0,4927.27
wheat,Punjab,Kapurthala,2012,110.0,4636.36
wheat,Punjab,Kapurthala,2013,111.0,4936.94
wheat,Punjab,Kapurthala,2014,110.0,3900.0
wheat,Punjab,Kapurthala,2015,110.0,4263.64
wheat,Punjab,Kapurthala,2016,106.0,4924.53
wheat,Punjab,Kapurthala,2017,108.0,4842.59
wheat,Punjab,Jalandhar,2000,209.7,4596.71
wheat,Punjab,Jalandhar,2001,210.31,4672.34
wheat,Punjab,Jalandhar,2002,208.48,4172.77
wheat,Punjab,Jalandhar,2003,214.75,4361.86
wheat,Punjab,Jalandhar,2004,217.36,4252.48
wheat,Punjab,Jalandhar,2005,213.92,4435.44
wheat,Punjab,Jalandhar,2006,208.92,4188.21
wheat,Punjab,Jalandhar,2007,210.92,4461.79
wheat,Punjab,Jalandhar,2008,217.36,4090.77
wheat,Punjab,Jalandhar,2009,215.14,4312.35
wheat,Punjab,Jalandhar,2010,214.14,4694.5
wheat,Punjab,Jalandhar,2011,216.75,5084.52
wheat,Punjab,Jalandhar,2012,217.8,4619.01
wheat,Punjab,Jalandhar,2013,214.75,4951.39
wheat,Punjab,Jalandhar,2014,213.36,4016.78
wheat,Punjab,Jalandhar,2015,218.58,4513.13
wheat,Punjab,Jalandhar,2016,213.36,4860.99
wheat,Punjab,Jalandhar,2017,216.97,5050.7
wheat,Punjab,Hoshiarpur,2000,169.3,3609.39
wheat,Punjab,Hoshiarpur,2001,166.69,3769.63
wheat,Punjab,Hoshiarpur,2002,163.52,3486.18
wheat,Punjab,Hoshiarpur,2003,175.25,3539.46
wheat,Punjab,Hoshiarpur,2004,174.64,3519.7
wheat,Punjab,Hoshiarpur,2005,173.08,3652.47
wheat,Punjab,Hoshiarpur,2006,170.08,3727.66
wheat,Punjab,Hoshiarpur,2007,173.08,3928.36
wheat,Punjab,Hoshiarpur,2008,183.64,3598.51
wheat,Punjab,Hoshiarpur,2009,181.86,3916.42
wheat,Punjab,Hoshiarpur,2010,182.86,4356.99
wheat,Punjab,Hoshiarpur,2011,183.25,4610.8
wheat,Punjab,Hoshiarpur,2012,180.2,4317.31
wheat,Punjab,Hoshiarpur,2013,177.25,4601.92
wheat,Punjab,Hoshiarpur,2014,179.64,3618.24
wheat,Punjab,Hoshiarpur,2015,175.42,4187.21
wheat,Punjab,Hoshiarpur,2016,176.64,4256.45
wheat,Punjab,Hoshiarpur,2017,173.03,4450.96
wheat,Punjab,Roopnagar / Ropar,2000,86.0,3627.91
wheat,Punjab,Roopnagar / Ropar,2001,88.0,3943.18
wheat,Punjab,Roopnagar / Ropar,2002,86.0,3546.51
wheat,Punjab,Roopnagar / Ropar,2003,87.0,3528.74
wheat,Punjab,Roopnagar / Ropar,2004,89.0,3505.62
wheat,Punjab,Roopnagar / Ropar,2005,83.0,3650.6
wheat,Punjab,Roopnagar / Ropar,2006,82.0,3810.98
wheat,Punjab,Roopnagar / Ropar,2007,86.0,4087.21
wheat,Punjab,Roopnagar / Ropar,2008,88.5,3570.62
wheat,Punjab,Roopnagar / Ropar,2009,91.5,4327.87
wheat,Punjab,Roopnagar / Ropar,2010,91.5,4016.39
wheat,Punjab,Roopnagar / Ropar,2011,90.0,4683.33
wheat,Punjab,Roopnagar / Ropar,2012,90.0,4450.0
wheat,Punjab,Roopnagar / Ropar,2013,92.5,4551.35
wheat,Punjab,Roopnagar / Ropar,2014,91.0,4010.99
wheat,Punjab,Roopnagar / Ropar,2015,89.0,4382.02
wheat,Punjab,Roopnagar / Ropar,2016,93.0,4790.32
wheat,Punjab,Roopnagar / Ropar,2017,92.0,4891.3
wheat,Punjab,Ludhiana,2000,270.9,5164.64
wheat,Punjab,Ludhiana,2001,269.75,5066.54
wheat,Punjab,Ludhiana,2002,266.75,4494.28
wheat,Punjab,Ludhiana,2003,269.75,4726.78
wheat,Punjab,Ludhiana,2004,270.75,4833.06
wheat,Punjab,Ludhiana,2005,269.6,4760.2
wheat,Punjab,Ludhiana,2006,269.75,4486.38
wheat,Punjab,Ludhiana,2007,270.75,4810.16
wheat,Punjab,Ludhiana,2008,271.75,4391.54
wheat,Punjab,Ludhiana,2009,271.75,4647.1
wheat,Punjab,Ludhiana,2010,269.75,4962.19
wheat,Punjab,Ludhiana,2011,269.75,5369.23
wheat,Punjab,Ludhiana,2012,268.75,4866.98
wheat,Punjab,Ludhiana,2013,266.6,5217.74
wheat,Punjab,Ludhiana,2014,265.6,4442.77
wheat,Punjab,Ludhiana,2015,263.6,4670.33
wheat,Punjab,Ludhiana,2016,262.6,5096.73
wheat,Punjab,Ludhiana,2017,264.75,5152.41
wheat,Punjab,Ferozpur,2000,727.28,4592.65
wheat,Punjab,Ferozpur,2001,731.54,4387.76
wheat,Punjab,Ferozpur,2002,719.76,4117.09
wheat,Punjab,Ferozpur,2003,740.42,4162.88
wheat,Punjab,Ferozpur,2004,745.64,4170.03
wheat,Punjab,Ferozpur,2005,748.6,4109.51
wheat,Punjab,Ferozpur,2006,754.56,4126.4
wheat,Punjab,Ferozpur,2007,760.56,4575.05
wheat,Punjab,Ferozpur,2008,762.78,4752.35
wheat,Punjab,Ferozpur,2009,764.26,4280.48
wheat,Punjab,Ferozpur,2010,756.64,4799.09
wheat,Punjab,Ferozpur,2011,763.26,5113.09
wheat,Punjab,Ferozpur,2012,764.48,4805.62
wheat,Punjab,Ferozpur,2013,770.74,5124.87
wheat,Punjab,Ferozpur,2014,763.26,4535.36
wheat,Punjab,Ferozpur,2015,767.74,4585.88
wheat,Punjab,Ferozpur,2016,763.96,5132.21
wheat,Punjab,Ferozpur,2017,768.48,5119.07
wheat,Punjab,Bhatinda,2000,528.72,4419.84
wheat,Punjab,Bhatinda,2001,530.46,4072.28
wheat,Punjab,Bhatinda,2002,525.24,4216.51
wheat,Punjab,Bhatinda,2003,533.58,4045.73
wheat,Punjab,Bhatinda,2004,534.36,4176.32
wheat,Punjab,Bhatinda,2005,533.4,3928.8
wheat,Punjab,Bhatinda,2006,538.44,4268.59
wheat,Punjab,Bhatinda,2007,544.44,4407.1
wheat,Punjab,Bhatinda,2008,549.22,4673.9
wheat,Punjab,Bhatinda,2009,550.74,4208.16
wheat,Punjab,Bhatinda,2010,549.36,4772.5
wheat,Punjab,Bhatinda,2011,551.74,5039.29
wheat,Punjab,Bhatinda,2012,555.52,4687.86
wheat,Punjab,Bhatinda,2013,554.26,5023.02
wheat,Punjab,Bhatinda,2014,549.74,4633.72
wheat,Punjab,Bhatinda,2015,553.26,4658.28
wheat,Punjab,Bhatinda,2016,554.04,5220.2
wheat,Punjab,Bhatinda,2017,556.52,5247.07
wheat,Punjab,Sangrur,2000,399.88,4890.77
wheat,Punjab,Sangrur,2001,398.8,4823.07
wheat,Punjab,Sangrur,2002,400.8,4579.14
wheat,Punjab,Sangrur,2003,402.8,4333.07
wheat,Punjab,Sangrur,2004,403.8,4495.69
wheat,Punjab,Sangrur,2005,402.72,4237.49
wheat,Punjab,Sangrur,2006,402.8,4426.12
wheat,Punjab,Sangrur,2007,401.8,4719.56
wheat,Punjab,Sangrur,2008,405.8,4778.41
wheat,Punjab,Sangrur,2009,407.8,4550.07
wheat,Punjab,Sangrur,2010,408.8,5081.6
wheat,Punjab,Sangrur,2011,408.8,5449.9
wheat,Punjab,Sangrur,2012,405.8,5113.85
wheat,Punjab,Sangrur,2013,405.72,5415.46
wheat,Punjab,Sangrur,2014,404.72,4744.51
wheat,Punjab,Sangrur,2015,407.72,4830.57
wheat,Punjab,Sangrur,2016,406.72,5531.77
wheat,Punjab,Sangrur,2017,408.8,5490.02
wheat,Punjab,Patiala,2000,327.22,4661.02
wheat,Punjab,Patiala,2001,330.45,4938.3
wheat,Punjab,Patiala,2002,330.45,4466.12
wheat,Punjab,Patiala,2003,331.45,4156.25
wheat,Punjab,Patiala,2004,331.45,4580.15
wheat,Punjab,Patiala,2005,334.68,4234.28
wheat,Punjab,Patiala,2006,334.45,4456.45
wheat,Punjab,Patiala,2007,329.45,4731.61
wheat,Punjab,Patiala,2008,331.95,4610.69
wheat,Punjab,Patiala,2009,326.95,4602.02
wheat,Punjab,Patiala,2010,327.95,4804.36
wheat,Punjab,Patiala,2011,328.45,5380.51
wheat,Punjab,Patiala,2012,326.45,4834.74
wheat,Punjab,Patiala,2013,322.18,4953.1
wheat,Punjab,Patiala,2014,322.68,4291.56
wheat,Punjab,Patiala,2015,323.68,4610.66
wheat,Punjab,Patiala,2016,320.68,5133.53
wheat,Punjab,Patiala,2017,322.45,5261.53
wheat,Haryana,Hissar,2000,727.24,4119.05
wheat,Haryana,Hissar,2001,698.61,4077.02
wheat,Haryana,Hissar,2002,686.37,3975.64
wheat,Haryana,Hissar,2003,701.01,4080.89
wheat,Haryana,Hissar,2004,717.45,3948.2
wheat,Haryana,Hissar,2005,717.01,3652.55
wheat,Haryana,Hissar,2006,747.37,4457.18
wheat,Haryana,Hissar,2007,803.1,4138.32
wheat,Haryana,Hissar,2008,795.32,4837.76
wheat,Haryana,Hissar,2009,801.39,4109.52
wheat,Haryana,Hissar,2010,811.29,4891.1
wheat,Haryana,Hissar,2011,832.89,5169.33
wheat,Haryana,Hissar,2012,828.41,4534.54
wheat,Haryana,Hissar,2013,818.57,4938.2
wheat,Haryana,Hissar,2014,879.49,4449.77
wheat,Haryana,Hissar,2015,843.91,4586.91
wheat,Haryana,Hissar,2016,847.16,4921.61
wheat,Haryana,Hissar,2017,829.58,4980.16
wheat,Haryana,Gurgaon,2000,270.3,3773.58
wheat,Haryana,Gurgaon,2001,252.2,3715.31
wheat,Haryana,Gurgaon,2002,245.2,3902.94
wheat,Haryana,Gurgaon,2003,257.1,3772.85
wheat,Haryana,Gurgaon,2004,251.25,3713.43
wheat,Haryana,Gurgaon,2005,242.1,3415.94
wheat,Haryana,Gurgaon,2006,250.7,3526.13
wheat,Haryana,Gurgaon,2007,253.1,4132.75
wheat,Haryana,Gurgaon,2008,247.2,4461.97
wheat,Haryana,Gurgaon,2009,257.8,4162.14
wheat,Haryana,Gurgaon,2010,252.3,4518.43
wheat,Haryana,Gurgaon,2011,253.9,4832.61
wheat,Haryana,Gurgaon,2012,243.45,4452.66
wheat,Haryana,Gurgaon,2013,249.0,4473.9
wheat,Haryana,Gurgaon,2014,259.0,3285.71
wheat,Haryana,Gurgaon,2015,257.8,3987.59
wheat,Haryana,Gurgaon,2016,255.2,4416.14
wheat,Haryana,Gurgaon,2017,243.7,4534.26
wheat,Haryana,Jind,2000,234.11,4334.85
wheat,Haryana,Jind,2001,237.17,4281.47
wheat,Haryana,Jind,2002,234.25,4227.75
wheat,Haryana,Jind,2003,238.15,3984.75
wheat,Haryana,Jind,2004,238.27,4146.11
wheat,Haryana,Jind,2005,235.72,4033.06
wheat,Haryana,Jind,2006,244.21,4227.41
wheat,Haryana,Jind,2007,244.56,4216.75
wheat,Haryana,Jind,2008,246.14,4793.01
wheat,Haryana,Jind,2009,246.11,4359.75
wheat,Haryana,Jind,2010,247.77,4570.0
wheat,Haryana,Jind,2011,247.76,5270.22
wheat,Haryana,Jind,2012,246.99,4320.27
wheat,Haryana,Jind,2013,248.32,4582.15
wheat,Haryana,Jind,2014,250.5,3724.23
wheat,Haryana,Jind,2015,248.3,4387.64
wheat,Haryana,Jind,2016,248.14,4880.23
wheat,Haryana,Jind,2017,247.65,5012.68
wheat,Haryana,Mahendragarh / Narnaul,2000,138.64,3735.1
wheat,Haryana,Mahendragarh / Narnaul,2001,121.43,3734.17
wheat,Haryana,Mahendragarh / Narnaul,2002,123.0,3754.85
wheat,Haryana,Mahendragarh / Narnaul,2003,123.77,3826.85
wheat,Haryana,Mahendragarh / Narnaul,2004,116.32,3749.86
wheat,Haryana,Mahendragarh / Narnaul,2005,108.36,3873.43
wheat,Haryana,Mahendragarh / Narnaul,2006,127.21,3992.86
wheat,Haryana,Mahendragarh / Narnaul,2007,135.58,3716.27
wheat,Haryana,Mahendragarh / Narnaul,2008,126.32,4396.51
wheat,Haryana,Mahendragarh / Narnaul,2009,128.4,3996.15
wheat,Haryana,Mahendragarh / Narnaul,2010,136.05,4633.1
wheat,Haryana,Mahendragarh / Narnaul,2011,126.93,4619.19
wheat,Haryana,Mahendragarh / Narnaul,2012,128.83,4569.24
wheat,Haryana,Mahendragarh / Narnaul,2013,133.58,4707.89
wheat,Haryana,Mahendragarh / Narnaul,2014,156.01,3903.21
wheat,Haryana,Mahendragarh / Narnaul,2015,147.86,4130.12
wheat,Haryana,Mahendragarh / Narnaul,2016,144.08,4659.28
wheat,Haryana,Mahendragarh / Narnaul,2017,139.03,4440.22
wheat,Haryana,Ambala,2000,157.3,3490.15
wheat,Haryana,Ambala,2001,161.6,3632.43
wheat,Haryana,Ambala,2002,161.1,3513.35
wheat,Haryana,Ambala,2003,172.4,3242.46
wheat,Haryana,Ambala,2004,172.09,3201.81
wheat,Haryana,Ambala,2005,172.3,3546.14
wheat,Haryana,Ambala,2006,169.9,3808.12
wheat,Haryana,Ambala,2007,172.4,3752.9
wheat,Haryana,Ambala,2008,183.9,3768.35
wheat,Haryana,Ambala,2009,188.4,3922.51
wheat,Haryana,Ambala,2010,186.5,3935.66
wheat,Haryana,Ambala,2011,187.8,4984.03
wheat,Haryana,Ambala,2012,189.09,4199.06
wheat,Haryana,Ambala,2013,188.0,4478.72
wheat,Haryana,Ambala,2014,194.0,3675.26
wheat,Haryana,Ambala,2015,196.2,4311.93
wheat,Haryana,Ambala,2016,193.2,4451.35
wheat,Haryana,Ambala,2017,194.2,4624.1
wheat,Haryana,Karnal,2000,483.79,4609.79
wheat,Haryana,Karnal,2001,493.33,4511.3
wheat,Haryana,Karnal,2002,497.95,4363.19
wheat,Haryana,Karnal,2003,502.85,4130.52
wheat,Haryana,Karnal,2004,511.31,4160.11
wheat,Haryana,Karnal,2005,506.88,4368.55
wheat,Haryana,Karnal,2006,499.29,4479.61
wheat,Haryana,Karnal,2007,506.74,4565.95
wheat,Haryana,Karnal,2008,516.06,4658.86
wheat,Haryana,Karnal,2009,513.09,4519.72
wheat,Haryana,Karnal,2010,517.23,4550.57
wheat,Haryana,Karnal,2011,512.54,5541.52
wheat,Haryana,Karnal,2012,512.65,4661.93
wheat,Haryana,Karnal,2013,512.68,4874.7
wheat,Haryana,Karnal,2014,514.5,4031.25
wheat,Haryana,Karnal,2015,514.4,4655.03
wheat,Haryana,Karnal,2016,527.36,4822.17
wheat,Haryana,Karnal,2017,515.45,4921.16
wheat,Haryana,Rohtak,2000,343.42,3906.66
wheat,Haryana,Rohtak,2001,335.56,4083.67
wheat,Haryana,Rohtak,2002,319.23,4107.98
wheat,Haryana,Rohtak,2003,320.12,3825.45
wheat,Haryana,Rohtak,2004,310.0,3790.9
wheat,Haryana,Rohtak,2005,320.33,3781.6
wheat,Haryana,Rohtak,2006,338.42,4195.69
wheat,Haryana,Rohtak,2007,345.22,3958.81
wheat,Haryana,Rohtak,2008,346.45,4551.95
wheat,Haryana,Rohtak,2009,352.52,4191.56
wheat,Haryana,Rohtak,2010,352.86,4589.83
wheat,Haryana,Rohtak,2011,369.48,5191.63
wheat,Haryana,Rohtak,2012,347.5,4134.8
wheat,Haryana,Rohtak,2013,348.85,4402.64
wheat,Haryana,Rohtak,2014,374.5,3640.93
wheat,Haryana,Rohtak,2015,367.13,4116.74
wheat,Haryana,Rohtak,2016,348.87,5166.25
wheat,Haryana,Rohtak,2017,360.89,4802.67
wheat,Uttar Pradesh,Saharanpur,2000,167.21,2816.34
wheat,Uttar Pradesh,Saharanpur,2001,158.38,2859.64
wheat,Uttar Pradesh,Saharanpur,2002,156.58,2735.73
wheat,Uttar Pradesh,Saharanpur,2003,163.07,2758.45
wheat,Uttar Pradesh,Saharanpur,2004,167.28,2554.82
wheat,Uttar Pradesh,Saharanpur,2005,154.32,2558.71
wheat,Uttar Pradesh,Saharanpur,2006,151.03,2792.89
wheat,Uttar Pradesh,Saharanpur,2007,152.1,2805.39
wheat,Uttar Pradesh,Saharanpur,2008,159.58,2910.64
wheat,Uttar Pradesh,Saharanpur,2009,161.46,2940.67
wheat,Uttar Pradesh,Saharanpur,2010,157.99,2875.25
wheat,Uttar Pradesh,Saharanpur,2011,156.17,3297.05
wheat,Uttar Pradesh,Saharanpur,2012,153.33,3251.61
wheat,Uttar Pradesh,Saharanpur,2013,153.12,3246.28
wheat,Uttar Pradesh,Saharanpur,2014,163.14,2058.05
wheat,Uttar Pradesh,Saharanpur,2015,158.87,3230.38
wheat,Uttar Pradesh,Saharanpur,2016,158.99,3601.9
wheat,Uttar Pradesh,Saharanpur,2017,156.61,3760.46
wheat,Uttar Pradesh,Muzaffarnagar,2000,135.56,3490.48
wheat,Uttar Pradesh,Muzaffarnagar,2001,131.73,3713.58
wheat,Uttar Pradesh,Muzaffarnagar,2002,115.85,3350.97
wheat,Uttar Pradesh,Muzaffarnagar,2003,125.02,3466.09
wheat,Uttar Pradesh,Muzaffarnagar,2004,129.3,3297.68
wheat,Uttar Pradesh,Muzaffarnagar,2005,126.1,3362.89
wheat,Uttar Pradesh,Muzaffarnagar,2006,121.35,3237.33
wheat,Uttar Pradesh,Muzaffarnagar,2007,120.0,3294.17
wheat,Uttar Pradesh,Muzaffarnagar,2008,129.64,3279.0
wheat,Uttar Pradesh,Muzaffarnagar,2009,138.57,3440.93
wheat,Uttar Pradesh,Muzaffarnagar,2010,135.98,3376.75
wheat,Uttar Pradesh,Muzaffarnagar,2011,134.63,3931.74
wheat,Uttar Pradesh,Muzaffarnagar,2012,131.45,3690.6
wheat,Uttar Pradesh,Muzaffarnagar,2013,121.63,3723.01
wheat,Uttar Pradesh,Muzaffarnagar,2014,128.14,2894.02
wheat,Uttar Pradesh,Muzaffarnagar,2015,136.38,3763.09
wheat,Uttar Pradesh,Muzaffarnagar,2016,129.4,4199.1
wheat,Uttar Pradesh,Muzaffarnagar,2017,135.26,4208.48
wheat,Uttar Pradesh,Meerut,2000,260.22,3485.28
wheat,Uttar Pradesh,Meerut,2001,251.78,3623.77
wheat,Uttar Pradesh,Meerut,2002,242.2,3583.57
wheat,Uttar Pradesh,Meerut,2003,260.79,3556.46
wheat,Uttar Pradesh,Meerut,2004,243.66,3474.19
wheat,Uttar Pradesh,Meerut,2005,240.33,3373.15
wheat,Uttar Pradesh,Meerut,2006,237.81,3689.09
wheat,Uttar Pradesh,Meerut,2007,236.72,3496.36
wheat,Uttar Pradesh,Meerut,2008,241.63,3721.51
wheat,Uttar Pradesh,Meerut,2009,244.3,3602.27
wheat,Uttar Pradesh,Meerut,2010,232.38,4047.15
wheat,Uttar Pradesh,Meerut,2011,231.57,4231.74
wheat,Uttar Pradesh,Meerut,2012,197.58,4546.2
wheat,Uttar Pradesh,Meerut,2013,222.91,4360.94
wheat,Uttar Pradesh,Meerut,2014,214.56,3084.02
wheat,Uttar Pradesh,Meerut,2015,216.44,3910.32
wheat,Uttar Pradesh,Meerut,2016,219.19,4399.81
wheat,Uttar Pradesh,Meerut,2017,219.37,4249.36
wheat,Uttar Pradesh,Buland Shahar,2000,214.82,3731.92
wheat,Uttar Pradesh,Buland Shahar,2001,206.16,3826.92
wheat,Uttar Pradesh,Buland Shahar,2002,211.64,3884.89
wheat,Uttar Pradesh,Buland Shahar,2003,221.52,3533.81
wheat,Uttar Pradesh,Buland Shahar,2004,220.33,3425.63
wheat,Uttar Pradesh,Buland Shahar,2005,218.54,3417.46
wheat,Uttar Pradesh,Buland Shahar,2006,218.91,3732.85
wheat,Uttar Pradesh,Buland Shahar,2007,219.58,3550.29
wheat,Uttar Pradesh,Buland Shahar,2008,219.76,3936.71
wheat,Uttar Pradesh,Buland Shahar,2009,222.22,3686.87
wheat,Uttar Pradesh,Buland Shahar,2010,225.6,3950.99
wheat,Uttar Pradesh,Buland Shahar,2011,223.58,4208.99
wheat,Uttar Pradesh,Buland Shahar,2012,53.66,4513.63
wheat,Uttar Pradesh,Buland Shahar,2013,216.94,4146.14
wheat,Uttar Pradesh,Buland Shahar,2014,220.02,2736.36
wheat,Uttar Pradesh,Buland Shahar,2015,222.76,3839.56
wheat,Uttar Pradesh,Buland Shahar,2016,220.53,4266.06
wheat,Uttar Pradesh,Buland Shahar,2017,215.96,4482.97
wheat,Uttar Pradesh,Aligarh,2000,310.87,3384.08
wheat,Uttar Pradesh,Aligarh,2001,310.33,3210.49
wheat,Uttar Pradesh,Aligarh,2002,306.45,3366.1
wheat,Uttar Pradesh,Aligarh,2003,312.8,3263.11
wheat,Uttar Pradesh,Aligarh,2004,310.98,2936.3
wheat,Uttar Pradesh,Aligarh,2005,307.25,3053.18
wheat,Uttar Pradesh,Aligarh,2006,309.51,2847.15
wheat,Uttar Pradesh,Aligarh,2007,307.36,3172.4
wheat,Uttar Pradesh,Aligarh,2008,308.32,3253.41
wheat,Uttar Pradesh,Aligarh,2009,311.61,3080.58
wheat,Uttar Pradesh,Aligarh,2010,310.34,3396.73
wheat,Uttar Pradesh,Aligarh,2011,302.27,3654.98
wheat,Uttar Pradesh,Aligarh,2012,153.7,3585.95
wheat,Uttar Pradesh,Aligarh,2013,304.52,3678.51
wheat,Uttar Pradesh,Aligarh,2014,305.4,2418.17
wheat,Uttar Pradesh,Aligarh,2015,292.48,3334.31
wheat,Uttar Pradesh,Aligarh,2016,296.82,4002.79
wheat,Uttar Pradesh,Aligarh,2017,306.2,4159.11
wheat,Uttar Pradesh,Mathura,2000,209.17,3411.15
wheat,Uttar Pradesh,Mathura,2001,200.8,3126.99
wheat,Uttar Pradesh,Mathura,2002,188.94,3513.28
wheat,Uttar Pradesh,Mathura,2003,198.35,3304.41
wheat,Uttar Pradesh,Mathura,2004,188.89,3121.13
wheat,Uttar Pradesh,Mathura,2005,188.55,3298.44
wheat,Uttar Pradesh,Mathura,2006,192.25,2814.25
wheat,Uttar Pradesh,Mathura,2007,191.31,3657.78
wheat,Uttar Pradesh,Mathura,2008,191.44,3820.73
wheat,Uttar Pradesh,Mathura,2009,192.15,3225.76
wheat,Uttar Pradesh,Mathura,2010,194.72,3749.13
wheat,Uttar Pradesh,Mathura,2011,196.3,3687.67
wheat,Uttar Pradesh,Mathura,2012,99.5,3706.93
wheat,Uttar Pradesh,Mathura,2013,194.36,3486.06
wheat,Uttar Pradesh,Mathura,2014,194.21,2100.05
wheat,Uttar Pradesh,Mathura,2015,178.83,3453.06
wheat,Uttar Pradesh,Mathura,2016,194.29,4104.0
wheat,Uttar Pradesh,Mathura,2017,200.42,3515.0
wheat,Uttar Pradesh,Agra,2000,174.94,2998.45
wheat,Uttar Pradesh,Agra,2001,170.8,3024.45
wheat,Uttar Pradesh,Agra,2002,165.59,3200.73
wheat,Uttar Pradesh,Agra,2003,166.0,3236.03
wheat,Uttar Pradesh,Agra,2004,159.23,3139.74
wheat,Uttar Pradesh,Agra,2005,163.69,3268.27
wheat,Uttar Pradesh,Agra,2006,172.97,2793.74
wheat,Uttar Pradesh,Agra,2007,172.82,3178.89
wheat,Uttar Pradesh,Agra,2008,171.33,3323.67
wheat,Uttar Pradesh,Agra,2009,172.08,3218.5
wheat,Uttar Pradesh,Agra,2010,175.43,3692.45
wheat,Uttar Pradesh,Agra,2011,171.6,3891.52
wheat,Uttar Pradesh,Agra,2012,167.92,3825.01
wheat,Uttar Pradesh,Agra,2013,165.16,3686.93
wheat,Uttar Pradesh,Agra,2014,169.28,2315.32
wheat,Uttar Pradesh,Agra,2015,154.3,3239.22
wheat,Uttar Pradesh,Agra,2016,163.07,4019.67
wheat,Uttar Pradesh,Agra,2017,169.78,3913.58
wheat,Uttar Pradesh,Mainpuri,2000,204.61,3094.97
wheat,Uttar Pradesh,Mainpuri,2001,204.54,3092.42
wheat,Uttar Pradesh,Mainpuri,2002,198.82,2984.21
wheat,Uttar Pradesh,Mainpuri,2003,185.42,3113.52
wheat,Uttar Pradesh,Mainpuri,2004,185.7,2733.06
wheat,Uttar Pradesh,Mainpuri,2005,207.93,3176.96
wheat,Uttar Pradesh,Mainpuri,2006,232.04,2961.12
wheat,Uttar Pradesh,Mainpuri,2007,213.89,3189.13
wheat,Uttar Pradesh,Mainpuri,2008,212.96,3381.41
wheat,Uttar Pradesh,Mainpuri,2009,228.75,3290.45
wheat,Uttar Pradesh,Mainpuri,2010,228.54,3535.37
wheat,Uttar Pradesh,Mainpuri,2011,216.97,3694.18
wheat,Uttar Pradesh,Mainpuri,2012,218.23,3630.04
wheat,Uttar Pradesh,Mainpuri,2013,217.2,3735.8
wheat,Uttar Pradesh,Mainpuri,2014,214.38,2208.47
wheat,Uttar Pradesh,Mainpuri,2015,226.6,3319.1
wheat,Uttar Pradesh,Mainpuri,2016,216.63,3946.96
wheat,Uttar Pradesh,Mainpuri,2017,214.11,4115.28
wheat,Uttar Pradesh,Etah,2000,194.16,3243.3
wheat,Uttar Pradesh,Etah,2001,217.92,2963.15
wheat,Uttar Pradesh,Etah,2002,214.65,2768.79
wheat,Uttar Pradesh,Etah,2003,217.83,3104.62
wheat,Uttar Pradesh,Etah,2004,223.93,2519.49
wheat,Uttar Pradesh,Etah,2005,227.35,2765.21
wheat,Uttar Pradesh,Etah,2006,228.09,2833.75
wheat,Uttar Pradesh,Etah,2007,227.61,2812.75
wheat,Uttar Pradesh,Etah,2008,229.95,3211.18
wheat,Uttar Pradesh,Etah,2009,231.19,3001.08
wheat,Uttar Pradesh,Etah,2010,231.84,3304.74
wheat,Uttar Pradesh,Etah,2011,231.0,3562.55
wheat,Uttar Pradesh,Etah,2012,229.1,3654.3
wheat,Uttar Pradesh,Etah,2013,231.44,3576.91
wheat,Uttar Pradesh,Etah,2014,232.25,2127.06
wheat,Uttar Pradesh,Etah,2015,231.21,2977.64
wheat,Uttar Pradesh,Etah,2016,231.18,3811.06
wheat,Uttar Pradesh,Etah,2017,229.73,3935.72
wheat,Uttar Pradesh,Bareilly,2000,190.45,2690.36
wheat,Uttar Pradesh,Bareilly,2001,183.32,2722.94
wheat,Uttar Pradesh,Bareilly,2002,180.19,2642.38
wheat,Uttar Pradesh,Bareilly,2003,200.11,2762.73
wheat,Uttar Pradesh,Bareilly,2004,208.77,2455.57
wheat,Uttar Pradesh,Bareilly,2005,194.88,2539.31
wheat,Uttar Pradesh,Bareilly,2006,183.32,2844.32
wheat,Uttar Pradesh,Bareilly,2007,191.26,2825.58
wheat,Uttar Pradesh,Bareilly,2008,208.16,2980.21
wheat,Uttar Pradesh,Bareilly,2009,212.16,2789.78
wheat,Uttar Pradesh,Bareilly,2010,212.91,2907.19
wheat,Uttar Pradesh,Bareilly,2011,209.08,3259.95
wheat,Uttar Pradesh,Bareilly,2012,230.27,3323.92
wheat,Uttar Pradesh,Bareilly,2013,200.05,3150.96
wheat,Uttar Pradesh,Bareilly,2014,212.6,1858.0
wheat,Uttar Pradesh,Bareilly,2015,209.61,2930.01
wheat,Uttar Pradesh,Bareilly,2016,214.08,3656.0
wheat,Uttar Pradesh,Bareilly,2017,195.12,3671.0
wheat,Uttar Pradesh,Budaun,2000,295.96,3050.78
wheat,Uttar Pradesh,Budaun,2001,291.73,2995.75
wheat,Uttar Pradesh,Budaun,2002,285.78,2704.39
wheat,Uttar Pradesh,Budaun,2003,300.15,2941.03
wheat,Uttar Pradesh,Budaun,2004,300.95,2497.26
wheat,Uttar Pradesh,Budaun,2005,292.7,2716.64
wheat,Uttar Pradesh,Budaun,2006,292.51,3004.96
wheat,Uttar Pradesh,Budaun,2007,296.65,2848.58
wheat,Uttar Pradesh,Budaun,2008,299.87,3197.45
wheat,Uttar Pradesh,Budaun,2009,316.36,3468.17
wheat,Uttar Pradesh,Budaun,2010,315.99,3395.3
wheat,Uttar Pradesh,Budaun,2011,295.17,3518.34
wheat,Uttar Pradesh,Budaun,2012,207.14,2482.79
wheat,Uttar Pradesh,Budaun,2013,298.54,3622.91
wheat,Uttar Pradesh,Budaun,2014,310.1,2082.46
wheat,Uttar Pradesh,Budaun,2015,303.0,2871.82
wheat,Uttar Pradesh,Budaun,2016,285.47,3506.09
wheat,Uttar Pradesh,Budaun,2017,276.29,3668.8
wheat,Uttar Pradesh,Moradabad,2000,292.34,3110.18
wheat,Uttar Pradesh,Moradabad,2001,291.56,3175.33
wheat,Uttar Pradesh,Moradabad,2002,285.85,2929.89
wheat,Uttar Pradesh,Moradabad,2003,299.36,3148.88
wheat,Uttar Pradesh,Moradabad,2004,308.26,2547.75
wheat,Uttar Pradesh,Moradabad,2005,298.27,2835.18
wheat,Uttar Pradesh,Moradabad,2006,286.57,3067.49
wheat,Uttar Pradesh,Moradabad,2007,287.56,2961.26
wheat,Uttar Pradesh,Moradabad,2008,297.84,3210.82
wheat,Uttar Pradesh,Moradabad,2009,297.46,2953.54
wheat,Uttar Pradesh,Moradabad,2010,297.66,3144.56
wheat,Uttar Pradesh,Moradabad,2011,299.27,3179.51
wheat,Uttar Pradesh,Moradabad,2012,295.48,3152.06
wheat,Uttar Pradesh,Moradabad,2013,301.38,3333.88
wheat,Uttar Pradesh,Moradabad,2014,302.74,1869.19
wheat,Uttar Pradesh,Moradabad,2015,298.53,3042.47
wheat,Uttar Pradesh,Moradabad,2016,296.22,3506.66
wheat,Uttar Pradesh,Moradabad,2017,300.44,3665.08
wheat,Uttar Pradesh,Shahjahanpur,2000,257.83,3276.66
wheat,Uttar Pradesh,Shahjahanpur,2001,260.16,3296.66
wheat,Uttar Pradesh,Shahjahanpur,2002,242.04,3174.14
wheat,Uttar Pradesh,Shahjahanpur,2003,252.37,3204.38
wheat,Uttar Pradesh,Shahjahanpur,2004,252.57,3098.47
wheat,Uttar Pradesh,Shahjahanpur,2005,246.77,3509.91
wheat,Uttar Pradesh,Shahjahanpur,2006,249.18,3457.74
wheat,Uttar Pradesh,Shahjahanpur,2007,255.92,3613.2
wheat,Uttar Pradesh,Shahjahanpur,2008,255.28,3604.04
wheat,Uttar Pradesh,Shahjahanpur,2009,252.67,3580.16
wheat,Uttar Pradesh,Shahjahanpur,2010,252.14,3595.54
wheat,Uttar Pradesh,Shahjahanpur,2011,257.2,3861.39
wheat,Uttar Pradesh,Shahjahanpur,2012,136.89,3611.07
wheat,Uttar Pradesh,Shahjahanpur,2013,255.24,3662.0
wheat,Uttar Pradesh,Shahjahanpur,2014,260.46,1985.03
wheat,Uttar Pradesh,Shahjahanpur,2015,253.36,3509.0
wheat,Uttar Pradesh,Shahjahanpur,2016,250.68,4206.0
wheat,Uttar Pradesh,Shahjahanpur,2017,247.7,3996.0
wheat,Uttar Pradesh,Pilibhit,2000,141.61,3235.51
wheat,Uttar Pradesh,Pilibhit,2001,140.99,3049.79
wheat,Uttar Pradesh,Pilibhit,2002,149.64,3003.01
wheat,Uttar Pradesh,Pilibhit,2003,162.55,3064.53
wheat,Uttar Pradesh,Pilibhit,2004,173.25,3098.12
wheat,Uttar Pradesh,Pilibhit,2005,158.82,3290.96
wheat,Uttar Pradesh,Pilibhit,2006,144.85,3336.97
wheat,Uttar Pradesh,Pilibhit,2007,148.15,3695.04
wheat,Uttar Pradesh,Pilibhit,2008,162.8,3635.69
wheat,Uttar Pradesh,Pilibhit,2009,159.17,3380.66
wheat,Uttar Pradesh,Pilibhit,2010,154.19,3789.87
wheat,Uttar Pradesh,Pilibhit,2011,147.64,3890.14
wheat,Uttar Pradesh,Pilibhit,2012,103.37,3193.0
wheat,Uttar Pradesh,Pilibhit,2013,143.5,3660.98
wheat,Uttar Pradesh,Pilibhit,2014,144.78,2565.06
wheat,Uttar Pradesh,Pilibhit,2015,154.26,3876.9
wheat,Uttar Pradesh,Pilibhit,2016,140.43,4200.0
wheat,Uttar Pradesh,Pilibhit,2017,131.99,4237.0
wheat,Uttar Pradesh,Rampur,2000,133.69,3658.01
wheat,Uttar Pradesh,Rampur,2001,133.85,3483.68
wheat,Uttar Pradesh,Rampur,2002,127.62,3039.18
wheat,Uttar Pradesh,Rampur,2003,139.28,3498.71
wheat,Uttar Pradesh,Rampur,2004,143.96,2981.24
wheat,Uttar Pradesh,Rampur,2005,142.68,3042.47
wheat,Uttar Pradesh,Rampur,2006,141.25,3225.77
wheat,Uttar Pradesh,Rampur,2007,142.87,3377.9
wheat,Uttar Pradesh,Rampur,2008,147.22,3468.62
wheat,Uttar Pradesh,Rampur,2009,147.42,3269.3
wheat,Uttar Pradesh,Rampur,2010,148.78,3410.67
wheat,Uttar Pradesh,Rampur,2011,145.98,3504.66
wheat,Uttar Pradesh,Rampur,2012,140.32,3471.92
wheat,Uttar Pradesh,Rampur,2013,147.28,3449.96
wheat,Uttar Pradesh,Rampur,2014,147.85,1789.92
wheat,Uttar Pradesh,Rampur,2015,133.65,3423.12
wheat,Uttar Pradesh,Rampur,2016,142.05,3920.0
wheat,Uttar Pradesh,Rampur,2017,149.25,4008.0
wheat,Uttar Pradesh,Bijnor,2000,115.9,2665.06
wheat,Uttar Pradesh,Bijnor,2001,108.59,2948.71
wheat,Uttar Pradesh,Bijnor,2002,106.24,2737.86
wheat,Uttar Pradesh,Bijnor,2003,114.54,2758.95
wheat,Uttar Pradesh,Bijnor,2004,111.55,2663.65
wheat,Uttar Pradesh,Bijnor,2005,108.77,2740.74
wheat,Uttar Pradesh,Bijnor,2006,109.46,2951.85
wheat,Uttar Pradesh,Bijnor,2007,110.83,2926.1
wheat,Uttar Pradesh,Bijnor,2008,112.2,2990.29
wheat,Uttar Pradesh,Bijnor,2009,113.74,2865.57
wheat,Uttar Pradesh,Bijnor,2010,110.02,3048.9
wheat,Uttar Pradesh,Bijnor,2011,106.86,3204.19
wheat,Uttar Pradesh,Bijnor,2012,78.24,4129.86
wheat,Uttar Pradesh,Bijnor,2013,147.96,3303.87
wheat,Uttar Pradesh,Bijnor,2014,116.55,2703.05
wheat,Uttar Pradesh,Bijnor,2015,99.7,3100.0
wheat,Uttar Pradesh,Bijnor,2016,148.01,3457.0
wheat,Uttar Pradesh,Bijnor,2017,157.27,3620.0
wheat,Uttar Pradesh,Farrukhabad,2000,154.13,3456.63
wheat,Uttar Pradesh,Farrukhabad,2001,154.01,3206.29
wheat,Uttar Pradesh,Farrukhabad,2002,146.78,2982.63
wheat,Uttar Pradesh,Farrukhabad,2003,147.34,3283.43
wheat,Uttar Pradesh,Farrukhabad,2004,146.26,3017.37
wheat,Uttar Pradesh,Farrukhabad,2005,144.51,3235.55
wheat,Uttar Pradesh,Farrukhabad,2006,144.14,3376.86
wheat,Uttar Pradesh,Farrukhabad,2007,144.35,3303.71
wheat,Uttar Pradesh,Farrukhabad,2008,143.37,3483.02
wheat,Uttar Pradesh,Farrukhabad,2009,144.09,3460.41
wheat,Uttar Pradesh,Farrukhabad,2010,147.25,3576.98
wheat,Uttar Pradesh,Farrukhabad,2011,146.65,3897.24
wheat,Uttar Pradesh,Farrukhabad,2012,145.49,3720.87
wheat,Uttar Pradesh,Farrukhabad,2013,153.35,3658.49
wheat,Uttar Pradesh,Farrukhabad,2014,153.74,1875.76
wheat,Uttar Pradesh,Farrukhabad,2015,143.25,3209.91
wheat,Uttar Pradesh,Farrukhabad,2016,157.56,4022.45
wheat,Uttar Pradesh,Farrukhabad,2017,150.66,4515.55
wheat,Uttar Pradesh,Etawah,2000,176.35,3054.49
wheat,Uttar Pradesh,Etawah,2001,175.63,3125.78
wheat,Uttar Pradesh,Etawah,2002,172.98,2972.25
wheat,Uttar Pradesh,Etawah,2003,179.36,3124.44
wheat,Uttar Pradesh,Etawah,2004,183.11,2665.83
wheat,Uttar Pradesh,Etawah,2005,186.74,2986.08
wheat,Uttar Pradesh,Etawah,2006,190.19,3206.16
wheat,Uttar Pradesh,Etawah,2007,191.74,2920.15
wheat,Uttar Pradesh,Etawah,2008,195.89,3635.92
wheat,Uttar Pradesh,Etawah,2009,195.7,2871.18
wheat,Uttar Pradesh,Etawah,2010,197.7,3635.2
wheat,Uttar Pradesh,Etawah,2011,196.78,3793.12
wheat,Uttar Pradesh,Etawah,2012,197.34,3763.61
wheat,Uttar Pradesh,Etawah,2013,200.94,3775.6
wheat,Uttar Pradesh,Etawah,2014,200.98,1996.22
wheat,Uttar Pradesh,Etawah,2015,206.11,3199.12
wheat,Uttar Pradesh,Etawah,2016,198.88,4078.35
wheat,Uttar Pradesh,Etawah,2017,198.17,3817.91
wheat,Uttar Pradesh,Kanpur,2000,209.04,3095.2
wheat,Uttar Pradesh,Kanpur,2001,219.79,3290.05
wheat,Uttar Pradesh,Kanpur,2002,217.86,2947.95
wheat,Uttar Pradesh,Kanpur,2003,218.05,3548.36
wheat,Uttar Pradesh,Kanpur,2004,219.81,2927.12
wheat,Uttar Pradesh,Kanpur,2005,218.63,2949.78
wheat,Uttar Pradesh,Kanpur,2006,219.74,3272.55
wheat,Uttar Pradesh,Kanpur,2007,220.64,3007.43
wheat,Uttar Pradesh,Kanpur,2008,219.2,3356.11
wheat,Uttar Pradesh,Kanpur,2009,221.68,3230.96
wheat,Uttar Pradesh,Kanpur,2010,224.15,3713.41
wheat,Uttar Pradesh,Kanpur,2011,223.52,3742.22
wheat,Uttar Pradesh,Kanpur,2012,227.47,3588.39
wheat,Uttar Pradesh,Kanpur,2013,230.32,3702.63
wheat,Uttar Pradesh,Kanpur,2014,224.85,1595.33
wheat,Uttar Pradesh,Kanpur,2015,225.57,2612.27
wheat,Uttar Pradesh,Kanpur,2016,225.59,4345.8
wheat,Uttar Pradesh,Kanpur,2017,226.79,4081.94
wheat,Uttar Pradesh,Fatehpur,2000,147.26,2315.9
wheat,Uttar Pradesh,Fatehpur,2001,150.75,2514.16
wheat,Uttar Pradesh,Fatehpur,2002,148.59,2452.59
wheat,Uttar Pradesh,Fatehpur,2003,151.77,2626.34
wheat,Uttar Pradesh,Fatehpur,2004,151.43,2392.13
wheat,Uttar Pradesh,Fatehpur,2005,154.31,2154.36
wheat,Uttar Pradesh,Fatehpur,2006,151.57,2496.87
wheat,Uttar Pradesh,Fatehpur,2007,150.17,2589.53
wheat,Uttar Pradesh,Fatehpur,2008,158.2,2915.99
wheat,Uttar Pradesh,Fatehpur,2009,162.03,2735.97
wheat,Uttar Pradesh,Fatehpur,2010,165.37,3274.66
wheat,Uttar Pradesh,Fatehpur,2011,169.58,3274.56
wheat,Uttar Pradesh,Fatehpur,2012,170.68,3284.45
wheat,Uttar Pradesh,Fatehpur,2013,174.45,3415.88
wheat,Uttar Pradesh,Fatehpur,2014,174.25,1959.48
wheat,Uttar Pradesh,Fatehpur,2015,185.39,2484.71
wheat,Uttar Pradesh,Fatehpur,2016,175.8,3494.96
wheat,Uttar Pradesh,Fatehpur,2017,170.17,3475.53
wheat,Uttar Pradesh,Allahabad,2000,271.03,2283.25
wheat,Uttar Pradesh,Allahabad,2001,275.92,2161.89
wheat,Uttar Pradesh,Allahabad,2002,281.74,1942.46
wheat,Uttar Pradesh,Allahabad,2003,286.22,2496.47
wheat,Uttar Pradesh,Allahabad,2004,272.58,1920.13
wheat,Uttar Pradesh,Allahabad,2005,277.54,1975.43
wheat,Uttar Pradesh,Allahabad,2006,277.92,2295.16
wheat,Uttar Pradesh,Allahabad,2007,279.49,2183.98
wheat,Uttar Pradesh,Allahabad,2008,285.82,2504.27
wheat,Uttar Pradesh,Allahabad,2009,281.2,2205.97
wheat,Uttar Pradesh,Allahabad,2010,285.64,2510.01
wheat,Uttar Pradesh,Allahabad,2011,288.36,2698.02
wheat,Uttar Pradesh,Allahabad,2012,295.99,2597.18
wheat,Uttar Pradesh,Allahabad,2013,280.91,2434.8
wheat,Uttar Pradesh,Allahabad,2014,284.14,1405.22
wheat,Uttar Pradesh,Allahabad,2015,309.16,1975.42
wheat,Uttar Pradesh,Allahabad,2016,298.33,3070.41
wheat,Uttar Pradesh,Allahabad,2017,283.11,3609.38
wheat,Uttar Pradesh,Jhansi,2000,223.78,2016.89
wheat,Uttar Pradesh,Jhansi,2001,225.48,2375.51
wheat,Uttar Pradesh,Jhansi,2002,196.7,2203.15
wheat,Uttar Pradesh,Jhansi,2003,223.76,2361.1
wheat,Uttar Pradesh,Jhansi,2004,201.2,2142.69
wheat,Uttar Pradesh,Jhansi,2005,199.84,1896.17
wheat,Uttar Pradesh,Jhansi,2006,224.58,2139.28
wheat,Uttar Pradesh,Jhansi,2007,183.72,1798.23
wheat,Uttar Pradesh,Jhansi,2008,255.91,2469.38
wheat,Uttar Pradesh,Jhansi,2009,270.47,2451.92
wheat,Uttar Pradesh,Jhansi,2010,310.26,2560.66
wheat,Uttar Pradesh,Jhansi,2011,331.86,2893.06
wheat,Uttar Pradesh,Jhansi,2012,319.32,2731.24
wheat,Uttar Pradesh,Jhansi,2013,331.96,1832.3
wheat,Uttar Pradesh,Jhansi,2014,328.46,1679.35
wheat,Uttar Pradesh,Jhansi,2015,301.34,1938.14
wheat,Uttar Pradesh,Jhansi,2016,339.15,3067.85
wheat,Uttar Pradesh,Jhansi,2017,302.3,2707.25
wheat,Uttar Pradesh,Jalaun,2000,117.67,2882.13
wheat,Uttar Pradesh,Jalaun,2001,125.15,3294.61
wheat,Uttar Pradesh,Jalaun,2002,127.2,3054.4
wheat,Uttar Pradesh,Jalaun,2003,130.68,2982.78
wheat,Uttar Pradesh,Jalaun,2004,116.48,3178.66
wheat,Uttar Pradesh,Jalaun,2005,118.58,3072.52
wheat,Uttar Pradesh,Jalaun,2006,144.7,2819.56
wheat,Uttar Pradesh,Jalaun,2007,146.2,1777.22
wheat,Uttar Pradesh,Jalaun,2008,148.95,3127.09
wheat,Uttar Pradesh,Jalaun,2009,135.22,2760.39
wheat,Uttar Pradesh,Jalaun,2010,146.31,3197.25
wheat,Uttar Pradesh,Jalaun,2011,144.07,3362.12
wheat,Uttar Pradesh,Jalaun,2012,145.44,3211.7
wheat,Uttar Pradesh,Jalaun,2013,149.46,2979.53
wheat,Uttar Pradesh,Jalaun,2014,155.13,1329.47
wheat,Uttar Pradesh,Jalaun,2015,158.55,1880.29
wheat,Uttar Pradesh,Jalaun,2016,147.43,3716.05
wheat,Uttar Pradesh,Jalaun,2017,160.36,3624.09
wheat,Uttar Pradesh,Hamirpur,2000,147.12,1740.21
wheat,Uttar Pradesh,Hamirpur,2001,150.41,2006.91
wheat,Uttar Pradesh,Hamirpur,2002,138.22,1760.38
wheat,Uttar Pradesh,Hamirpur,2003,147.85,1922.49
wheat,Uttar Pradesh,Hamirpur,2004,138.65,1708.33
wheat,Uttar Pradesh,Hamirpur,2005,132.44,1791.6
wheat,Uttar Pradesh,Hamirpur,2006,140.36,1738.6
wheat,Uttar Pradesh,Hamirpur,2007,120.95,1342.79
wheat,Uttar Pradesh,Hamirpur,2008,168.46,2295.14
wheat,Uttar Pradesh,Hamirpur,2009,157.57,2124.77
wheat,Uttar Pradesh,Hamirpur,2010,162.51,2074.03
wheat,Uttar Pradesh,Hamirpur,2011,177.67,2489.67
wheat,Uttar Pradesh,Hamirpur,2012,184.52,2512.46
wheat,Uttar Pradesh,Hamirpur,2013,186.24,2297.63
wheat,Uttar Pradesh,Hamirpur,2014,182.93,1311.7
wheat,Uttar Pradesh,Hamirpur,2015,121.11,1564.2
wheat,Uttar Pradesh,Hamirpur,2016,209.21,2856.66
wheat,Uttar Pradesh,Hamirpur,2017,161.51,2728.57
wheat,Uttar Pradesh,Banda,2000,184.06,1430.95
wheat,Uttar Pradesh,Banda,2001,188.47,1904.44
wheat,Uttar Pradesh,Banda,2002,194.2,1699.18
wheat,Uttar Pradesh,Banda,2003,194.08,1939.87
wheat,Uttar Pradesh,Banda,2004,188.07,1581.49
wheat,Uttar Pradesh,Banda,2005,185.48,1442.53
wheat,Uttar Pradesh,Banda,2006,183.27,1403.99
wheat,Uttar Pradesh,Banda,2007,183.69,1316.51
wheat,Uttar Pradesh,Banda,2008,201.65,1791.62
wheat,Uttar Pradesh,Banda,2009,195.87,1728.9
wheat,Uttar Pradesh,Banda,2010,202.34,1794.31
wheat,Uttar Pradesh,Banda,2011,209.27,2194.96
wheat,Uttar Pradesh,Banda,2012,208.0,2276.49
wheat,Uttar Pradesh,Banda,2013,216.46,1913.89
wheat,Uttar Pradesh,Banda,2014,206.19,964.5
wheat,Uttar Pradesh,Banda,2015,82.79,1195.19
wheat,Uttar Pradesh,Banda,2016,246.94,2496.38
wheat,Uttar Pradesh,Banda,2017,208.72,2372.11
wheat,Uttar Pradesh,Varanasi,2000,205.12,2272.28
wheat,Uttar Pradesh,Varanasi,2001,195.56,2255.73
wheat,Uttar Pradesh,Varanasi,2002,206.61,1810.46
wheat,Uttar Pradesh,Varanasi,2003,209.22,2250.55
wheat,Uttar Pradesh,Varanasi,2004,208.62,1573.48
wheat,Uttar Pradesh,Varanasi,2005,209.55,1940.78
wheat,Uttar Pradesh,Varanasi,2006,217.42,2393.34
wheat,Uttar Pradesh,Varanasi,2007,217.76,2338.86
wheat,Uttar Pradesh,Varanasi,2008,212.59,2548.76
wheat,Uttar Pradesh,Varanasi,2009,212.28,2253.3
wheat,Uttar Pradesh,Varanasi,2010,212.62,2694.01
wheat,Uttar Pradesh,Varanasi,2011,215.03,2844.21
wheat,Uttar Pradesh,Varanasi,2012,219.42,2986.74
wheat,Uttar Pradesh,Varanasi,2013,219.96,2678.81
wheat,Uttar Pradesh,Varanasi,2014,212.11,1609.17
wheat,Uttar Pradesh,Varanasi,2015,215.08,2142.97
wheat,Uttar Pradesh,Varanasi,2016,216.15,3134.62
wheat,Uttar Pradesh,Varanasi,2017,230.27,3464.76
wheat,Uttar Pradesh,Mirzpur,2000,173.61,1715.57
wheat,Uttar Pradesh,Mirzpur,2001,175.64,1839.16
wheat,Uttar Pradesh,Mirzpur,2002,171.24,1815.23
wheat,Uttar Pradesh,Mirzpur,2003,180.94,1867.03
wheat,Uttar Pradesh,Mirzpur,2004,150.28,1301.9
wheat,Uttar Pradesh,Mirzpur,2005,130.68,1454.32
wheat,Uttar Pradesh,Mirzpur,2006,147.81,1798.8
wheat,Uttar Pradesh,Mirzpur,2007,145.09,1783.38
wheat,Uttar Pradesh,Mirzpur,2008,150.46,1758.67
wheat,Uttar Pradesh,Mirzpur,2009,149.22,1946.92
wheat,Uttar Pradesh,Mirzpur,2010,151.04,2103.42
wheat,Uttar Pradesh,Mirzpur,2011,152.0,2253.62
wheat,Uttar Pradesh,Mirzpur,2012,151.59,2448.51
wheat,Uttar Pradesh,Mirzpur,2013,155.38,2473.29
wheat,Uttar Pradesh,Mirzpur,2014,156.13,1872.48
wheat,Uttar Pradesh,Mirzpur,2015,149.12,1701.18
wheat,Uttar Pradesh,Mirzpur,2016,154.54,2654.06
wheat,Uttar Pradesh,Mirzpur,2017,148.82,2732.25
wheat,Uttar Pradesh,Jaunpur,2000,185.69,2575.69
wheat,Uttar Pradesh,Jaunpur,2001,187.03,2420.68
wheat,Uttar Pradesh,Jaunpur,2002,188.18,2321.34
wheat,Uttar Pradesh,Jaunpur,2003,196.34,2358.61
wheat,Uttar Pradesh,Jaunpur,2004,193.36,2090.76
wheat,Uttar Pradesh,Jaunpur,2005,196.98,2383.95
wheat,Uttar Pradesh,Jaunpur,2006,197.17,2673.18
wheat,Uttar Pradesh,Jaunpur,2007,206.57,2650.82
wheat,Uttar Pradesh,Jaunpur,2008,207.9,2852.09
wheat,Uttar Pradesh,Jaunpur,2009,208.11,2719.62
wheat,Uttar Pradesh,Jaunpur,2010,209.95,2857.25
wheat,Uttar Pradesh,Jaunpur,2011,209.64,3187.75
wheat,Uttar Pradesh,Jaunpur,2012,210.45,3113.04
wheat,Uttar Pradesh,Jaunpur,2013,210.67,2862.01
wheat,Uttar Pradesh,Jaunpur,2014,209.45,1935.98
wheat,Uttar Pradesh,Jaunpur,2015,219.05,2660.99
wheat,Uttar Pradesh,Jaunpur,2016,206.88,3230.0
wheat,Uttar Pradesh,Jaunpur,2017,207.67,3540.0
wheat,Uttar Pradesh,Ghazipur,2000,159.28,2326.85
wheat,Uttar Pradesh,Ghazipur,2001,160.61,2253.97
wheat,Uttar Pradesh,Ghazipur,2002,164.07,1814.96
wheat,Uttar Pradesh,Ghazipur,2003,166.18,2267.78
wheat,Uttar Pradesh,Ghazipur,2004,166.15,1813.84
wheat,Uttar Pradesh,Ghazipur,2005,168.01,2192.43
wheat,Uttar Pradesh,Ghazipur,2006,168.33,2421.67
wheat,Uttar Pradesh,Ghazipur,2007,169.66,2422.02
wheat,Uttar Pradesh,Ghazipur,2008,170.63,2657.8
wheat,Uttar Pradesh,Ghazipur,2009,172.76,2761.98
wheat,Uttar Pradesh,Ghazipur,2010,172.02,2701.26
wheat,Uttar Pradesh,Ghazipur,2011,172.76,2810.6
wheat,Uttar Pradesh,Ghazipur,2012,174.61,2873.49
wheat,Uttar Pradesh,Ghazipur,2013,174.04,2625.83
wheat,Uttar Pradesh,Ghazipur,2014,175.21,1765.77
wheat,Uttar Pradesh,Ghazipur,2015,193.11,2386.1
wheat,Uttar Pradesh,Ghazipur,2016,180.11,3208.9
wheat,Uttar Pradesh,Ghazipur,2017,166.21,2973.0
wheat,Uttar Pradesh,Ballia,2000,132.72,2373.49
wheat,Uttar Pradesh,Ballia,2001,133.69,2405.04
wheat,Uttar Pradesh,Ballia,2002,135.68,2037.88
wheat,Uttar Pradesh,Ballia,2003,136.83,2347.58
wheat,Uttar Pradesh,Ballia,2004,143.47,1826.03
wheat,Uttar Pradesh,Ballia,2005,137.43,2112.06
wheat,Uttar Pradesh,Ballia,2006,138.52,2472.57
wheat,Uttar Pradesh,Ballia,2007,141.51,2601.51
wheat,Uttar Pradesh,Ballia,2008,140.94,2694.69
wheat,Uttar Pradesh,Ballia,2009,138.98,2541.59
wheat,Uttar Pradesh,Ballia,2010,139.32,2935.26
wheat,Uttar Pradesh,Ballia,2011,136.35,3249.94
wheat,Uttar Pradesh,Ballia,2012,135.9,3377.7
wheat,Uttar Pradesh,Ballia,2013,137.86,2871.68
wheat,Uttar Pradesh,Ballia,2014,141.82,2269.07
wheat,Uttar Pradesh,Ballia,2015,139.2,2707.33
wheat,Uttar Pradesh,Ballia,2016,137.66,3940.22
wheat,Uttar Pradesh,Ballia,2017,136.89,3616.48
wheat,Uttar Pradesh,Gorakhpur,2000,316.54,2598.6
wheat,Uttar Pradesh,Gorakhpur,2001,325.88,2649.81
wheat,Uttar Pradesh,Gorakhpur,2002,324.35,2141.91
wheat,Uttar Pradesh,Gorakhpur,2003,331.83,2443.36
wheat,Uttar Pradesh,Gorakhpur,2004,332.28,2442.46
wheat,Uttar Pradesh,Gorakhpur,2005,336.03,1847.81
wheat,Uttar Pradesh,Gorakhpur,2006,334.4,2639.83
wheat,Uttar Pradesh,Gorakhpur,2007,334.5,2909.48
wheat,Uttar Pradesh,Gorakhpur,2008,335.67,2756.46
wheat,Uttar Pradesh,Gorakhpur,2009,339.6,2749.15
wheat,Uttar Pradesh,Gorakhpur,2010,337.28,3038.99
wheat,Uttar Pradesh,Gorakhpur,2011,341.7,3034.04
wheat,Uttar Pradesh,Gorakhpur,2012,344.61,3201.79
wheat,Uttar Pradesh,Gorakhpur,2013,339.39,3296.56
wheat,Uttar Pradesh,Gorakhpur,2014,342.58,2022.59
wheat,Uttar Pradesh,Gorakhpur,2015,343.98,2570.27
wheat,Uttar Pradesh,Gorakhpur,2016,340.3,3593.81
wheat,Uttar Pradesh,Gorakhpur,2017,337.69,3938.81
wheat,Uttar Pradesh,Deoria,2000,250.39,2860.34
wheat,Uttar Pradesh,Deoria,2001,250.67,2650.06
wheat,Uttar Pradesh,Deoria,2002,249.53,2210.36
wheat,Uttar Pradesh,Deoria,2003,263.02,2572.09
wheat,Uttar Pradesh,Deoria,2004,265.71,2493.28
wheat,Uttar Pradesh,Deoria,2005,259.96,2075.05
wheat,Uttar Pradesh,Deoria,2006,258.5,2638.49
wheat,Uttar Pradesh,Deoria,2007,254.59,2899.29
wheat,Uttar Pradesh,Deoria,2008,262.12,2778.69
wheat,Uttar Pradesh,Deoria,2009,265.31,2561.61
wheat,Uttar Pradesh,Deoria,2010,264.59,2934.28
wheat,Uttar Pradesh,Deoria,2011,273.49,3064.1
wheat,Uttar Pradesh,Deoria,2012,269.68,3021.58
wheat,Uttar Pradesh,Deoria,2013,271.99,3030.88
wheat,Uttar Pradesh,Deoria,2014,271.67,1785.55
wheat,Uttar Pradesh,Deoria,2015,274.07,2455.5
wheat,Uttar Pradesh,Deoria,2016,269.86,3186.1
wheat,Uttar Pradesh,Deoria,2017,271.13,3299.32
wheat,Uttar Pradesh,Basti,2000,325.94,2590.08
wheat,Uttar Pradesh,Basti,2001,332.92,2478.61
wheat,Uttar Pradesh,Basti,2002,350.19,2136.47
wheat,Uttar Pradesh,Basti,2003,349.25,2462.33
wheat,Uttar Pradesh,Basti,2004,349.26,2088.36
wheat,Uttar Pradesh,Basti,2005,371.3,2411.12
wheat,Uttar Pradesh,Basti,2006,376.36,2454.72
wheat,Uttar Pradesh,Basti,2007,366.66,2363.52
wheat,Uttar Pradesh,Basti,2008,370.5,2632.85
wheat,Uttar Pradesh,Basti,2009,362.12,2481.44
wheat,Uttar Pradesh,Basti,2010,362.8,2933.79
wheat,Uttar Pradesh,Basti,2011,367.12,3201.92
wheat,Uttar Pradesh,Basti,2012,370.8,3204.02
wheat,Uttar Pradesh,Basti,2013,369.14,3478.19
wheat,Uttar Pradesh,Basti,2014,371.69,2384.03
wheat,Uttar Pradesh,Basti,2015,354.76,2905.32
wheat,Uttar Pradesh,Basti,2016,367.58,3559.47
wheat,Uttar Pradesh,Basti,2017,368.44,3777.38
wheat,Uttar Pradesh,Azamgarh,2000,308.18,2258.71
wheat,Uttar Pradesh,Azamgarh,2001,306.59,2412.99
wheat,Uttar Pradesh,Azamgarh,2002,308.62,2046.69
wheat,Uttar Pradesh,Azamgarh,2003,313.65,2499.38
wheat,Uttar Pradesh,Azamgarh,2004,315.57,2128.05
wheat,Uttar Pradesh,Azamgarh,2005,322.08,2391.8
wheat,Uttar Pradesh,Azamgarh,2006,322.61,2448.44
wheat,Uttar Pradesh,Azamgarh,2007,327.27,2587.22
wheat,Uttar Pradesh,Azamgarh,2008,329.72,2729.01
wheat,Uttar Pradesh,Azamgarh,2009,326.14,2531.21
wheat,Uttar Pradesh,Azamgarh,2010,327.84,2804.33
wheat,Uttar Pradesh,Azamgarh,2011,327.06,2919.25
wheat,Uttar Pradesh,Azamgarh,2012,330.58,3051.76
wheat,Uttar Pradesh,Azamgarh,2013,325.69,3082.9
wheat,Uttar Pradesh,Azamgarh,2014,339.0,2109.26
wheat,Uttar Pradesh,Azamgarh,2015,324.1,2662.79
wheat,Uttar Pradesh,Azamgarh,2016,326.75,3347.35
wheat,Uttar Pradesh,Azamgarh,2017,330.47,3515.33
wheat,Uttar Pradesh,Lucknow,2000,95.13,2604.96
wheat,Uttar Pradesh,Lucknow,2001,85.72,2488.33
wheat,Uttar Pradesh,Lucknow,2002,84.41,2412.39
wheat,Uttar Pradesh,Lucknow,2003,85.34,2324.94
wheat,Uttar Pradesh,Lucknow,2004,84.99,2420.05
wheat,Uttar Pradesh,Lucknow,2005,83.91,2367.06
wheat,Uttar Pradesh,Lucknow,2006,84.37,2676.78
wheat,Uttar Pradesh,Lucknow,2007,84.09,2574.27
wheat,Uttar Pradesh,Lucknow,2008,83.96,2729.4
wheat,Uttar Pradesh,Lucknow,2009,83.69,2731.27
wheat,Uttar Pradesh,Lucknow,2010,84.63,2830.2
wheat,Uttar Pradesh,Lucknow,2011,83.48,2717.3
wheat,Uttar Pradesh,Lucknow,2012,83.39,2871.93
wheat,Uttar Pradesh,Lucknow,2013,81.36,2972.1
wheat,Uttar Pradesh,Lucknow,2014,79.32,1821.86
wheat,Uttar Pradesh,Lucknow,2015,78.65,2242.85
wheat,Uttar Pradesh,Lucknow,2016,80.52,2842.0
wheat,Uttar Pradesh,Lucknow,2017,81.59,3263.0
wheat,Uttar Pradesh,Unnao,2000,206.26,2276.98
wheat,Uttar Pradesh,Unnao,2001,209.99,2456.35
wheat,Uttar Pradesh,Unnao,2002,213.72,2521.8
wheat,Uttar Pradesh,Unnao,2003,218.56,2586.8
wheat,Uttar Pradesh,Unnao,2004,223.71,2424.97
wheat,Uttar Pradesh,Unnao,2005,224.8,2375.89
wheat,Uttar Pradesh,Unnao,2006,227.36,2862.46
wheat,Uttar Pradesh,Unnao,2007,229.54,2646.99
wheat,Uttar Pradesh,Unnao,2008,232.48,2955.44
wheat,Uttar Pradesh,Unnao,2009,235.35,2756.28
wheat,Uttar Pradesh,Unnao,2010,237.8,2964.3
wheat,Uttar Pradesh,Unnao,2011,239.8,3020.18
wheat,Uttar Pradesh,Unnao,2012,240.11,2857.02
wheat,Uttar Pradesh,Unnao,2013,241.72,3047.95
wheat,Uttar Pradesh,Unnao,2014,243.19,2006.99
wheat,Uttar Pradesh,Unnao,2015,237.76,2222.03
wheat,Uttar Pradesh,Unnao,2016,242.1,3191.0
wheat,Uttar Pradesh,Unnao,2017,244.36,3267.0
wheat,Uttar Pradesh,Rae-Bareily,2000,174.81,2187.75
wheat,Uttar Pradesh,Rae-Bareily,2001,177.91,2216.74
wheat,Uttar Pradesh,Rae-Bareily,2002,181.38,2037.77
wheat,Uttar Pradesh,Rae-Bareily,2003,183.7,2297.11
wheat,Uttar Pradesh,Rae-Bareily,2004,183.49,2149.87
wheat,Uttar Pradesh,Rae-Bareily,2005,185.02,2057.51
wheat,Uttar Pradesh,Rae-Bareily,2006,182.64,2341.44
wheat,Uttar Pradesh,Rae-Bareily,2007,187.53,2330.4
wheat,Uttar Pradesh,Rae-Bareily,2008,188.18,2546.76
wheat,Uttar Pradesh,Rae-Bareily,2009,190.31,2505.28
wheat,Uttar Pradesh,Rae-Bareily,2010,184.03,2727.12
wheat,Uttar Pradesh,Rae-Bareily,2011,186.08,2872.48
wheat,Uttar Pradesh,Rae-Bareily,2012,186.63,2902.44
wheat,Uttar Pradesh,Rae-Bareily,2013,189.97,2799.22
wheat,Uttar Pradesh,Rae-Bareily,2014,208.82,1654.89
wheat,Uttar Pradesh,Rae-Bareily,2015,208.37,2048.46
wheat,Uttar Pradesh,Rae-Bareily,2016,188.83,3213.96
wheat,Uttar Pradesh,Rae-Bareily,2017,188.22,3515.36
wheat,Uttar Pradesh,Sitapur,2000,206.21,2229.77
wheat,Uttar Pradesh,Sitapur,2001,198.54,2454.32
wheat,Uttar Pradesh,Sitapur,2002,198.59,2442.22
wheat,Uttar Pradesh,Sitapur,2003,215.64,2514.14
wheat,Uttar Pradesh,Sitapur,2004,209.97,2270.42
wheat,Uttar Pradesh,Sitapur,2005,202.63,2392.83
wheat,Uttar Pradesh,Sitapur,2006,202.27,2736.05
wheat,Uttar Pradesh,Sitapur,2007,211.53,2769.63
wheat,Uttar Pradesh,Sitapur,2008,222.93,2927.33
wheat,Uttar Pradesh,Sitapur,2009,221.96,2647.86
wheat,Uttar Pradesh,Sitapur,2010,223.24,3062.71
wheat,Uttar Pradesh,Sitapur,2011,214.57,3159.99
wheat,Uttar Pradesh,Sitapur,2012,212.02,3181.96
wheat,Uttar Pradesh,Sitapur,2013,210.93,3089.03
wheat,Uttar Pradesh,Sitapur,2014,208.68,1784.93
wheat,Uttar Pradesh,Sitapur,2015,214.59,2485.02
wheat,Uttar Pradesh,Sitapur,2016,212.21,3372.0
wheat,Uttar Pradesh,Sitapur,2017,210.93,3252.0
wheat,Uttar Pradesh,Hardoi,2000,294.16,2713.35
wheat,Uttar Pradesh,Hardoi,2001,305.73,2602.92
wheat,Uttar Pradesh,Hardoi,2002,303.37,2861.65
wheat,Uttar Pradesh,Hardoi,2003,306.4,2829.44
wheat,Uttar Pradesh,Hardoi,2004,312.97,2626.1
wheat,Uttar Pradesh,Hardoi,2005,305.53,2664.45
wheat,Uttar Pradesh,Hardoi,2006,309.29,3004.27
wheat,Uttar Pradesh,Hardoi,2007,323.3,2981.78
wheat,Uttar Pradesh,Hardoi,2008,331.22,3098.91
wheat,Uttar Pradesh,Hardoi,2009,343.09,3096.33
wheat,Uttar Pradesh,Hardoi,2010,330.69,3336.42
wheat,Uttar Pradesh,Hardoi,2011,331.47,3648.99
wheat,Uttar Pradesh,Hardoi,2012,327.78,3178.44
wheat,Uttar Pradesh,Hardoi,2013,318.25,3553.09
wheat,Uttar Pradesh,Hardoi,2014,326.19,2205.03
wheat,Uttar Pradesh,Hardoi,2015,326.57,3000.95
wheat,Uttar Pradesh,Hardoi,2016,314.47,3636.0
wheat,Uttar Pradesh,Hardoi,2017,314.43,3674.0
wheat,Uttar Pradesh,Kheri,2000,200.65,2668.38
wheat,Uttar Pradesh,Kheri,2001,197.37,2987.54
wheat,Uttar Pradesh,Kheri,2002,195.22,2701.21
wheat,Uttar Pradesh,Kheri,2003,203.27,2855.32
wheat,Uttar Pradesh,Kheri,2004,204.07,2786.59
wheat,Uttar Pradesh,Kheri,2005,200.47,2765.6
wheat,Uttar Pradesh,Kheri,2006,192.61,3012.25
wheat,Uttar Pradesh,Kheri,2007,193.19,3176.82
wheat,Uttar Pradesh,Kheri,2008,197.0,3369.24
wheat,Uttar Pradesh,Kheri,2009,194.58,2962.79
wheat,Uttar Pradesh,Kheri,2010,198.87,3415.75
wheat,Uttar Pradesh,Kheri,2011,193.04,3459.7
wheat,Uttar Pradesh,Kheri,2012,183.94,3481.95
wheat,Uttar Pradesh,Kheri,2013,195.58,3606.91
wheat,Uttar Pradesh,Kheri,2014,185.83,2680.78
wheat,Uttar Pradesh,Kheri,2015,176.6,3392.98
wheat,Uttar Pradesh,Kheri,2016,192.36,3782.0
wheat,Uttar Pradesh,Kheri,2017,188.6,4112.0
wheat,Uttar Pradesh,Faizabad,2000,212.19,2528.72
wheat,Uttar Pradesh,Faizabad,2001,215.57,2397.88
wheat,Uttar Pradesh,Faizabad,2002,214.67,2492.38
wheat,Uttar Pradesh,Faizabad,2003,196.29,2864.89
wheat,Uttar Pradesh,Faizabad,2004,197.62,2581.98
wheat,Uttar Pradesh,Faizabad,2005,199.51,2828.68
wheat,Uttar Pradesh,Faizabad,2006,200.78,2845.75
wheat,Uttar Pradesh,Faizabad,2007,220.48,3019.14
wheat,Uttar Pradesh,Faizabad,2008,224.05,3073.82
wheat,Uttar Pradesh,Faizabad,2009,226.65,2875.89
wheat,Uttar Pradesh,Faizabad,2010,226.68,3094.76
wheat,Uttar Pradesh,Faizabad,2011,227.49,3166.21
wheat,Uttar Pradesh,Faizabad,2012,225.15,3158.21
wheat,Uttar Pradesh,Faizabad,2013,227.52,2975.52
wheat,Uttar Pradesh,Faizabad,2014,230.39,2183.6
wheat,Uttar Pradesh,Faizabad,2015,229.44,2972.15
wheat,Uttar Pradesh,Faizabad,2016,230.51,3424.09
wheat,Uttar Pradesh,Faizabad,2017,227.07,3951.24
wheat,Uttar Pradesh,Gonda,2000,256.24,2415.0
wheat,Uttar Pradesh,Gonda,2001,250.83,2548.02
wheat,Uttar Pradesh,Gonda,2002,247.21,2320.58
wheat,Uttar Pradesh,Gonda,2003,242.61,2589.75
wheat,Uttar Pradesh,Gonda,2004,241.53,2310.93
wheat,Uttar Pradesh,Gonda,2005,231.96,2389.85
wheat,Uttar Pradesh,Gonda,2006,227.87,2607.58
wheat,Uttar Pradesh,Gonda,2007,249.68,3082.03
wheat,Uttar Pradesh,Gonda,2008,241.44,2885.52
wheat,Uttar Pradesh,Gonda,2009,242.89,2773.89
wheat,Uttar Pradesh,Gonda,2010,243.68,2901.51
wheat,Uttar Pradesh,Gonda,2011,241.58,2964.98
wheat,Uttar Pradesh,Gonda,2012,243.63,2842.26
wheat,Uttar Pradesh,Gonda,2013,239.1,2901.38
wheat,Uttar Pradesh,Gonda,2014,245.24,2412.29
wheat,Uttar Pradesh,Gonda,2015,243.66,2633.26
wheat,Uttar Pradesh,Gonda,2016,243.52,3013.58
wheat,Uttar Pradesh,Gonda,2017,237.01,3228.03
wheat,Uttar Pradesh,Bahraich,2000,213.45,2277.63
wheat,Uttar Pradesh,Bahraich,2001,216.58,2487.21
wheat,Uttar Pradesh,Bahraich,2002,218.7,2375.67
wheat,Uttar Pradesh,Bahraich,2003,212.97,2726.21
wheat,Uttar Pradesh,Bahraich,2004,213.18,2414.16
wheat,Uttar Pradesh,Bahraich,2005,214.87,2369.67
wheat,Uttar Pradesh,Bahraich,2006,215.42,2638.8
wheat,Uttar Pradesh,Bahraich,2007,216.42,2621.62
wheat,Uttar Pradesh,Bahraich,2008,215.77,2695.74
wheat,Uttar Pradesh,Bahraich,2009,220.61,2624.18
wheat,Uttar Pradesh,Bahraich,2010,223.9,2841.54
wheat,Uttar Pradesh,Bahraich,2011,222.77,3038.78
wheat,Uttar Pradesh,Bahraich,2012,223.94,2800.57
wheat,Uttar Pradesh,Bahraich,2013,238.76,3179.64
wheat,Uttar Pradesh,Bahraich,2014,234.04,2463.3
wheat,Uttar Pradesh,Bahraich,2015,253.29,2659.6
wheat,Uttar Pradesh,Bahraich,2016,230.5,3112.5
wheat,Uttar Pradesh,Bahraich,2017,236.37,3597.53
wheat,Uttar Pradesh,Sultanpur,2000,163.0,2535.34
wheat,Uttar Pradesh,Sultanpur,2001,163.76,2637.03
wheat,Uttar Pradesh,Sultanpur,2002,165.27,2566.35
wheat,Uttar Pradesh,Sultanpur,2003,166.98,2767.1
wheat,Uttar Pradesh,Sultanpur,2004,167.02,2529.4
wheat,Uttar Pradesh,Sultanpur,2005,167.48,2580.79
wheat,Uttar Pradesh,Sultanpur,2006,168.11,2725.83
wheat,Uttar Pradesh,Sultanpur,2007,167.12,2794.28
wheat,Uttar Pradesh,Sultanpur,2008,167.73,2823.76
wheat,Uttar Pradesh,Sultanpur,2009,168.45,2731.73
wheat,Uttar Pradesh,Sultanpur,2010,173.92,3015.4
wheat,Uttar Pradesh,Sultanpur,2011,175.01,3060.28
wheat,Uttar Pradesh,Sultanpur,2012,176.23,3092.88
wheat,Uttar Pradesh,Sultanpur,2013,176.23,2426.17
wheat,Uttar Pradesh,Sultanpur,2014,158.29,2129.69
wheat,Uttar Pradesh,Sultanpur,2015,169.27,2692.46
wheat,Uttar Pradesh,Sultanpur,2016,172.99,3251.56
wheat,Uttar Pradesh,Sultanpur,2017,187.46,3970.09
wheat,Uttar Pradesh,Pratapgarh,2000,142.95,2333.12
wheat,Uttar Pradesh,Pratapgarh,2001,147.67,2140.79
wheat,Uttar Pradesh,Pratapgarh,2002,144.72,2040.7
wheat,Uttar Pradesh,Pratapgarh,2003,145.99,2673.2
wheat,Uttar Pradesh,Pratapgarh,2004,147.3,2070.6
wheat,Uttar Pradesh,Pratapgarh,2005,146.45,2048.96
wheat,Uttar Pradesh,Pratapgarh,2006,145.6,2444.02
wheat,Uttar Pradesh,Pratapgarh,2007,146.25,2316.99
wheat,Uttar Pradesh,Pratapgarh,2008,146.43,2718.64
wheat,Uttar Pradesh,Pratapgarh,2009,146.93,2381.54
wheat,Uttar Pradesh,Pratapgarh,2010,147.75,2813.47
wheat,Uttar Pradesh,Pratapgarh,2011,147.42,2933.39
wheat,Uttar Pradesh,Pratapgarh,2012,146.68,2815.93
wheat,Uttar Pradesh,Pratapgarh,2013,147.81,2812.06
wheat,Uttar Pradesh,Pratapgarh,2014,138.56,1384.96
wheat,Uttar Pradesh,Pratapgarh,2015,169.73,2188.0
wheat,Uttar Pradesh,Pratapgarh,2016,150.56,3080.0
wheat,Uttar Pradesh,Pratapgarh,2017,148.32,3167.0
wheat,Uttar Pradesh,Barabanki,2000,132.72,2814.87
wheat,Uttar Pradesh,Barabanki,2001,132.49,2937.28
wheat,Uttar Pradesh,Barabanki,2002,137.33,2760.07
wheat,Uttar Pradesh,Barabanki,2003,160.75,3029.42
wheat,Uttar Pradesh,Barabanki,2004,163.86,2634.69
wheat,Uttar Pradesh,Barabanki,2005,165.89,2899.27
wheat,Uttar Pradesh,Barabanki,2006,166.7,2990.52
wheat,Uttar Pradesh,Barabanki,2007,151.91,2984.79
wheat,Uttar Pradesh,Barabanki,2008,160.46,3068.55
wheat,Uttar Pradesh,Barabanki,2009,167.06,3074.11
wheat,Uttar Pradesh,Barabanki,2010,167.92,3243.45
wheat,Uttar Pradesh,Barabanki,2011,165.52,3503.5
wheat,Uttar Pradesh,Barabanki,2012,162.34,3716.03
wheat,Uttar Pradesh,Barabanki,2013,166.53,3547.05
wheat,Uttar Pradesh,Barabanki,2014,165.45,2369.96
wheat,Uttar Pradesh,Barabanki,2015,167.62,2973.03
wheat,Uttar Pradesh,Barabanki,2016,166.97,3635.0
wheat,Uttar Pradesh,Barabanki,2017,168.35,4022.0
wheat,Uttarakhand,Nainital,2000,108.38,3173.65
wheat,Uttarakhand,Nainital,2001,113.77,2992.7
wheat,Uttarakhand,Nainital,2002,114.47,2990.3
wheat,Uttarakhand,Nainital,2003,113.38,2954.05
wheat,Uttarakhand,Nainital,2004,117.83,3241.2
wheat,Uttarakhand,Nainital,2005,120.12,3051.03
wheat,Uttarakhand,Nainital,2006,112.32,2861.47
wheat,Uttarakhand,Nainital,2007,122.97,3525.66
wheat,Uttarakhand,Nainital,2008,127.91,3479.09
wheat,Uttarakhand,Nainital,2009,125.24,3558.37
wheat,Uttarakhand,Nainital,2010,126.02,3758.85
wheat,Uttarakhand,Nainital,2011,122.41,3844.29
wheat,Uttarakhand,Nainital,2012,120.68,3663.24
wheat,Uttarakhand,Nainital,2013,122.47,3655.1
wheat,Uttarakhand,Nainital,2014,122.88,2860.19
wheat,Uttarakhand,Nainital,2015,122.98,3752.64
wheat,Uttarakhand,Nainital,2016,123.55,4012.96
wheat,Uttarakhand,Nainital,2017,127.2,4085.96
wheat,Uttarakhand,Almorah,2000,55.56,1107.09
wheat,Uttarakhand,Almorah,2001,54.74,935.51
wheat,Uttarakhand,Almorah,2002,59.5,1023.19
wheat,Uttarakhand,Almorah,2003,67.27,1054.7
wheat,Uttarakhand,Almorah,2004,60.24,744.19
wheat,Uttarakhand,Almorah,2005,59.6,1297.99
wheat,Uttarakhand,Almorah,2006,63.86,705.76
wheat,Uttarakhand,Almorah,2007,57.62,830.61
wheat,Uttarakhand,Almorah,2008,62.37,821.39
wheat,Uttarakhand,Almorah,2009,63.9,1000.63
wheat,Uttarakhand,Almorah,2010,54.83,1281.42
wheat,Uttarakhand,Almorah,2011,51.28,1130.66
wheat,Uttarakhand,Almorah,2012,52.78,1391.63
wheat,Uttarakhand,Almorah,2013,49.45,1423.46
wheat,Uttarakhand,Almorah,2014,50.86,1080.42
wheat,Uttarakhand,Almorah,2015,49.79,671.82
wheat,Uttarakhand,Almorah,2016,47.15,1087.56
wheat,Uttarakhand,Almorah,2017,45.16,1365.53
wheat,Uttarakhand,Pithorgarh,2000,39.85,1382.18
wheat,Uttarakhand,Pithorgarh,2001,40.17,1434.65
wheat,Uttarakhand,Pithorgarh,2002,37.81,1360.22
wheat,Uttarakhand,Pithorgarh,2003,35.68,1281.67
wheat,Uttarakhand,Pithorgarh,2004,43.36,1345.94
wheat,Uttarakhand,Pithorgarh,2005,44.4,1646.62
wheat,Uttarakhand,Pithorgarh,2006,41.54,1217.62
wheat,Uttarakhand,Pithorgarh,2007,31.14,1314.71
wheat,Uttarakhand,Pithorgarh,2008,33.55,1048.58
wheat,Uttarakhand,Pithorgarh,2009,35.93,1306.43
wheat,Uttarakhand,Pithorgarh,2010,33.98,1341.67
wheat,Uttarakhand,Pithorgarh,2011,32.97,1327.27
wheat,Uttarakhand,Pithorgarh,2012,30.64,1492.17
wheat,Uttarakhand,Pithorgarh,2013,29.54,1573.12
wheat,Uttarakhand,Pithorgarh,2014,29.03,1465.73
wheat,Uttarakhand,Pithorgarh,2015,29.68,1110.51
wheat,Uttarakhand,Pithorgarh,2016,29.0,1635.1
wheat,Uttarakhand,Pithorgarh,2017,27.44,1852.93
wheat,Uttarakhand,Chamoli,2000,25.62,1183.45
wheat,Uttarakhand,Chamoli,2001,23.54,1328.38
wheat,Uttarakhand,Chamoli,2002,24.33,1321.82
wheat,Uttarakhand,Chamoli,2003,31.21,1280.04
wheat,Uttarakhand,Chamoli,2004,25.92,1014.27
wheat,Uttarakhand,Chamoli,2005,20.35,1329.24
wheat,Uttarakhand,Chamoli,2006,24.02,918.82
wheat,Uttarakhand,Chamoli,2007,25.54,1295.22
wheat,Uttarakhand,Chamoli,2008,29.76,1047.38
wheat,Uttarakhand,Chamoli,2009,26.38,1313.5
wheat,Uttarakhand,Chamoli,2010,25.85,1481.24
wheat,Uttarakhand,Chamoli,2011,23.11,1477.72
wheat,Uttarakhand,Chamoli,2012,24.76,1488.29
wheat,Uttarakhand,Chamoli,2013,24.29,1492.8
wheat,Uttarakhand,Chamoli,2014,23.44,1166.81
wheat,Uttarakhand,Chamoli,2015,23.74,1115.0
wheat,Uttarakhand,Chamoli,2016,24.01,1318.59
wheat,Uttarakhand,Chamoli,2017,24.31,1383.14
wheat,Uttarakhand,Uttar Kashi,2000,12.78,1291.08
wheat,Uttarakhand,Uttar Kashi,2001,13.57,1548.27
wheat,Uttarakhand,Uttar Kashi,2002,12.49,1563.65
wheat,Uttarakhand,Uttar Kashi,2003,14.59,1575.05
wheat,Uttarakhand,Uttar Kashi,2004,15.64,1175.83
wheat,Uttarakhand,Uttar Kashi,2005,12.67,1536.7
wheat,Uttarakhand,Uttar Kashi,2006,14.34,1124.13
wheat,Uttarakhand,Uttar Kashi,2007,11.92,1722.32
wheat,Uttarakhand,Uttar Kashi,2008,13.05,1038.31
wheat,Uttarakhand,Uttar Kashi,2009,13.58,1399.85
wheat,Uttarakhand,Uttar Kashi,2010,12.13,1689.2
wheat,Uttarakhand,Uttar Kashi,2011,11.5,1644.35
wheat,Uttarakhand,Uttar Kashi,2012,10.58,1738.19
wheat,Uttarakhand,Uttar Kashi,2013,10.02,1783.43
wheat,Uttarakhand,Uttar Kashi,2014,9.96,1369.48
wheat,Uttarakhand,Uttar Kashi,2015,11.58,1624.35
wheat,Uttarakhand,Uttar Kashi,2016,11.12,1699.63
wheat,Uttarakhand,Uttar Kashi,2017,10.67,1660.01
wheat,Uttarakhand,Tehri Garhwal,2000,31.95,950.55
wheat,Uttarakhand,Tehri Garhwal,2001,27.14,1202.28
wheat,Uttarakhand,Tehri Garhwal,2002,26.96,1324.18
wheat,Uttarakhand,Tehri Garhwal,2003,30.85,1329.01
wheat,Uttarakhand,Tehri Garhwal,2004,25.08,1351.67
wheat,Uttarakhand,Tehri Garhwal,2005,30.39,1624.88
wheat,Uttarakhand,Tehri Garhwal,2006,33.49,1043.6
wheat,Uttarakhand,Tehri Garhwal,2007,28.36,1208.74
wheat,Uttarakhand,Tehri Garhwal,2008,34.78,800.46
wheat,Uttarakhand,Tehri Garhwal,2009,28.12,1001.07
wheat,Uttarakhand,Tehri Garhwal,2010,23.82,1550.38
wheat,Uttarakhand,Tehri Garhwal,2011,24.14,1390.22
wheat,Uttarakhand,Tehri Garhwal,2012,24.81,1497.38
wheat,Uttarakhand,Tehri Garhwal,2013,22.38,1463.36
wheat,Uttarakhand,Tehri Garhwal,2014,23.74,1094.78
wheat,Uttarakhand,Tehri Garhwal,2015,23.84,1222.32
wheat,Uttarakhand,Tehri Garhwal,2016,22.71,1419.45
wheat,Uttarakhand,Tehri Garhwal,2017,20.69,1583.0
wheat,Uttarakhand,Garhwal,2000,33.37,872.34
wheat,Uttarakhand,Garhwal,2001,35.13,1005.69
wheat,Uttarakhand,Garhwal,2002,34.68,1191.46
wheat,Uttarakhand,Garhwal,2003,40.33,1222.91
wheat,Uttarakhand,Garhwal,2004,36.64,930.4
wheat,Uttarakhand,Garhwal,2005,41.6,1121.63
wheat,Uttarakhand,Garhwal,2006,37.79,377.08
wheat,Uttarakhand,Garhwal,2007,31.07,939.81
wheat,Uttarakhand,Garhwal,2008,28.28,713.58
wheat,Uttarakhand,Garhwal,2009,31.5,914.92
wheat,Uttarakhand,Garhwal,2010,28.24,1164.66
wheat,Uttarakhand,Garhwal,2011,25.29,1279.16
wheat,Uttarakhand,Garhwal,2012,22.73,1364.72
wheat,Uttarakhand,Garhwal,2013,22.43,1367.81
wheat,Uttarakhand,Garhwal,2014,20.85,1206.23
wheat,Uttarakhand,Garhwal,2015,16.78,1101.31
wheat,Uttarakhand,Garhwal,2016,18.19,1230.43
wheat,Uttarakhand,Garhwal,2017,13.44,1576.88
wheat,Uttarakhand,Dehradun,2000,24.14,1287.08
wheat,Uttarakhand,Dehradun,2001,24.9,1729.72
wheat,Uttarakhand,Dehradun,2002,23.3,1778.97
wheat,Uttarakhand,Dehradun,2003,24.1,1732.78
wheat,Uttarakhand,Dehradun,2004,25.34,1586.42
wheat,Uttarakhand,Dehradun,2005,24.9,1967.47
wheat,Uttarakhand,Dehradun,2006,25.31,1516.79
wheat,Uttarakhand,Dehradun,2007,21.72,2223.3
wheat,Uttarakhand,Dehradun,2008,20.31,1933.04
wheat,Uttarakhand,Dehradun,2009,21.01,2116.14
wheat,Uttarakhand,Dehradun,2010,20.96,2323.47
wheat,Uttarakhand,Dehradun,2011,21.25,2440.47
wheat,Uttarakhand,Dehradun,2012,19.93,2272.45
wheat,Uttarakhand,Dehradun,2013,19.06,2475.87
wheat,Uttarakhand,Dehradun,2014,18.82,1563.23
wheat,Uttarakhand,Dehradun,2015,17.83,1882.22
wheat,Uttarakhand,Dehradun,2016,17.47,2430.99
wheat,Uttarakhand,Dehradun,2017,16.85,2340.32
wheat,Himachal Pradesh,Bilashpur,2000,27.59,1736.14
wheat,Himachal Pradesh,Bilashpur,2001,27.28,1838.71
wheat,Himachal Pradesh,Bilashpur,2002,26.67,1276.34
wheat,Himachal Pradesh,Bilashpur,2003,28.14,1201.49
wheat,Himachal Pradesh,Bilashpur,2004,28.11,2394.88
wheat,Himachal Pradesh,Bilashpur,2005,26.26,532.37
wheat,Himachal Pradesh,Bilashpur,2006,26.85,1960.15
wheat,Himachal Pradesh,Bilashpur,2007,27.26,1549.89
wheat,Himachal Pradesh,Bilashpur,2008,26.52,659.88
wheat,Himachal Pradesh,Bilashpur,2009,25.32,590.84
wheat,Himachal Pradesh,Bilashpur,2010,25.07,1049.06
wheat,Himachal Pradesh,Bilashpur,2011,24.94,1531.27
wheat,Himachal Pradesh,Bilashpur,2012,25.3,1197.63
wheat,Himachal Pradesh,Bilashpur,2013,24.31,645.0
wheat,Himachal Pradesh,Bilashpur,2014,24.05,1233.68
wheat,Himachal Pradesh,Bilashpur,2015,23.8,1548.32
wheat,Himachal Pradesh,Bilashpur,2016,23.55,649.27
wheat,Himachal Pradesh,Bilashpur,2017,23.8,1590.31
wheat,Himachal Pradesh,Chamba,2000,20.01,704.15
wheat,Himachal Pradesh,Chamba,2001,22.13,1705.38
wheat,Himachal Pradesh,Chamba,2002,19.63,1167.09
wheat,Himachal Pradesh,Chamba,2003,20.76,1058.77
wheat,Himachal Pradesh,Chamba,2004,20.2,1537.13
wheat,Himachal Pradesh,Chamba,2005,16.98,931.68
wheat,Himachal Pradesh,Chamba,2006,20.72,1500.0
wheat,Himachal Pradesh,Chamba,2007,21.09,948.79
wheat,Himachal Pradesh,Chamba,2008,20.67,1349.78
wheat,Himachal Pradesh,Chamba,2009,19.87,1226.47
wheat,Himachal Pradesh,Chamba,2010,19.67,2178.44
wheat,Himachal Pradesh,Chamba,2011,19.57,1501.79
wheat,Himachal Pradesh,Chamba,2012,19.85,2486.65
wheat,Himachal Pradesh,Chamba,2013,23.08,676.34
wheat,Himachal Pradesh,Chamba,2014,21.88,2209.78
wheat,Himachal Pradesh,Chamba,2015,18.68,2691.65
wheat,Himachal Pradesh,Chamba,2016,18.48,1347.96
wheat,Himachal Pradesh,Chamba,2017,18.68,2691.78
wheat,Himachal Pradesh,Kangra,2000,157.18,860.1
wheat,Himachal Pradesh,Kangra,2001,161.27,1613.32
wheat,Himachal Pradesh,Kangra,2002,162.96,1421.27
wheat,Himachal Pradesh,Kangra,2003,158.21,1481.13
wheat,Himachal Pradesh,Kangra,2004,161.52,1889.43
wheat,Himachal Pradesh,Kangra,2005,159.02,988.43
wheat,Himachal Pradesh,Kangra,2006,157.12,1674.64
wheat,Himachal Pradesh,Kangra,2007,162.01,1340.97
wheat,Himachal Pradesh,Kangra,2008,160.39,1100.94
wheat,Himachal Pradesh,Kangra,2009,156.75,926.06
wheat,Himachal Pradesh,Kangra,2010,155.18,1644.67
wheat,Himachal Pradesh,Kangra,2011,154.39,1396.98
wheat,Himachal Pradesh,Kangra,2012,156.61,1877.15
wheat,Himachal Pradesh,Kangra,2013,190.35,789.76
wheat,Himachal Pradesh,Kangra,2014,148.91,1908.0
wheat,Himachal Pradesh,Kangra,2015,147.35,1792.87
wheat,Himachal Pradesh,Kangra,2016,145.77,1017.64
wheat,Himachal Pradesh,Kangra,2017,147.34,1794.31
wheat,Himachal Pradesh,Kullu,2000,26.02,1606.07
wheat,Himachal Pradesh,Kullu,2001,21.33,1931.55
wheat,Himachal Pradesh,Kullu,2002,20.34,1523.11
wheat,Himachal Pradesh,Kullu,2003,24.02,1629.06
wheat,Himachal Pradesh,Kullu,2004,25.38,1809.3
wheat,Himachal Pradesh,Kullu,2005,26.76,1487.67
wheat,Himachal Pradesh,Kullu,2006,25.97,1763.19
wheat,Himachal Pradesh,Kullu,2007,25.32,1699.84
wheat,Himachal Pradesh,Kullu,2008,24.16,1294.7
wheat,Himachal Pradesh,Kullu,2009,23.24,1185.03
wheat,Himachal Pradesh,Kullu,2010,23.01,2104.3
wheat,Himachal Pradesh,Kullu,2011,22.89,1477.06
wheat,Himachal Pradesh,Kullu,2012,23.22,2401.81
wheat,Himachal Pradesh,Kullu,2013,36.69,764.51
wheat,Himachal Pradesh,Kullu,2014,31.71,1722.49
wheat,Himachal Pradesh,Kullu,2015,21.85,1580.78
wheat,Himachal Pradesh,Kullu,2016,21.61,1302.09
wheat,Himachal Pradesh,Kullu,2017,21.85,1581.25
wheat,Himachal Pradesh,Solan,2000,23.24,799.05
wheat,Himachal Pradesh,Solan,2001,23.78,1789.32
wheat,Himachal Pradesh,Solan,2002,21.65,1435.57
wheat,Himachal Pradesh,Solan,2003,23.54,1525.49
wheat,Himachal Pradesh,Solan,2004,24.69,1923.05
wheat,Himachal Pradesh,Solan,2005,23.89,1577.65
wheat,Himachal Pradesh,Solan,2006,24.37,1878.13
wheat,Himachal Pradesh,Solan,2007,24.98,894.32
wheat,Himachal Pradesh,Solan,2008,25.35,1442.6
wheat,Himachal Pradesh,Solan,2009,24.92,1288.12
wheat,Himachal Pradesh,Solan,2010,24.67,857.72
wheat,Himachal Pradesh,Solan,2011,24.55,1618.74
wheat,Himachal Pradesh,Solan,2012,24.9,2610.44
wheat,Himachal Pradesh,Solan,2013,39.92,830.66
wheat,Himachal Pradesh,Solan,2014,23.67,2689.48
wheat,Himachal Pradesh,Solan,2015,27.48,1242.72
wheat,Himachal Pradesh,Solan,2016,23.18,1415.3
wheat,Himachal Pradesh,Solan,2017,27.48,1242.82
wheat,Himachal Pradesh,Mandi,2000,65.15,676.9
wheat,Himachal Pradesh,Mandi,2001,64.42,2050.14
wheat,Himachal Pradesh,Mandi,2002,66.37,1400.93
wheat,Himachal Pradesh,Mandi,2003,66.5,1256.09
wheat,Himachal Pradesh,Mandi,2004,66.49,1825.84
wheat,Himachal Pradesh,Mandi,2005,64.29,987.09
wheat,Himachal Pradesh,Mandi,2006,67.63,1505.69
wheat,Himachal Pradesh,Mandi,2007,66.81,1562.04
wheat,Himachal Pradesh,Mandi,2008,65.84,734.51
wheat,Himachal Pradesh,Mandi,2009,64.94,661.84
wheat,Himachal Pradesh,Mandi,2010,64.29,1175.45
wheat,Himachal Pradesh,Mandi,2011,63.97,1497.73
wheat,Himachal Pradesh,Mandi,2012,64.88,1341.55
wheat,Himachal Pradesh,Mandi,2013,54.34,815.97
wheat,Himachal Pradesh,Mandi,2014,61.69,1381.91
wheat,Himachal Pradesh,Mandi,2015,61.04,1972.48
wheat,Himachal Pradesh,Mandi,2016,60.39,727.29
wheat,Himachal Pradesh,Mandi,2017,61.04,1972.3
wheat,Himachal Pradesh,Shimla,2000,15.82,513.91
wheat,Himachal Pradesh,Shimla,2001,17.67,1242.78
wheat,Himachal Pradesh,Shimla,2002,16.08,1069.65
wheat,Himachal Pradesh,Shimla,2003,15.91,998.11
wheat,Himachal Pradesh,Shimla,2004,15.1,1343.05
wheat,Himachal Pradesh,Shimla,2005,14.83,1211.73
wheat,Himachal Pradesh,Shimla,2006,13.04,1131.13
wheat,Himachal Pradesh,Shimla,2007,12.82,1989.08
wheat,Himachal Pradesh,Shimla,2008,11.64,787.8
wheat,Himachal Pradesh,Shimla,2009,10.53,698.01
wheat,Himachal Pradesh,Shimla,2010,10.43,1238.73
wheat,Himachal Pradesh,Shimla,2011,10.37,1441.66
wheat,Himachal Pradesh,Shimla,2012,10.52,1414.45
wheat,Himachal Pradesh,Shimla,2013,10.11,766.57
wheat,Himachal Pradesh,Shimla,2014,10.0,1458.0
wheat,Himachal Pradesh,Shimla,2015,14.1,1996.45
wheat,Himachal Pradesh,Shimla,2016,9.79,766.8
wheat,Himachal Pradesh,Shimla,2017,14.1,1996.88
wheat,Himachal Pradesh,Sirmaur,2000,27.05,879.85
wheat,Himachal Pradesh,Sirmaur,2001,28.12,1788.41
wheat,Himachal Pradesh,Sirmaur,2002,25.28,1345.73
wheat,Himachal Pradesh,Sirmaur,2003,25.83,1223.0
wheat,Himachal Pradesh,Sirmaur,2004,25.82,1860.19
wheat,Himachal Pradesh,Sirmaur,2005,26.03,744.14
wheat,Himachal Pradesh,Sirmaur,2006,26.14,1564.65
wheat,Himachal Pradesh,Sirmaur,2007,26.03,1122.17
wheat,Himachal Pradesh,Sirmaur,2008,25.11,1332.94
wheat,Himachal Pradesh,Sirmaur,2009,24.62,1198.21
wheat,Himachal Pradesh,Sirmaur,2010,24.37,2128.44
wheat,Himachal Pradesh,Sirmaur,2011,24.25,1605.77
wheat,Himachal Pradesh,Sirmaur,2012,24.6,2428.86
wheat,Himachal Pradesh,Sirmaur,2013,36.64,794.76
wheat,Himachal Pradesh,Sirmaur,2014,23.39,2501.92
wheat,Himachal Pradesh,Sirmaur,2015,28.15,1189.34
wheat,Himachal Pradesh,Sirmaur,2016,22.9,1316.81
wheat,Himachal Pradesh,Sirmaur,2017,28.15,1192.89
wheat,Orissa,Balasore,2000,1.47,1115.65
wheat,Orissa,Balasore,2001,1.06,2028.3
wheat,Orissa,Balasore,2002,0.89,2089.89
wheat,Orissa,Balasore,2003,0.94,1191.49
wheat,Orissa,Balasore,2004,0.71,1267.61
wheat,Orissa,Balasore,2005,0.73,1356.16
wheat,Orissa,Balasore,2006,0.91,1384.62
wheat,Orissa,Balasore,2007,1.75,1457.14
wheat,Orissa,Balasore,2008,1.84,1451.09
wheat,Orissa,Balasore,2009,1.81,1298.34
wheat,Orissa,Balasore,2010,0.95,1336.84
wheat,Orissa,Balasore,2011,0.87,1586.21
wheat,Orissa,Balasore,2012,0.67,1776.12
wheat,Orissa,Balasore,2013,0.56,1803.57
wheat,Orissa,Bolangir,2000,1.51,1198.68
wheat,Orissa,Bolangir,2001,2.13,1150.23
wheat,Orissa,Bolangir,2002,1.85,1270.27
wheat,Orissa,Bolangir,2003,1.98,1459.6
wheat,Orissa,Bolangir,2004,1.87,1406.42
wheat,Orissa,Bolangir,2005,1.95,1600.0
wheat,Orissa,Bolangir,2006,1.99,1597.99
wheat,Orissa,Bolangir,2007,2.59,1606.18
wheat,Orissa,Bolangir,2008,2.88,1625.0
wheat,Orissa,Bolangir,2009,2.7,1655.56
wheat,Orissa,Bolangir,2010,2.3,1617.39
wheat,Orissa,Bolangir,2011,1.7,1688.24
wheat,Orissa,Bolangir,2012,1.14,1850.88
wheat,Orissa,Bolangir,2013,0.8,1800.0
wheat,Orissa,Bolangir,2014,0.66,1803.03
wheat,Orissa,Cuttack,2000,1.65,1272.73
wheat,Orissa,Cuttack,2001,2.02,1173.27
wheat,Orissa,Cuttack,2002,1.08,1222.22
wheat,Orissa,Cuttack,2003,1.42,1528.17
wheat,Orissa,Cuttack,2004,1.5,1373.33
wheat,Orissa,Cuttack,2005,1.41,1517.73
wheat,Orissa,Cuttack,2006,1.27,1543.31
wheat,Orissa,Cuttack,2007,1.36,1566.18
wheat,Orissa,Cuttack,2008,1.47,1659.86
wheat,Orissa,Cuttack,2009,1.42,1591.55
wheat,Orissa,Cuttack,2010,0.97,1628.87
wheat,Orissa,Cuttack,2011,1.06,1386.79
wheat,Orissa,Cuttack,2012,0.86,1686.05
wheat,Orissa,Cuttack,2013,0.83,1698.8
wheat,Orissa,Cuttack,2014,0.68,1720.59
wheat,Orissa,Dhenkanal,2000,1.07,1261.68
wheat,Orissa,Dhenkanal,2001,1.06,2047.17
wheat,Orissa,Dhenkanal,2002,1.05,1552.38
wheat,Orissa,Dhenkanal,2003,1.25,1536.0
wheat,Orissa,Dhenkanal,2004,0.72,1527.78
wheat,Orissa,Dhenkanal,2009,0.52,1692.31
wheat,Orissa,Dhenkanal,2011,0.52,1846.15
wheat,Orissa,Kalahandi,2000,1.2,633.33
wheat,Orissa,Kalahandi,2001,1.83,950.82
wheat,Orissa,Kalahandi,2002,0.94,1095.74
wheat,Orissa,Kalahandi,2003,1.6,1137.5
wheat,Orissa,Kalahandi,2004,1.58,1177.22
wheat,Orissa,Kalahandi,2005,2.29,1244.54
wheat,Orissa,Kalahandi,2006,2.29,1270.74
wheat,Orissa,Kalahandi,2007,2.2,1440.91
wheat,Orissa,Kalahandi,2008,2.29,1445.41
wheat,Orissa,Kalahandi,2009,2.99,1518.39
wheat,Orissa,Kalahandi,2010,2.72,1466.91
wheat,Orissa,Kalahandi,2011,1.22,1401.64
wheat,Orissa,Kalahandi,2012,2.77,1693.14
wheat,Orissa,Kalahandi,2013,2.78,1784.17
wheat,Orissa,Kalahandi,2014,1.8,1805.56
wheat,Orissa,Keonjhar,2000,1.66,1240.96
wheat,Orissa,Keonjhar,2001,1.67,1275.45
wheat,Orissa,Keonjhar,2002,1.13,1150.44
wheat,Orissa,Keonjhar,2003,1.44,1326.39
wheat,Orissa,Keonjhar,2004,1.41,1219.86
wheat,Orissa,Keonjhar,2005,1.24,1233.87
wheat,Orissa,Keonjhar,2006,1.29,1271.32
wheat,Orissa,Keonjhar,2007,1.33,1308.27
wheat,Orissa,Keonjhar,2008,1.48,1344.59
wheat,Orissa,Keonjhar,2009,1.27,1496.06
wheat,Orissa,Keonjhar,2010,1.46,1602.74
wheat,Orissa,Keonjhar,2011,1.45,1689.66
wheat,Orissa,Keonjhar,2012,1.13,1690.27
wheat,Orissa,Keonjhar,2013,1.14,1728.07
wheat,Orissa,Keonjhar,2014,1.15,1730.43
wheat,Orissa,Koraput,2003,0.68,1147.06
wheat,Orissa,Koraput,2004,0.71,1619.72
wheat,Orissa,Koraput,2005,0.69,1652.17
wheat,Orissa,Koraput,2006,0.73,1726.03
wheat,Orissa,Koraput,2007,0.84,1714.29
wheat,Orissa,Koraput,2008,0.97,1701.03
wheat,Orissa,Koraput,2009,1.07,1654.21
wheat,Orissa,Koraput,2010,0.98,1571.43
wheat,Orissa,Koraput,2011,0.74,1635.14
wheat,Orissa,Koraput,2012,0.67,1671.64
wheat,Orissa,Koraput,2013,0.68,1661.76
wheat,Orissa,Koraput,2014,0.53,1679.25
wheat,Orissa,Mayurbhanja,2000,1.58,1430.38
wheat,Orissa,Mayurbhanja,2001,1.35,1281.48
wheat,Orissa,Mayurbhanja,2002,1.57,1076.43
wheat,Orissa,Mayurbhanja,2003,1.75,1400.0
wheat,Orissa,Mayurbhanja,2004,1.67,1449.1
wheat,Orissa,Mayurbhanja,2005,1.52,1500.0
wheat,Orissa,Mayurbhanja,2006,1.43,1510.49
wheat,Orissa,Mayurbhanja,2007,1.51,1662.25
wheat,Orissa,Mayurbhanja,2008,1.52,1875.0
wheat,Orissa,Mayurbhanja,2009,1.63,1680.98
wheat,Orissa,Mayurbhanja,2010,1.63,1680.98
wheat,Orissa,Mayurbhanja,2011,1.46,1554.79
wheat,Orissa,Mayurbhanja,2012,1.22,1893.44
wheat,Orissa,Mayurbhanja,2013,1.25,1856.0
wheat,Orissa,Mayurbhanja,2014,1.41,1879.43
wheat,Orissa,Phulbani ( Kandhamal ),2003,0.63,1142.86
wheat,Orissa,Phulbani ( Kandhamal ),2005,0.52,1192.31
wheat,Orissa,Phulbani ( Kandhamal ),2006,0.51,1235.29
wheat,Orissa,Phulbani ( Kandhamal ),2008,0.58,1258.62
wheat,Orissa,Phulbani ( Kandhamal ),2009,0.76,1263.16
wheat,Orissa,Phulbani ( Kandhamal ),2010,0.74,1283.78
wheat,Orissa,Phulbani ( Kandhamal ),2011,0.79,1987.34
wheat,Orissa,Phulbani ( Kandhamal ),2012,0.52,1673.08
wheat,Orissa,Sambalpur,2000,1.63,1208.59
wheat,Orissa,Sambalpur,2001,4.05,1269.14
wheat,Orissa,Sambalpur,2002,1.35,1422.22
wheat,Orissa,Sambalpur,2003,3.84,1260.42
wheat,Orissa,Sambalpur,2004,3.48,1189.66
wheat,Orissa,Sambalpur,2005,3.73,1235.92
wheat,Orissa,Sambalpur,2006,3.79,1266.49
wheat,Orissa,Sambalpur,2007,3.79,1290.24
wheat,Orissa,Sambalpur,2008,3.46,1300.58
wheat,Orissa,Sambalpur,2009,3.02,1241.72
wheat,Orissa,Sambalpur,2010,2.65,1445.28
wheat,Orissa,Sambalpur,2011,2.22,1657.66
wheat,Orissa,Sambalpur,2012,2.25,1724.44
wheat,Orissa,Sambalpur,2013,1.5,1666.67
wheat,Orissa,Sambalpur,2014,0.9,1655.56
wheat,Orissa,Sundargarh,2000,3.36,1565.48
wheat,Orissa,Sundargarh,2001,3.64,1579.67
wheat,Orissa,Sundargarh,2002,2.84,1514.08
wheat,Orissa,Sundargarh,2003,2.58,1565.89
wheat,Orissa,Sundargarh,2004,1.98,1449.49
wheat,Orissa,Sundargarh,2005,2.04,1553.92
wheat,Orissa,Sundargarh,2006,1.8,1583.33
wheat,Orissa,Sundargarh,2007,2.15,1627.91
wheat,Orissa,Sundargarh,2008,2.55,1635.29
wheat,Orissa,Sundargarh,2009,2.64,2071.97
wheat,Orissa,Sundargarh,2010,2.17,2096.77
wheat,Orissa,Sundargarh,2011,2.05,2102.44
wheat,Orissa,Sundargarh,2012,2.12,1820.75
wheat,Orissa,Sundargarh,2013,1.97,1776.65
wheat,Orissa,Sundargarh,2014,1.52,1782.89
wheat,Orissa,Sundargarh,2015,0.81,1814.81
wheat,Orissa,Sundargarh,2016,1.02,1833.33
wheat,West Bengal,24 Parganas,2000,16.84,2349.76
wheat,West Bengal,24 Parganas,2001,17.85,2052.66
wheat,West Bengal,24 Parganas,2002,10.87,2193.19
wheat,West Bengal,24 Parganas,2003,13.05,2320.31
wheat,West Bengal,24 Parganas,2004,8.86,2073.36
wheat,West Bengal,24 Parganas,2005,10.7,1990.65
wheat,West Bengal,24 Parganas,2006,8.6,2348.84
wheat,West Bengal,24 Parganas,2007,9.3,2440.86
wheat,West Bengal,24 Parganas,2008,9.0,2177.78
wheat,West Bengal,24 Parganas,2009,9.5,2663.16
wheat,West Bengal,24 Parganas,2010,9.91,2647.83
wheat,West Bengal,24 Parganas,2011,9.63,2892.0
wheat,West Bengal,24 Parganas,2012,10.6,2806.6
wheat,West Bengal,24 Parganas,2013,11.28,2833.33
wheat,West Bengal,24 Parganas,2014,11.95,2948.95
wheat,West Bengal,24 Parganas,2015,5.78,2214.53
wheat,West Bengal,24 Parganas,2016,5.83,3086.4
wheat,West Bengal,24 Parganas,2017,1.68,1996.44
wheat,West Bengal,Nadia,2000,60.42,2457.63
wheat,West Bengal,Nadia,2001,58.36,2013.88
wheat,West Bengal,Nadia,2002,58.41,2171.72
wheat,West Bengal,Nadia,2003,58.85,2291.76
wheat,West Bengal,Nadia,2004,54.88,1881.92
wheat,West Bengal,Nadia,2005,47.1,2131.63
wheat,West Bengal,Nadia,2006,46.9,2187.63
wheat,West Bengal,Nadia,2007,47.5,2328.42
wheat,West Bengal,Nadia,2008,35.9,2348.19
wheat,West Bengal,Nadia,2009,37.2,2548.39
wheat,West Bengal,Nadia,2010,38.74,2536.4
wheat,West Bengal,Nadia,2011,40.27,3077.97
wheat,West Bengal,Nadia,2012,41.72,3319.75
wheat,West Bengal,Nadia,2013,44.27,3366.16
wheat,West Bengal,Nadia,2014,43.55,3405.97
wheat,West Bengal,Nadia,2015,37.23,2478.11
wheat,West Bengal,Nadia,2016,35.26,3207.95
wheat,West Bengal,Murshidabad,2000,135.51,2755.96
wheat,West Bengal,Murshidabad,2001,137.73,2312.5
wheat,West Bengal,Murshidabad,2002,133.96,2171.77
wheat,West Bengal,Murshidabad,2003,134.83,2572.13
wheat,West Bengal,Murshidabad,2004,130.36,1931.5
wheat,West Bengal,Murshidabad,2005,125.5,2176.1
wheat,West Bengal,Murshidabad,2006,125.5,2153.78
wheat,West Bengal,Murshidabad,2007,122.6,2556.28
wheat,West Bengal,Murshidabad,2008,101.8,2537.33
wheat,West Bengal,Murshidabad,2009,100.1,2843.16
wheat,West Bengal,Murshidabad,2010,96.39,2970.85
wheat,West Bengal,Murshidabad,2011,97.15,2837.88
wheat,West Bengal,Murshidabad,2012,99.24,2875.25
wheat,West Bengal,Murshidabad,2013,104.32,2763.9
wheat,West Bengal,Murshidabad,2014,104.91,2864.36
wheat,West Bengal,Murshidabad,2015,117.5,1849.7
wheat,West Bengal,Murshidabad,2016,106.15,2636.05
wheat,West Bengal,Burdwan,2000,6.31,2421.55
wheat,West Bengal,Burdwan,2001,4.87,2363.45
wheat,West Bengal,Burdwan,2002,4.92,2258.13
wheat,West Bengal,Burdwan,2003,5.2,2446.15
wheat,West Bengal,Burdwan,2004,4.92,2056.91
wheat,West Bengal,Burdwan,2005,2.2,2181.82
wheat,West Bengal,Burdwan,2006,2.6,2230.77
wheat,West Bengal,Burdwan,2007,2.2,2727.27
wheat,West Bengal,Burdwan,2008,2.0,2350.0
wheat,West Bengal,Burdwan,2009,1.6,2437.5
wheat,West Bengal,Burdwan,2010,1.06,2188.68
wheat,West Bengal,Burdwan,2011,2.72,2411.76
wheat,West Bengal,Burdwan,2012,2.01,2860.7
wheat,West Bengal,Burdwan,2013,1.84,2690.22
wheat,West Bengal,Burdwan,2014,2.69,2869.89
wheat,West Bengal,Burdwan,2015,1.52,2263.16
wheat,West Bengal,Burdwan,2016,1.47,2322.91
wheat,West Bengal,Burdwan,2017,3.42,2668.42
wheat,West Bengal,Birbhum,2000,26.88,2891.37
wheat,West Bengal,Birbhum,2001,27.14,2646.65
wheat,West Bengal,Birbhum,2002,27.14,2958.0
wheat,West Bengal,Birbhum,2003,30.16,2629.64
wheat,West Bengal,Birbhum,2004,29.13,2568.14
wheat,West Bengal,Birbhum,2005,30.1,2514.95
wheat,West Bengal,Birbhum,2006,31.7,2643.53
wheat,West Bengal,Birbhum,2007,32.1,2956.39
wheat,West Bengal,Birbhum,2008,34.9,2810.89
wheat,West Bengal,Birbhum,2009,33.7,2646.88
wheat,West Bengal,Birbhum,2010,32.95,2672.23
wheat,West Bengal,Birbhum,2011,33.0,2611.82
wheat,West Bengal,Birbhum,2012,32.38,2831.69
wheat,West Bengal,Birbhum,2013,34.58,2875.65
wheat,West Bengal,Birbhum,2014,33.48,2858.12
wheat,West Bengal,Birbhum,2015,33.81,2736.17
wheat,West Bengal,Birbhum,2016,29.35,2761.37
wheat,West Bengal,Birbhum,2017,35.12,2839.1
wheat,West Bengal,Bankura,2000,8.82,2396.83
wheat,West Bengal,Bankura,2001,10.59,2264.4
wheat,West Bengal,Bankura,2002,7.89,1401.77
wheat,West Bengal,Bankura,2003,9.46,2071.88
wheat,West Bengal,Bankura,2004,8.58,1699.3
wheat,West Bengal,Bankura,2005,6.8,1838.24
wheat,West Bengal,Bankura,2006,6.0,2133.33
wheat,West Bengal,Bankura,2007,3.5,2200.0
wheat,West Bengal,Bankura,2008,3.9,2000.0
wheat,West Bengal,Bankura,2009,4.1,2414.63
wheat,West Bengal,Bankura,2010,3.01,2272.43
wheat,West Bengal,Bankura,2011,2.73,2377.29
wheat,West Bengal,Bankura,2012,2.69,2271.38
wheat,West Bengal,Bankura,2013,3.46,2008.67
wheat,West Bengal,Bankura,2014,3.55,2664.79
wheat,West Bengal,Bankura,2015,3.53,1985.84
wheat,West Bengal,Bankura,2016,3.96,2656.73
wheat,West Bengal,Bankura,2017,1.17,2583.76
wheat,West Bengal,Hooghly,2000,1.57,2350.32
wheat,West Bengal,Hooghly,2001,1.13,2044.25
wheat,West Bengal,Hooghly,2002,0.54,1444.44
wheat,West Bengal,Hooghly,2006,1.2,2250.0
wheat,West Bengal,Hooghly,2008,1.6,2250.0
wheat,West Bengal,Howrah,2000,0.99,2141.41
wheat,West Bengal,Howrah,2006,0.5,1400.0
wheat,West Bengal,Howrah,2007,0.5,2200.0
wheat,West Bengal,Jalpaiguri,2000,26.59,1768.71
wheat,West Bengal,Jalpaiguri,2001,26.65,1766.23
wheat,West Bengal,Jalpaiguri,2002,19.61,1986.74
wheat,West Bengal,Jalpaiguri,2003,21.05,1731.12
wheat,West Bengal,Jalpaiguri,2004,20.12,2112.82
wheat,West Bengal,Jalpaiguri,2005,18.5,1718.92
wheat,West Bengal,Jalpaiguri,2006,16.1,2055.9
wheat,West Bengal,Jalpaiguri,2007,16.8,2333.33
wheat,West Bengal,Jalpaiguri,2008,15.9,2088.05
wheat,West Bengal,Jalpaiguri,2009,16.0,2268.75
wheat,West Bengal,Jalpaiguri,2010,18.05,2300.28
wheat,West Bengal,Jalpaiguri,2011,17.14,2491.83
wheat,West Bengal,Jalpaiguri,2012,17.41,2233.77
wheat,West Bengal,Jalpaiguri,2013,17.24,2314.39
wheat,West Bengal,Jalpaiguri,2014,16.82,2244.95
wheat,West Bengal,Jalpaiguri,2015,12.51,2334.93
wheat,West Bengal,Jalpaiguri,2016,16.35,1892.04
wheat,West Bengal,Jalpaiguri,2017,10.75,3296.84
wheat,West Bengal,Darjeeling,2000,3.26,1917.18
wheat,West Bengal,Darjeeling,2001,3.06,1545.75
wheat,West Bengal,Darjeeling,2002,2.78,1676.26
wheat,West Bengal,Darjeeling,2003,2.95,1681.36
wheat,West Bengal,Darjeeling,2004,2.26,1650.44
wheat,West Bengal,Darjeeling,2005,2.2,1318.18
wheat,West Bengal,Darjeeling,2006,2.2,1454.55
wheat,West Bengal,Darjeeling,2007,2.2,1727.27
wheat,West Bengal,Darjeeling,2008,2.0,1400.0
wheat,West Bengal,Darjeeling,2009,2.0,1700.0
wheat,West Bengal,Darjeeling,2010,2.0,1735.0
wheat,West Bengal,Darjeeling,2011,1.99,2085.43
wheat,West Bengal,Darjeeling,2012,1.97,1172.59
wheat,West Bengal,Darjeeling,2013,2.0,1425.0
wheat,West Bengal,Darjeeling,2014,2.06,1441.75
wheat,West Bengal,Darjeeling,2015,2.35,1514.89
wheat,West Bengal,Darjeeling,2016,1.86,1411.19
wheat,West Bengal,Malda,2000,49.41,2510.63
wheat,West Bengal,Malda,2001,49.34,2616.54
wheat,West Bengal,Malda,2002,48.28,2592.17
wheat,West Bengal,Malda,2003,55.09,2431.48
wheat,West Bengal,Malda,2004,54.11,2439.29
wheat,West Bengal,Malda,2005,45.9,2217.86
wheat,West Bengal,Malda,2006,42.9,2589.74
wheat,West Bengal,Malda,2007,46.9,2940.3
wheat,West Bengal,Malda,2008,44.4,2702.7
wheat,West Bengal,Malda,2009,44.1,2934.24
wheat,West Bengal,Malda,2010,47.57,3026.91
wheat,West Bengal,Malda,2011,43.52,3029.64
wheat,West Bengal,Malda,2012,44.95,2783.76
wheat,West Bengal,Malda,2013,44.73,2943.89
wheat,West Bengal,Malda,2014,44.4,2836.71
wheat,West Bengal,Malda,2015,50.64,2809.83
wheat,West Bengal,Malda,2016,47.24,3090.24
wheat,West Bengal,Malda,2017,9.68,3248.97
wheat,West Bengal,Cooch Behar,2000,25.15,1980.52
wheat,West Bengal,Cooch Behar,2001,25.6,1832.03
wheat,West Bengal,Cooch Behar,2002,26.15,1773.61
wheat,West Bengal,Cooch Behar,2003,21.5,1773.49
wheat,West Bengal,Cooch Behar,2004,17.57,1900.4
wheat,West Bengal,Cooch Behar,2005,14.0,1685.71
wheat,West Bengal,Cooch Behar,2006,12.9,1953.49
wheat,West Bengal,Cooch Behar,2007,13.4,2186.57
wheat,West Bengal,Cooch Behar,2008,10.2,1627.45
wheat,West Bengal,Cooch Behar,2009,12.4,1991.94
wheat,West Bengal,Cooch Behar,2010,10.57,2034.06
wheat,West Bengal,Cooch Behar,2011,10.65,2214.08
wheat,West Bengal,Cooch Behar,2012,10.6,2444.34
wheat,West Bengal,Cooch Behar,2013,11.25,2060.44
wheat,West Bengal,Cooch Behar,2014,11.39,2325.72
wheat,West Bengal,Cooch Behar,2015,7.14,2438.38
wheat,West Bengal,Cooch Behar,2016,8.4,1506.91
wheat,West Bengal,Cooch Behar,2017,7.4,3011.49
wheat,West Bengal,Purulia,2000,2.98,2493.29
wheat,West Bengal,Purulia,2001,4.6,2160.87
wheat,West Bengal,Purulia,2002,3.29,1787.23
wheat,West Bengal,Purulia,2003,3.61,2274.24
wheat,West Bengal,Purulia,2004,1.69,1988.17
wheat,West Bengal,Purulia,2005,3.2,2218.75
wheat,West Bengal,Purulia,2006,1.8,2055.56
wheat,West Bengal,Purulia,2007,1.6,2375.0
wheat,West Bengal,Purulia,2008,0.9,1888.89
wheat,West Bengal,Purulia,2009,1.6,1625.0
wheat,West Bengal,Purulia,2010,2.01,2562.19
wheat,West Bengal,Purulia,2011,1.88,2239.36
wheat,West Bengal,Purulia,2012,1.65,2006.06
wheat,West Bengal,Purulia,2013,1.19,2252.1
wheat,West Bengal,Purulia,2014,1.62,2259.26
wheat,West Bengal,Purulia,2015,0.86,1441.86
wheat,West Bengal,Purulia,2016,1.37,1767.94
wheat,West Bengal,Purulia,2017,1.05,2038.97
wheat,West Bengal,Midnapur,2000,13.57,2295.5
wheat,West Bengal,Midnapur,2001,17.03,2060.48
wheat,West Bengal,Midnapur,2002,11.37,1533.86
wheat,West Bengal,Midnapur,2003,12.25,1829.39
wheat,West Bengal,Midnapur,2004,11.96,2109.53
wheat,West Bengal,Midnapur,2005,12.6,1753.97
wheat,West Bengal,Midnapur,2006,7.6,2171.05
wheat,West Bengal,Midnapur,2007,7.0,2571.43
wheat,West Bengal,Midnapur,2008,2.9,2000.0
wheat,West Bengal,Midnapur,2009,6.9,1985.51
wheat,West Bengal,Midnapur,2010,5.31,2410.55
wheat,West Bengal,Midnapur,2011,5.23,2019.12
wheat,West Bengal,Midnapur,2012,6.39,1935.84
wheat,West Bengal,Midnapur,2013,5.12,2384.77
wheat,West Bengal,Midnapur,2014,6.29,2178.06
wheat,West Bengal,Midnapur,2015,4.2,1911.9
wheat,West Bengal,Midnapur,2016,4.01,1912.47
wheat,West Bengal,West Dinajpur,2000,47.72,2334.87
wheat,West Bengal,West Dinajpur,2001,49.61,2128.6
wheat,West Bengal,West Dinajpur,2002,49.88,2078.79
wheat,West Bengal,West Dinajpur,2003,56.87,2038.33
wheat,West Bengal,West Dinajpur,2004,54.86,2306.23
wheat,West Bengal,West Dinajpur,2005,47.4,2012.66
wheat,West Bengal,West Dinajpur,2006,44.1,2453.51
wheat,West Bengal,West Dinajpur,2007,46.6,2748.93
wheat,West Bengal,West Dinajpur,2008,41.5,2597.59
wheat,West Bengal,West Dinajpur,2009,46.2,2768.4
wheat,West Bengal,West Dinajpur,2010,48.65,2805.76
wheat,West Bengal,West Dinajpur,2011,49.51,2597.66
wheat,West Bengal,West Dinajpur,2012,49.77,2618.85
wheat,West Bengal,West Dinajpur,2013,50.05,2683.72
wheat,West Bengal,West Dinajpur,2014,51.62,2538.16
wheat,West Bengal,West Dinajpur,2015,62.7,2571.77
wheat,West Bengal,West Dinajpur,2016,58.24,2568.92
wheat,West Bengal,West Dinajpur,2017,44.44,3358.09
wheat,Bihar,Champaran,2000,249.0,2502.01
wheat,Bihar,Champaran,2001,251.0,2195.22
wheat,Bihar,Champaran,2002,211.0,1872.04
wheat,Bihar,Champaran,2003,209.49,1552.58
wheat,Bihar,Champaran,2004,216.58,2111.51
wheat,Bihar,Champaran,2005,230.95,1006.11
wheat,Bihar,Champaran,2006,218.94,1881.98
wheat,Bihar,Champaran,2007,239.89,2777.69
wheat,Bihar,Champaran,2008,234.09,2048.14
wheat,Bihar,Champaran,2009,209.75,1450.82
wheat,Bihar,Champaran,2010,209.72,2724.49
wheat,Bihar,Champaran,2011,220.8,3249.73
wheat,Bihar,Champaran,2012,223.33,2598.44
wheat,Bihar,Champaran,2013,212.73,2794.9
wheat,Bihar,Champaran,2014,225.36,1061.01
wheat,Bihar,Champaran,2015,216.07,1749.39
wheat,Bihar,Champaran,2016,197.8,2386.87
wheat,Bihar,Champaran,2017,221.16,2561.08
wheat,Bihar,Muzaffarpur,2000,194.0,2097.94
wheat,Bihar,Muzaffarpur,2001,215.0,1916.28
wheat,Bihar,Muzaffarpur,2002,212.0,1849.06
wheat,Bihar,Muzaffarpur,2003,193.55,1383.16
wheat,Bihar,Muzaffarpur,2004,198.38,1703.7
wheat,Bihar,Muzaffarpur,2005,198.8,1305.33
wheat,Bihar,Muzaffarpur,2006,215.63,1954.55
wheat,Bihar,Muzaffarpur,2007,227.56,2323.61
wheat,Bihar,Muzaffarpur,2008,223.67,2187.2
wheat,Bihar,Muzaffarpur,2009,224.48,1923.65
wheat,Bihar,Muzaffarpur,2010,220.36,2483.57
wheat,Bihar,Muzaffarpur,2011,211.34,3609.16
wheat,Bihar,Muzaffarpur,2012,241.74,2922.31
wheat,Bihar,Muzaffarpur,2013,241.61,3274.57
wheat,Bihar,Muzaffarpur,2014,237.82,1359.47
wheat,Bihar,Muzaffarpur,2015,222.33,2277.38
wheat,Bihar,Muzaffarpur,2016,237.43,2987.09
wheat,Bihar,Muzaffarpur,2017,234.86,2956.65
wheat,Bihar,Darbhanga,2000,184.0,1788.04
wheat,Bihar,Darbhanga,2001,186.0,1462.37
wheat,Bihar,Darbhanga,2002,205.0,1473.17
wheat,Bihar,Darbhanga,2003,208.42,1068.61
wheat,Bihar,Darbhanga,2004,214.06,1358.87
wheat,Bihar,Darbhanga,2005,203.55,1096.49
wheat,Bihar,Darbhanga,2006,200.7,1999.3
wheat,Bihar,Darbhanga,2007,214.84,2306.88
wheat,Bihar,Darbhanga,2008,234.94,2083.43
wheat,Bihar,Darbhanga,2009,244.12,2271.1
wheat,Bihar,Darbhanga,2010,217.86,2442.53
wheat,Bihar,Darbhanga,2011,209.07,3085.19
wheat,Bihar,Darbhanga,2012,211.02,2566.25
wheat,Bihar,Darbhanga,2013,217.42,2736.18
wheat,Bihar,Darbhanga,2014,205.19,1348.07
wheat,Bihar,Darbhanga,2015,196.42,2084.82
wheat,Bihar,Darbhanga,2016,201.4,2539.23
wheat,Bihar,Darbhanga,2017,204.34,2805.49
wheat,Bihar,Saharsa,2000,108.0,2185.19
wheat,Bihar,Saharsa,2001,106.0,1933.96
wheat,Bihar,Saharsa,2002,106.0,1764.15
wheat,Bihar,Saharsa,2003,100.58,1550.9
wheat,Bihar,Saharsa,2004,102.27,1639.87
wheat,Bihar,Saharsa,2005,65.93,865.16
wheat,Bihar,Saharsa,2006,93.42,1885.46
wheat,Bihar,Saharsa,2007,74.76,2235.69
wheat,Bihar,Saharsa,2008,73.75,2272.81
wheat,Bihar,Saharsa,2009,91.05,1920.37
wheat,Bihar,Saharsa,2010,94.6,1896.93
wheat,Bihar,Saharsa,2011,96.3,2671.44
wheat,Bihar,Saharsa,2012,93.27,2153.21
wheat,Bihar,Saharsa,2013,107.54,2471.64
wheat,Bihar,Saharsa,2014,103.97,1884.39
wheat,Bihar,Saharsa,2015,103.35,1918.34
wheat,Bihar,Saharsa,2016,100.94,2314.17
wheat,Bihar,Saharsa,2017,102.0,2616.16
wheat,Bihar,Purnea,2000,166.0,1957.83
wheat,Bihar,Purnea,2001,190.0,1657.89
wheat,Bihar,Purnea,2002,185.0,1567.57
wheat,Bihar,Purnea,2003,187.03,1081.59
wheat,Bihar,Purnea,2004,170.03,1016.35
wheat,Bihar,Purnea,2005,156.17,795.29
wheat,Bihar,Purnea,2006,160.85,1085.86
wheat,Bihar,Purnea,2007,163.3,1454.87
wheat,Bihar,Purnea,2008,154.77,1517.8
wheat,Bihar,Purnea,2009,151.46,1855.08
wheat,Bihar,Purnea,2010,150.24,2263.18
wheat,Bihar,Purnea,2011,158.06,2511.26
wheat,Bihar,Purnea,2012,154.39,3152.34
wheat,Bihar,Purnea,2013,136.39,2862.75
wheat,Bihar,Purnea,2014,132.41,1179.52
wheat,Bihar,Purnea,2015,103.03,2824.81
wheat,Bihar,Purnea,2016,96.92,2398.63
wheat,Bihar,Purnea,2017,91.16,2373.64
wheat,Bihar,Saran,2000,267.0,2299.63
wheat,Bihar,Saran,2001,270.0,2222.22
wheat,Bihar,Saran,2002,284.0,1922.54
wheat,Bihar,Saran,2003,264.26,2231.17
wheat,Bihar,Saran,2004,264.07,1877.38
wheat,Bihar,Saran,2005,265.53,1671.41
wheat,Bihar,Saran,2006,263.2,2301.22
wheat,Bihar,Saran,2007,272.43,2350.07
wheat,Bihar,Saran,2008,269.58,2225.5
wheat,Bihar,Saran,2009,284.18,2400.34
wheat,Bihar,Saran,2010,256.26,2695.31
wheat,Bihar,Saran,2011,257.56,3195.14
wheat,Bihar,Saran,2012,261.06,3214.59
wheat,Bihar,Saran,2013,258.69,3131.74
wheat,Bihar,Saran,2014,248.6,1662.19
wheat,Bihar,Saran,2015,254.0,2117.56
wheat,Bihar,Saran,2016,257.64,3259.22
wheat,Bihar,Saran,2017,242.43,2882.2
wheat,Bihar,Patna,2000,149.0,2281.88
wheat,Bihar,Patna,2001,140.0,2328.57
wheat,Bihar,Patna,2002,146.0,2198.63
wheat,Bihar,Patna,2003,145.67,1941.92
wheat,Bihar,Patna,2004,141.34,1261.78
wheat,Bihar,Patna,2005,142.33,1808.82
wheat,Bihar,Patna,2006,139.88,2008.79
wheat,Bihar,Patna,2007,145.88,2156.02
wheat,Bihar,Patna,2008,126.32,1903.34
wheat,Bihar,Patna,2009,131.9,1752.69
wheat,Bihar,Patna,2010,130.59,2207.06
wheat,Bihar,Patna,2011,138.85,3186.96
wheat,Bihar,Patna,2012,143.86,3095.79
wheat,Bihar,Patna,2013,144.52,2806.26
wheat,Bihar,Patna,2014,149.86,2367.01
wheat,Bihar,Patna,2015,144.73,2457.54
wheat,Bihar,Patna,2016,144.57,3224.36
wheat,Bihar,Patna,2017,148.68,3363.96
wheat,Bihar,Mungair,2000,184.0,1956.52
wheat,Bihar,Mungair,2001,177.0,1706.21
wheat,Bihar,Mungair,2002,175.0,1645.71
wheat,Bihar,Mungair,2003,182.15,1773.43
wheat,Bihar,Mungair,2004,164.56,1594.01
wheat,Bihar,Mungair,2005,163.09,1598.5
wheat,Bihar,Mungair,2006,165.56,1990.28
wheat,Bihar,Mungair,2007,188.11,2291.58
wheat,Bihar,Mungair,2008,194.45,1852.97
wheat,Bihar,Mungair,2009,175.36,2193.77
wheat,Bihar,Mungair,2010,180.44,1992.35
wheat,Bihar,Mungair,2011,180.1,3166.63
wheat,Bihar,Mungair,2012,177.73,2844.54
wheat,Bihar,Mungair,2013,164.44,3107.76
wheat,Bihar,Mungair,2014,164.74,1559.91
wheat,Bihar,Mungair,2015,208.35,2165.63
wheat,Bihar,Mungair,2016,201.53,2961.62
wheat,Bihar,Mungair,2017,194.25,3040.92
wheat,Bihar,Bhagalpur,2000,78.0,1730.77
wheat,Bihar,Bhagalpur,2001,70.0,1657.14
wheat,Bihar,Bhagalpur,2002,68.0,1470.59
wheat,Bihar,Bhagalpur,2003,70.66,1682.14
wheat,Bihar,Bhagalpur,2004,77.93,1291.42
wheat,Bihar,Bhagalpur,2005,83.41,1393.24
wheat,Bihar,Bhagalpur,2006,72.94,1742.67
wheat,Bihar,Bhagalpur,2007,69.06,2083.7
wheat,Bihar,Bhagalpur,2008,76.19,1467.91
wheat,Bihar,Bhagalpur,2009,68.93,2212.53
wheat,Bihar,Bhagalpur,2010,67.34,2303.68
wheat,Bihar,Bhagalpur,2011,65.27,3084.88
wheat,Bihar,Bhagalpur,2012,65.85,2468.64
wheat,Bihar,Bhagalpur,2013,72.58,2709.42
wheat,Bihar,Bhagalpur,2014,72.23,1363.84
wheat,Bihar,Bhagalpur,2015,71.04,2894.29
wheat,Bihar,Bhagalpur,2016,81.31,3096.85
wheat,Bihar,Bhagalpur,2017,80.63,3067.55
wheat,Jharkhand,Santhal Paragana / Dumka,2000,21.83,2015.12
wheat,Jharkhand,Santhal Paragana / Dumka,2001,24.31,2095.02
wheat,Jharkhand,Santhal Paragana / Dumka,2002,17.15,1453.06
wheat,Jharkhand,Santhal Paragana / Dumka,2003,17.81,1519.37
wheat,Jharkhand,Santhal Paragana / Dumka,2004,18.42,1692.73
wheat,Jharkhand,Santhal Paragana / Dumka,2005,17.02,1200.94
wheat,Jharkhand,Santhal Paragana / Dumka,2006,38.34,1510.17
wheat,Jharkhand,Santhal Paragana / Dumka,2007,14.52,1663.22
wheat,Jharkhand,Santhal Paragana / Dumka,2008,19.08,1659.33
wheat,Jharkhand,Santhal Paragana / Dumka,2009,15.43,1349.97
wheat,Jharkhand,Santhal Paragana / Dumka,2010,15.84,1380.68
wheat,Jharkhand,Santhal Paragana / Dumka,2011,13.18,1683.61
wheat,Jharkhand,Santhal Paragana / Dumka,2012,23.19,1896.0
wheat,Jharkhand,Santhal Paragana / Dumka,2013,22.92,1458.12
wheat,Jharkhand,Santhal Paragana / Dumka,2014,21.41,1266.23
wheat,Jharkhand,Santhal Paragana / Dumka,2015,27.2,1470.22
wheat,Jharkhand,Santhal Paragana / Dumka,2016,32.77,1883.52
wheat,Bihar,Shahabad (now part of Bhojpur district),2000,299.0,2408.03
wheat,Bihar,Shahabad (now part of Bhojpur district),2001,327.0,2801.22
wheat,Bihar,Shahabad (now part of Bhojpur district),2002,323.0,2399.38
wheat,Bihar,Shahabad (now part of Bhojpur district),2003,314.21,2478.06
wheat,Bihar,Shahabad (now part of Bhojpur district),2004,299.4,1886.87
wheat,Bihar,Shahabad (now part of Bhojpur district),2005,313.14,2173.05
wheat,Bihar,Shahabad (now part of Bhojpur district),2006,332.66,2331.81
wheat,Bihar,Shahabad (now part of Bhojpur district),2007,365.63,2663.29
wheat,Bihar,Shahabad (now part of Bhojpur district),2008,344.19,2712.31
wheat,Bihar,Shahabad (now part of Bhojpur district),2009,357.81,2560.66
wheat,Bihar,Shahabad (now part of Bhojpur district),2010,361.33,2764.34
wheat,Bihar,Shahabad (now part of Bhojpur district),2011,370.87,2919.27
wheat,Bihar,Shahabad (now part of Bhojpur district),2012,378.95,2826.07
wheat,Bihar,Shahabad (now part of Bhojpur district),2013,377.83,2730.73
wheat,Bihar,Shahabad (now part of Bhojpur district),2014,383.28,1957.21
wheat,Bihar,Shahabad (now part of Bhojpur district),2015,374.52,2400.78
wheat,Bihar,Shahabad (now part of Bhojpur district),2016,354.92,3050.06
wheat,Bihar,Shahabad (now part of Bhojpur district),2017,359.53,3111.83
wheat,Bihar,Gaya,2000,189.0,1846.56
wheat,Bihar,Gaya,2001,192.0,1958.33
wheat,Bihar,Gaya,2002,212.0,2099.06
wheat,Bihar,Gaya,2003,200.83,2101.08
wheat,Bihar,Gaya,2004,179.04,1311.16
wheat,Bihar,Gaya,2005,178.87,1281.82
wheat,Bihar,Gaya,2006,212.97,2117.81
wheat,Bihar,Gaya,2007,200.06,2256.47
wheat,Bihar,Gaya,2008,201.82,1873.1
wheat,Bihar,Gaya,2009,262.69,1715.29
wheat,Bihar,Gaya,2010,211.45,2040.1
wheat,Bihar,Gaya,2011,233.69,2702.94
wheat,Bihar,Gaya,2012,256.5,2475.17
wheat,Bihar,Gaya,2013,215.06,2523.48
wheat,Bihar,Gaya,2014,230.97,2188.6
wheat,Bihar,Gaya,2015,216.93,2322.59
wheat,Bihar,Gaya,2016,231.35,2550.18
wheat,Bihar,Gaya,2017,222.27,2840.14
wheat,Jharkhand,Hazaribagh,2000,17.11,1685.5
wheat,Jharkhand,Hazaribagh,2001,16.96,1799.07
wheat,Jharkhand,Hazaribagh,2002,16.03,1511.19
wheat,Jharkhand,Hazaribagh,2003,15.72,1304.53
wheat,Jharkhand,Hazaribagh,2004,14.38,1212.09
wheat,Jharkhand,Hazaribagh,2005,11.02,1110.03
wheat,Jharkhand,Hazaribagh,2006,32.45,1306.24
wheat,Jharkhand,Hazaribagh,2007,13.9,1469.14
wheat,Jharkhand,Hazaribagh,2008,12.89,1456.15
wheat,Jharkhand,Hazaribagh,2009,12.19,1236.2
wheat,Jharkhand,Hazaribagh,2010,10.67,994.1
wheat,Jharkhand,Hazaribagh,2011,10.84,1491.73
wheat,Jharkhand,Hazaribagh,2012,12.96,1949.4
wheat,Jharkhand,Hazaribagh,2013,15.03,2140.78
wheat,Jharkhand,Hazaribagh,2014,28.79,1942.23
wheat,Jharkhand,Hazaribagh,2015,18.39,2078.61
wheat,Jharkhand,Hazaribagh,2016,18.93,2448.28
wheat,Jharkhand,Dhanbad,2000,2.82,1652.85
wheat,Jharkhand,Dhanbad,2001,2.6,1534.16
wheat,Jharkhand,Dhanbad,2002,0.98,1332.38
wheat,Jharkhand,Dhanbad,2003,0.75,1055.54
wheat,Jharkhand,Dhanbad,2004,0.53,1112.76
wheat,Jharkhand,Palamau,2000,10.86,1189.69
wheat,Jharkhand,Palamau,2001,9.78,1306.75
wheat,Jharkhand,Palamau,2002,15.7,1125.48
wheat,Jharkhand,Palamau,2003,17.65,1078.75
wheat,Jharkhand,Palamau,2004,17.19,813.85
wheat,Jharkhand,Palamau,2005,15.34,691.0
wheat,Jharkhand,Palamau,2006,38.62,1114.71
wheat,Jharkhand,Palamau,2007,18.64,599.79
wheat,Jharkhand,Palamau,2008,18.23,851.89
wheat,Jharkhand,Palamau,2009,17.89,858.02
wheat,Jharkhand,Palamau,2010,17.02,851.35
wheat,Jharkhand,Palamau,2011,17.38,1411.97
wheat,Jharkhand,Palamau,2012,25.88,1809.18
wheat,Jharkhand,Palamau,2013,27.56,948.11
wheat,Jharkhand,Palamau,2014,18.61,1398.17
wheat,Jharkhand,Palamau,2015,16.37,1398.9
wheat,Jharkhand,Palamau,2016,37.07,1874.17
wheat,Jharkhand,Ranchi,2000,7.29,1877.91
wheat,Jharkhand,Ranchi,2001,7.69,1866.06
wheat,Jharkhand,Ranchi,2002,7.33,1397.0
wheat,Jharkhand,Ranchi,2003,7.69,1544.86
wheat,Jharkhand,Ranchi,2004,6.84,1299.71
wheat,Jharkhand,Ranchi,2005,6.2,1183.87
wheat,Jharkhand,Ranchi,2006,13.12,1396.34
wheat,Jharkhand,Ranchi,2007,6.95,1686.33
wheat,Jharkhand,Ranchi,2008,7.27,1731.77
wheat,Jharkhand,Ranchi,2009,6.27,1519.94
wheat,Jharkhand,Ranchi,2010,5.37,1230.91
wheat,Jharkhand,Ranchi,2011,5.59,1701.25
wheat,Jharkhand,Ranchi,2012,5.78,1815.63
wheat,Jharkhand,Ranchi,2013,6.12,1941.18
wheat,Jharkhand,Ranchi,2014,12.63,1806.02
wheat,Jharkhand,Ranchi,2015,6.9,1518.84
wheat,Jharkhand,Ranchi,2016,22.78,2114.54
wheat,Jharkhand,Singhbhum,2000,3.05,1442.62
wheat,Jharkhand,Singhbhum,2001,4.04,1685.64
wheat,Jharkhand,Singhbhum,2003,0.66,1348.48
wheat,Jharkhand,Singhbhum,2004,0.54,1240.74
wheat,Jharkhand,Singhbhum,2005,0.58,896.55
wheat,Jharkhand,Singhbhum,2006,1.51,1251.66
wheat,Jharkhand,Singhbhum,2007,0.61,1360.66
wheat,Jharkhand,Singhbhum,2008,0.96,1177.08
wheat,Jharkhand,Singhbhum,2009,0.58,1103.45
wheat,Jharkhand,Singhbhum,2010,0.52,653.85
wheat,Jharkhand,Singhbhum,2011,0.71,1169.01
wheat,Jharkhand,Singhbhum,2012,1.32,1236.36
wheat,Jharkhand,Singhbhum,2013,1.53,1209.15
wheat,Jharkhand,Singhbhum,2014,5.36,1240.67
wheat,Jharkhand,Singhbhum,2015,1.99,914.57
chickpea,Chhattisgarh,Durg,2000,98.52,506.84
chickpea,Chhattisgarh,Durg,2001,117.53,735.92
chickpea,Chhattisgarh,Durg,2002,122.65,637.98
chickpea,Chhattisgarh,Durg,2003,138.93,981.46
chickpea,Chhattisgarh,Durg,2004,163.22,501.01
chickpea,Chhattisgarh,Durg,2005,163.22,501.01
chickpea,Chhattisgarh,Durg,2006,170.6,723.74
chickpea,Chhattisgarh,Durg,2007,143.2,909.8
chickpea,Chhattisgarh,Durg,2008,131.94,856.71
chickpea,Chhattisgarh,Durg,2009,147.22,883.44
chickpea,Chhattisgarh,Durg,2010,184.26,948.89
chickpea,Chhattisgarh,Durg,2011,196.27,1008.49
chickpea,Chhattisgarh,Durg,2012,208.6,1130.97
chickpea,Chhattisgarh,Durg,2013,229.99,756.19
chickpea,Chhattisgarh,Durg,2014,228.75,1056.09
chickpea,Chhattisgarh,Durg,2015,220.27,754.73
chickpea,Chhattisgarh,Durg,2016,227.24,1161.83
chickpea,Chhattisgarh,Durg,2017,258.46,1003.82
chickpea,Chhattisgarh,Bastar,2000,1.28,554.69
chickpea,Chhattisgarh,Bastar,2001,1.42,788.73
chickpea,Chhattisgarh,Bastar,2002,1.1,654.55
chickpea,Chhattisgarh,Bastar,2003,1.46,917.81
chickpea,Chhattisgarh,Bastar,2004,1.39,683.45
chickpea,Chhattisgarh,Bastar,2005,1.39,683.45
chickpea,Chhattisgarh,Bastar,2006,1.47,727.89
chickpea,Chhattisgarh,Bastar,2007,1.53,928.1
chickpea,Chhattisgarh,Bastar,2008,1.46,739.73
chickpea,Chhattisgarh,Bastar,2009,1.51,1079.47
chickpea,Chhattisgarh,Bastar,2010,1.5,1133.33
chickpea,Chhattisgarh,Bastar,2011,1.57,936.31
chickpea,Chhattisgarh,Bastar,2012,1.57,1305.73
chickpea,Chhattisgarh,Bastar,2013,1.71,812.87
chickpea,Chhattisgarh,Bastar,2014,1.65,1278.79
chickpea,Chhattisgarh,Bastar,2015,1.51,880.79
chickpea,Chhattisgarh,Bastar,2016,0.76,1203.7
chickpea,Chhattisgarh,Bastar,2017,1.39,925.85
chickpea,Chhattisgarh,Raipur,2000,6.96,658.05
chickpea,Chhattisgarh,Raipur,2001,12.56,837.58
chickpea,Chhattisgarh,Raipur,2002,14.79,723.46
chickpea,Chhattisgarh,Raipur,2003,21.39,1016.36
chickpea,Chhattisgarh,Raipur,2004,21.81,563.5
chickpea,Chhattisgarh,Raipur,2005,21.81,563.5
chickpea,Chhattisgarh,Raipur,2006,23.19,779.65
chickpea,Chhattisgarh,Raipur,2007,44.26,842.75
chickpea,Chhattisgarh,Raipur,2008,50.16,704.35
chickpea,Chhattisgarh,Raipur,2009,55.79,829.18
chickpea,Chhattisgarh,Raipur,2010,14.6,1034.25
chickpea,Chhattisgarh,Raipur,2011,18.81,1080.28
chickpea,Chhattisgarh,Raipur,2012,13.95,1323.3
chickpea,Chhattisgarh,Raipur,2013,13.69,952.52
chickpea,Chhattisgarh,Raipur,2014,15.71,1272.44
chickpea,Chhattisgarh,Raipur,2015,14.21,906.4
chickpea,Chhattisgarh,Raipur,2016,16.66,1341.7
chickpea,Chhattisgarh,Raipur,2017,31.38,1098.73
chickpea,Chhattisgarh,Bilaspur,2000,28.15,498.62
chickpea,Chhattisgarh,Bilaspur,2001,32.57,698.1
chickpea,Chhattisgarh,Bilaspur,2002,31.8,637.15
chickpea,Chhattisgarh,Bilaspur,2003,36.98,884.7
chickpea,Chhattisgarh,Bilaspur,2004,41.26,526.53
chickpea,Chhattisgarh,Bilaspur,2005,41.26,526.53
chickpea,Chhattisgarh,Bilaspur,2006,41.84,624.99
chickpea,Chhattisgarh,Bilaspur,2007,40.74,784.89
chickpea,Chhattisgarh,Bilaspur,2008,40.68,734.15
chickpea,Chhattisgarh,Bilaspur,2009,46.21,869.74
chickpea,Chhattisgarh,Bilaspur,2010,19.0,911.49
chickpea,Chhattisgarh,Bilaspur,2011,38.22,946.7
chickpea,Chhattisgarh,Bilaspur,2012,38.36,1112.34
chickpea,Chhattisgarh,Bilaspur,2013,38.6,745.2
chickpea,Chhattisgarh,Bilaspur,2014,41.53,991.55
chickpea,Chhattisgarh,Bilaspur,2015,39.47,882.37
chickpea,Chhattisgarh,Bilaspur,2016,40.64,1115.32
chickpea,Chhattisgarh,Bilaspur,2017,39.08,826.39
chickpea,Chhattisgarh,Raigarh,2000,1.71,631.58
chickpea,Chhattisgarh,Raigarh,2001,1.74,752.87
chickpea,Chhattisgarh,Raigarh,2002,1.91,654.45
chickpea,Chhattisgarh,Raigarh,2003,2.22,990.99
chickpea,Chhattisgarh,Raigarh,2004,1.93,575.13
chickpea,Chhattisgarh,Raigarh,2005,1.93,575.13
chickpea,Chhattisgarh,Raigarh,2006,1.87,716.58
chickpea,Chhattisgarh,Raigarh,2007,10.1,867.33
chickpea,Chhattisgarh,Raigarh,2008,9.75,864.62
chickpea,Chhattisgarh,Raigarh,2009,9.64,1012.45
chickpea,Chhattisgarh,Raigarh,2010,1.73,994.22
chickpea,Chhattisgarh,Raigarh,2011,1.64,1012.2
chickpea,Chhattisgarh,Raigarh,2012,1.66,1222.89
chickpea,Chhattisgarh,Raigarh,2013,1.66,843.37
chickpea,Chhattisgarh,Raigarh,2014,1.69,1260.36
chickpea,Chhattisgarh,Raigarh,2015,1.59,710.69
chickpea,Chhattisgarh,Raigarh,2016,1.61,1202.74
chickpea,Chhattisgarh,Raigarh,2017,1.16,1010.3
chickpea,Chhattisgarh,Surguja,2000,3.46,520.23
chickpea,Chhattisgarh,Surguja,2001,3.68,649.46
chickpea,Chhattisgarh,Surguja,2002,3.33,570.57
chickpea,Chhattisgarh,Surguja,2003,3.71,803.23
chickpea,Chhattisgarh,Surguja,2004,3.73,493.3
chickpea,Chhattisgarh,Surguja,2005,3.73,493.3
chickpea,Chhattisgarh,Surguja,2006,3.72,575.27
chickpea,Chhattisgarh,Surguja,2007,3.69,720.87
chickpea,Chhattisgarh,Surguja,2008,3.48,747.13
chickpea,Chhattisgarh,Surguja,2009,3.55,639.44
chickpea,Chhattisgarh,Surguja,2010,3.6,861.11
chickpea,Chhattisgarh,Surguja,2011,3.71,857.14
chickpea,Chhattisgarh,Surguja,2012,3.73,1000.0
chickpea,Chhattisgarh,Surguja,2013,4.11,742.09
chickpea,Chhattisgarh,Surguja,2014,3.94,1050.76
chickpea,Chhattisgarh,Surguja,2015,3.87,633.07
chickpea,Chhattisgarh,Surguja,2016,3.75,1008.8
chickpea,Chhattisgarh,Surguja,2017,3.55,841.73
chickpea,Madhya Pradesh,Jabalpur,2000,63.9,723.0
chickpea,Madhya Pradesh,Jabalpur,2001,74.7,993.31
chickpea,Madhya Pradesh,Jabalpur,2002,88.2,560.09
chickpea,Madhya Pradesh,Jabalpur,2003,87.4,1037.76
chickpea,Madhya Pradesh,Jabalpur,2004,86.88,975.14
chickpea,Madhya Pradesh,Jabalpur,2005,85.72,1057.4
chickpea,Madhya Pradesh,Jabalpur,2006,85.63,981.9
chickpea,Madhya Pradesh,Jabalpur,2007,88.1,808.17
chickpea,Madhya Pradesh,Jabalpur,2008,94.9,899.89
chickpea,Madhya Pradesh,Jabalpur,2009,94.3,968.19
chickpea,Madhya Pradesh,Jabalpur,2010,93.4,680.94
chickpea,Madhya Pradesh,Jabalpur,2011,92.9,1069.97
chickpea,Madhya Pradesh,Jabalpur,2012,93.82,1225.43
chickpea,Madhya Pradesh,Jabalpur,2013,101.75,884.42
chickpea,Madhya Pradesh,Jabalpur,2014,84.0,607.14
chickpea,Madhya Pradesh,Jabalpur,2015,116.0,1250.0
chickpea,Madhya Pradesh,Jabalpur,2016,114.0,1745.61
chickpea,Madhya Pradesh,Jabalpur,2017,121.3,1866.36
chickpea,Madhya Pradesh,Balaghat,2000,4.8,750.0
chickpea,Madhya Pradesh,Balaghat,2001,5.4,833.33
chickpea,Madhya Pradesh,Balaghat,2002,6.0,866.67
chickpea,Madhya Pradesh,Balaghat,2003,6.4,843.75
chickpea,Madhya Pradesh,Balaghat,2004,5.83,801.03
chickpea,Madhya Pradesh,Balaghat,2005,7.46,792.23
chickpea,Madhya Pradesh,Balaghat,2006,7.13,880.79
chickpea,Madhya Pradesh,Balaghat,2007,7.1,760.56
chickpea,Madhya Pradesh,Balaghat,2008,7.0,828.57
chickpea,Madhya Pradesh,Balaghat,2009,7.4,1040.54
chickpea,Madhya Pradesh,Balaghat,2010,6.9,1043.48
chickpea,Madhya Pradesh,Balaghat,2011,10.3,1077.67
chickpea,Madhya Pradesh,Balaghat,2012,7.9,948.1
chickpea,Madhya Pradesh,Balaghat,2013,7.49,845.13
chickpea,Madhya Pradesh,Balaghat,2014,17.0,470.59
chickpea,Madhya Pradesh,Balaghat,2015,34.0,1147.06
chickpea,Madhya Pradesh,Balaghat,2016,38.0,1421.05
chickpea,Madhya Pradesh,Balaghat,2017,61.0,1495.08
chickpea,Madhya Pradesh,Chhindwara,2000,16.9,840.24
chickpea,Madhya Pradesh,Chhindwara,2001,19.3,766.84
chickpea,Madhya Pradesh,Chhindwara,2002,23.3,806.87
chickpea,Madhya Pradesh,Chhindwara,2003,28.6,1332.17
chickpea,Madhya Pradesh,Chhindwara,2004,31.15,1160.83
chickpea,Madhya Pradesh,Chhindwara,2005,33.11,1157.66
chickpea,Madhya Pradesh,Chhindwara,2006,34.73,1178.52
chickpea,Madhya Pradesh,Chhindwara,2007,34.5,1127.54
chickpea,Madhya Pradesh,Chhindwara,2008,29.5,1159.32
chickpea,Madhya Pradesh,Chhindwara,2009,36.3,1617.08
chickpea,Madhya Pradesh,Chhindwara,2010,43.3,1327.94
chickpea,Madhya Pradesh,Chhindwara,2011,45.9,2740.74
chickpea,Madhya Pradesh,Chhindwara,2012,44.05,2828.83
chickpea,Madhya Pradesh,Chhindwara,2013,42.94,2465.3
chickpea,Madhya Pradesh,Chhindwara,2014,50.0,740.0
chickpea,Madhya Pradesh,Chhindwara,2015,81.0,1222.22
chickpea,Madhya Pradesh,Chhindwara,2016,75.0,1386.67
chickpea,Madhya Pradesh,Chhindwara,2017,66.0,1600.0
chickpea,Madhya Pradesh,Narsinghpur,2000,125.6,1148.89
chickpea,Madhya Pradesh,Narsinghpur,2001,138.5,1230.32
chickpea,Madhya Pradesh,Narsinghpur,2002,146.8,745.91
chickpea,Madhya Pradesh,Narsinghpur,2003,148.3,1029.67
chickpea,Madhya Pradesh,Narsinghpur,2004,140.2,999.0
chickpea,Madhya Pradesh,Narsinghpur,2005,139.12,1034.0
chickpea,Madhya Pradesh,Narsinghpur,2006,136.8,1224.05
chickpea,Madhya Pradesh,Narsinghpur,2007,135.3,1025.13
chickpea,Madhya Pradesh,Narsinghpur,2008,132.6,1226.24
chickpea,Madhya Pradesh,Narsinghpur,2009,128.9,1257.56
chickpea,Madhya Pradesh,Narsinghpur,2010,108.1,1082.33
chickpea,Madhya Pradesh,Narsinghpur,2011,105.0,1466.67
chickpea,Madhya Pradesh,Narsinghpur,2012,111.54,1212.21
chickpea,Madhya Pradesh,Narsinghpur,2013,104.29,778.69
chickpea,Madhya Pradesh,Narsinghpur,2014,44.0,704.55
chickpea,Madhya Pradesh,Narsinghpur,2015,90.0,1255.56
chickpea,Madhya Pradesh,Narsinghpur,2016,98.0,1744.9
chickpea,Madhya Pradesh,Narsinghpur,2017,101.5,1506.01
chickpea,Madhya Pradesh,Seoni / Shivani,2000,27.8,467.63
chickpea,Madhya Pradesh,Seoni / Shivani,2001,33.4,727.54
chickpea,Madhya Pradesh,Seoni / Shivani,2002,38.7,705.43
chickpea,Madhya Pradesh,Seoni / Shivani,2003,40.6,736.45
chickpea,Madhya Pradesh,Seoni / Shivani,2004,43.06,653.51
chickpea,Madhya Pradesh,Seoni / Shivani,2005,45.53,710.96
chickpea,Madhya Pradesh,Seoni / Shivani,2006,46.2,645.67
chickpea,Madhya Pradesh,Seoni / Shivani,2007,47.2,463.98
chickpea,Madhya Pradesh,Seoni / Shivani,2008,47.5,707.37
chickpea,Madhya Pradesh,Seoni / Shivani,2009,48.1,708.94
chickpea,Madhya Pradesh,Seoni / Shivani,2010,51.3,690.06
chickpea,Madhya Pradesh,Seoni / Shivani,2011,44.5,721.35
chickpea,Madhya Pradesh,Seoni / Shivani,2012,46.4,851.72
chickpea,Madhya Pradesh,Seoni / Shivani,2013,44.0,980.0
chickpea,Madhya Pradesh,Seoni / Shivani,2014,42.0,500.0
chickpea,Madhya Pradesh,Seoni / Shivani,2015,48.0,833.33
chickpea,Madhya Pradesh,Seoni / Shivani,2016,43.0,1302.33
chickpea,Madhya Pradesh,Seoni / Shivani,2017,40.0,1015.0
chickpea,Madhya Pradesh,Mandla,2000,8.4,380.95
chickpea,Madhya Pradesh,Mandla,2001,9.9,616.16
chickpea,Madhya Pradesh,Mandla,2002,10.6,622.64
chickpea,Madhya Pradesh,Mandla,2003,11.1,630.63
chickpea,Madhya Pradesh,Mandla,2004,11.12,684.35
chickpea,Madhya Pradesh,Mandla,2005,11.63,580.4
chickpea,Madhya Pradesh,Mandla,2006,11.69,594.53
chickpea,Madhya Pradesh,Mandla,2007,13.0,469.23
chickpea,Madhya Pradesh,Mandla,2008,12.4,564.52
chickpea,Madhya Pradesh,Mandla,2009,12.9,558.14
chickpea,Madhya Pradesh,Mandla,2010,25.8,395.35
chickpea,Madhya Pradesh,Mandla,2011,24.6,569.11
chickpea,Madhya Pradesh,Mandla,2012,19.11,476.19
chickpea,Madhya Pradesh,Mandla,2013,19.06,671.04
chickpea,Madhya Pradesh,Mandla,2014,49.0,612.24
chickpea,Madhya Pradesh,Mandla,2015,56.0,946.43
chickpea,Madhya Pradesh,Mandla,2016,55.0,1163.64
chickpea,Madhya Pradesh,Mandla,2017,28.8,1122.22
chickpea,Madhya Pradesh,Sagar,2000,135.7,535.0
chickpea,Madhya Pradesh,Sagar,2001,153.2,806.14
chickpea,Madhya Pradesh,Sagar,2002,229.0,275.98
chickpea,Madhya Pradesh,Sagar,2003,215.4,818.94
chickpea,Madhya Pradesh,Sagar,2004,207.57,838.99
chickpea,Madhya Pradesh,Sagar,2005,201.59,827.97
chickpea,Madhya Pradesh,Sagar,2006,198.65,835.99
chickpea,Madhya Pradesh,Sagar,2007,190.8,611.11
chickpea,Madhya Pradesh,Sagar,2008,194.9,866.09
chickpea,Madhya Pradesh,Sagar,2009,186.3,907.68
chickpea,Madhya Pradesh,Sagar,2010,187.5,513.07
chickpea,Madhya Pradesh,Sagar,2011,205.6,982.49
chickpea,Madhya Pradesh,Sagar,2012,170.01,1283.04
chickpea,Madhya Pradesh,Sagar,2013,181.03,575.32
chickpea,Madhya Pradesh,Sagar,2014,83.0,542.17
chickpea,Madhya Pradesh,Sagar,2015,172.0,1040.7
chickpea,Madhya Pradesh,Sagar,2016,178.0,1387.64
chickpea,Madhya Pradesh,Sagar,2017,183.0,1320.0
chickpea,Madhya Pradesh,Damoh,2000,99.7,647.94
chickpea,Madhya Pradesh,Damoh,2001,122.9,780.31
chickpea,Madhya Pradesh,Damoh,2002,180.3,203.55
chickpea,Madhya Pradesh,Damoh,2003,176.0,823.86
chickpea,Madhya Pradesh,Damoh,2004,169.25,794.03
chickpea,Madhya Pradesh,Damoh,2005,166.73,857.97
chickpea,Madhya Pradesh,Damoh,2006,165.0,916.97
chickpea,Madhya Pradesh,Damoh,2007,157.8,667.3
chickpea,Madhya Pradesh,Damoh,2008,158.7,965.34
chickpea,Madhya Pradesh,Damoh,2009,151.4,1066.05
chickpea,Madhya Pradesh,Damoh,2010,111.3,542.68
chickpea,Madhya Pradesh,Damoh,2011,149.1,1041.58
chickpea,Madhya Pradesh,Damoh,2012,135.12,1121.97
chickpea,Madhya Pradesh,Damoh,2013,178.07,378.45
chickpea,Madhya Pradesh,Damoh,2014,75.0,560.0
chickpea,Madhya Pradesh,Damoh,2015,162.0,1067.9
chickpea,Madhya Pradesh,Damoh,2016,174.0,1396.55
chickpea,Madhya Pradesh,Damoh,2017,185.75,1500.03
chickpea,Madhya Pradesh,Tikamgarh,2000,25.5,1400.0
chickpea,Madhya Pradesh,Tikamgarh,2001,29.0,1651.72
chickpea,Madhya Pradesh,Tikamgarh,2002,32.1,1261.68
chickpea,Madhya Pradesh,Tikamgarh,2003,32.3,1461.3
chickpea,Madhya Pradesh,Tikamgarh,2004,32.9,1168.39
chickpea,Madhya Pradesh,Tikamgarh,2005,29.69,1132.7
chickpea,Madhya Pradesh,Tikamgarh,2006,21.28,960.06
chickpea,Madhya Pradesh,Tikamgarh,2007,7.7,831.17
chickpea,Madhya Pradesh,Tikamgarh,2008,24.2,1239.67
chickpea,Madhya Pradesh,Tikamgarh,2009,30.8,1129.87
chickpea,Madhya Pradesh,Tikamgarh,2010,26.8,645.52
chickpea,Madhya Pradesh,Tikamgarh,2011,34.4,1183.14
chickpea,Madhya Pradesh,Tikamgarh,2012,20.17,925.14
chickpea,Madhya Pradesh,Tikamgarh,2013,19.67,247.08
chickpea,Madhya Pradesh,Tikamgarh,2014,28.0,357.14
chickpea,Madhya Pradesh,Tikamgarh,2015,17.0,941.18
chickpea,Madhya Pradesh,Tikamgarh,2016,19.0,1315.79
chickpea,Madhya Pradesh,Tikamgarh,2017,12.4,1136.29
chickpea,Madhya Pradesh,Chhatarpur,2000,74.5,879.19
chickpea,Madhya Pradesh,Chhatarpur,2001,87.1,1120.55
chickpea,Madhya Pradesh,Chhatarpur,2002,98.6,985.8
chickpea,Madhya Pradesh,Chhatarpur,2003,99.3,1152.06
chickpea,Madhya Pradesh,Chhatarpur,2004,102.88,1139.0
chickpea,Madhya Pradesh,Chhatarpur,2005,102.51,1059.99
chickpea,Madhya Pradesh,Chhatarpur,2006,76.99,788.02
chickpea,Madhya Pradesh,Chhatarpur,2007,51.9,726.4
chickpea,Madhya Pradesh,Chhatarpur,2008,84.3,1024.91
chickpea,Madhya Pradesh,Chhatarpur,2009,91.8,1028.32
chickpea,Madhya Pradesh,Chhatarpur,2010,95.2,932.77
chickpea,Madhya Pradesh,Chhatarpur,2011,93.2,1522.53
chickpea,Madhya Pradesh,Chhatarpur,2012,92.37,1270.54
chickpea,Madhya Pradesh,Chhatarpur,2013,93.69,299.61
chickpea,Madhya Pradesh,Chhatarpur,2014,46.0,608.7
chickpea,Madhya Pradesh,Chhatarpur,2015,49.0,857.14
chickpea,Madhya Pradesh,Chhatarpur,2016,88.0,1500.0
chickpea,Madhya Pradesh,Chhatarpur,2017,49.99,1208.04
chickpea,Madhya Pradesh,Panna,2000,69.3,470.42
chickpea,Madhya Pradesh,Panna,2001,81.9,676.43
chickpea,Madhya Pradesh,Panna,2002,91.1,585.07
chickpea,Madhya Pradesh,Panna,2003,88.7,698.99
chickpea,Madhya Pradesh,Panna,2004,91.02,612.17
chickpea,Madhya Pradesh,Panna,2005,97.82,774.99
chickpea,Madhya Pradesh,Panna,2006,89.45,738.96
chickpea,Madhya Pradesh,Panna,2007,92.9,742.73
chickpea,Madhya Pradesh,Panna,2008,94.0,1042.55
chickpea,Madhya Pradesh,Panna,2009,99.4,1071.43
chickpea,Madhya Pradesh,Panna,2010,77.5,935.48
chickpea,Madhya Pradesh,Panna,2011,99.4,1074.45
chickpea,Madhya Pradesh,Panna,2012,90.09,1069.6
chickpea,Madhya Pradesh,Panna,2013,83.26,451.12
chickpea,Madhya Pradesh,Panna,2014,67.0,537.31
chickpea,Madhya Pradesh,Panna,2015,72.0,1166.67
chickpea,Madhya Pradesh,Panna,2016,94.0,1489.36
chickpea,Madhya Pradesh,Panna,2017,93.67,1784.03
chickpea,Madhya Pradesh,Rewa,2000,62.0,853.23
chickpea,Madhya Pradesh,Rewa,2001,63.5,1017.32
chickpea,Madhya Pradesh,Rewa,2002,65.3,1018.38
chickpea,Madhya Pradesh,Rewa,2003,64.9,1060.09
chickpea,Madhya Pradesh,Rewa,2004,65.76,975.06
chickpea,Madhya Pradesh,Rewa,2005,63.01,847.96
chickpea,Madhya Pradesh,Rewa,2006,58.9,759.08
chickpea,Madhya Pradesh,Rewa,2007,57.1,833.63
chickpea,Madhya Pradesh,Rewa,2008,58.9,966.04
chickpea,Madhya Pradesh,Rewa,2009,58.5,911.11
chickpea,Madhya Pradesh,Rewa,2010,51.5,790.29
chickpea,Madhya Pradesh,Rewa,2011,61.5,1352.85
chickpea,Madhya Pradesh,Rewa,2012,49.11,1437.79
chickpea,Madhya Pradesh,Rewa,2013,59.88,515.7
chickpea,Madhya Pradesh,Rewa,2014,51.0,764.71
chickpea,Madhya Pradesh,Rewa,2015,64.0,1000.0
chickpea,Madhya Pradesh,Rewa,2016,65.0,1507.69
chickpea,Madhya Pradesh,Rewa,2017,54.3,1374.95
chickpea,Madhya Pradesh,Sidhi,2000,37.3,407.51
chickpea,Madhya Pradesh,Sidhi,2001,37.3,477.21
chickpea,Madhya Pradesh,Sidhi,2002,39.9,461.15
chickpea,Madhya Pradesh,Sidhi,2003,40.6,564.04
chickpea,Madhya Pradesh,Sidhi,2004,39.3,512.47
chickpea,Madhya Pradesh,Sidhi,2005,37.41,440.52
chickpea,Madhya Pradesh,Sidhi,2006,37.86,420.23
chickpea,Madhya Pradesh,Sidhi,2007,35.8,337.99
chickpea,Madhya Pradesh,Sidhi,2008,37.2,462.37
chickpea,Madhya Pradesh,Sidhi,2009,35.7,509.8
chickpea,Madhya Pradesh,Sidhi,2010,33.8,428.99
chickpea,Madhya Pradesh,Sidhi,2011,42.0,611.9
chickpea,Madhya Pradesh,Sidhi,2012,32.86,661.59
chickpea,Madhya Pradesh,Sidhi,2013,33.54,740.31
chickpea,Madhya Pradesh,Sidhi,2014,48.0,666.67
chickpea,Madhya Pradesh,Sidhi,2015,63.0,1079.37
chickpea,Madhya Pradesh,Sidhi,2016,65.0,1276.92
chickpea,Madhya Pradesh,Sidhi,2017,66.6,1151.65
chickpea,Madhya Pradesh,Satna,2000,76.3,460.03
chickpea,Madhya Pradesh,Satna,2001,88.8,593.47
chickpea,Madhya Pradesh,Satna,2002,95.3,648.48
chickpea,Madhya Pradesh,Satna,2003,96.9,692.47
chickpea,Madhya Pradesh,Satna,2004,97.6,675.2
chickpea,Madhya Pradesh,Satna,2005,97.55,635.37
chickpea,Madhya Pradesh,Satna,2006,90.19,484.64
chickpea,Madhya Pradesh,Satna,2007,98.2,330.96
chickpea,Madhya Pradesh,Satna,2008,92.3,522.21
chickpea,Madhya Pradesh,Satna,2009,90.5,617.68
chickpea,Madhya Pradesh,Satna,2010,74.1,434.55
chickpea,Madhya Pradesh,Satna,2011,95.3,597.06
chickpea,Madhya Pradesh,Satna,2012,78.13,517.85
chickpea,Madhya Pradesh,Satna,2013,93.14,452.65
chickpea,Madhya Pradesh,Satna,2014,68.0,926.47
chickpea,Madhya Pradesh,Satna,2015,109.0,1165.14
chickpea,Madhya Pradesh,Satna,2016,120.0,1750.0
chickpea,Madhya Pradesh,Satna,2017,116.0,1476.98
chickpea,Madhya Pradesh,Shahdol,2000,8.6,418.6
chickpea,Madhya Pradesh,Shahdol,2001,10.4,480.77
chickpea,Madhya Pradesh,Shahdol,2002,10.0,370.0
chickpea,Madhya Pradesh,Shahdol,2003,11.6,525.86
chickpea,Madhya Pradesh,Shahdol,2004,12.12,499.17
chickpea,Madhya Pradesh,Shahdol,2005,13.66,450.22
chickpea,Madhya Pradesh,Shahdol,2006,12.8,407.81
chickpea,Madhya Pradesh,Shahdol,2007,12.3,357.72
chickpea,Madhya Pradesh,Shahdol,2008,13.0,407.69
chickpea,Madhya Pradesh,Shahdol,2009,14.1,432.62
chickpea,Madhya Pradesh,Shahdol,2010,13.3,323.31
chickpea,Madhya Pradesh,Shahdol,2011,17.5,468.57
chickpea,Madhya Pradesh,Shahdol,2012,15.36,649.09
chickpea,Madhya Pradesh,Shahdol,2013,25.51,708.35
chickpea,Madhya Pradesh,Shahdol,2014,26.0,884.62
chickpea,Madhya Pradesh,Shahdol,2015,54.0,851.85
chickpea,Madhya Pradesh,Shahdol,2016,41.0,1121.95
chickpea,Madhya Pradesh,Shahdol,2017,45.5,1037.36
chickpea,Madhya Pradesh,Gwalior,2000,31.5,1184.13
chickpea,Madhya Pradesh,Gwalior,2001,43.3,1133.95
chickpea,Madhya Pradesh,Gwalior,2002,44.4,972.97
chickpea,Madhya Pradesh,Gwalior,2003,33.4,1227.54
chickpea,Madhya Pradesh,Gwalior,2004,22.16,1231.05
chickpea,Madhya Pradesh,Gwalior,2005,23.34,1293.06
chickpea,Madhya Pradesh,Gwalior,2006,21.92,1086.22
chickpea,Madhya Pradesh,Gwalior,2007,15.7,1095.54
chickpea,Madhya Pradesh,Gwalior,2008,17.4,1287.36
chickpea,Madhya Pradesh,Gwalior,2009,21.7,1368.66
chickpea,Madhya Pradesh,Gwalior,2010,17.0,1782.35
chickpea,Madhya Pradesh,Gwalior,2011,22.4,1455.36
chickpea,Madhya Pradesh,Gwalior,2012,23.28,1599.23
chickpea,Madhya Pradesh,Gwalior,2013,16.75,1212.54
chickpea,Madhya Pradesh,Gwalior,2014,16.0,1062.5
chickpea,Madhya Pradesh,Gwalior,2015,33.0,1242.42
chickpea,Madhya Pradesh,Gwalior,2016,33.0,2090.91
chickpea,Madhya Pradesh,Gwalior,2017,26.0,970.0
chickpea,Madhya Pradesh,Shivpuri,2000,98.6,880.32
chickpea,Madhya Pradesh,Shivpuri,2001,101.0,1078.22
chickpea,Madhya Pradesh,Shivpuri,2002,52.3,686.42
chickpea,Madhya Pradesh,Shivpuri,2003,78.1,1169.01
chickpea,Madhya Pradesh,Shivpuri,2004,68.96,946.93
chickpea,Madhya Pradesh,Shivpuri,2005,57.76,1023.89
chickpea,Madhya Pradesh,Shivpuri,2006,53.56,1086.07
chickpea,Madhya Pradesh,Shivpuri,2007,49.4,813.77
chickpea,Madhya Pradesh,Shivpuri,2008,53.0,1009.43
chickpea,Madhya Pradesh,Shivpuri,2009,54.7,1180.99
chickpea,Madhya Pradesh,Shivpuri,2010,52.8,979.17
chickpea,Madhya Pradesh,Shivpuri,2011,65.8,1276.6
chickpea,Madhya Pradesh,Shivpuri,2012,65.27,1592.92
chickpea,Madhya Pradesh,Shivpuri,2013,87.84,927.48
chickpea,Madhya Pradesh,Shivpuri,2014,85.0,1211.76
chickpea,Madhya Pradesh,Shivpuri,2015,78.0,1012.82
chickpea,Madhya Pradesh,Shivpuri,2016,87.0,1390.8
chickpea,Madhya Pradesh,Shivpuri,2017,32.0,1350.0
chickpea,Madhya Pradesh,Guna,2000,208.2,809.32
chickpea,Madhya Pradesh,Guna,2001,212.0,944.81
chickpea,Madhya Pradesh,Guna,2002,188.7,409.11
chickpea,Madhya Pradesh,Guna,2003,188.7,804.45
chickpea,Madhya Pradesh,Guna,2004,195.97,792.06
chickpea,Madhya Pradesh,Guna,2005,191.49,899.0
chickpea,Madhya Pradesh,Guna,2006,193.45,970.02
chickpea,Madhya Pradesh,Guna,2007,201.1,518.65
chickpea,Madhya Pradesh,Guna,2008,203.0,1106.4
chickpea,Madhya Pradesh,Guna,2009,216.3,1101.25
chickpea,Madhya Pradesh,Guna,2010,206.4,913.76
chickpea,Madhya Pradesh,Guna,2011,202.4,1256.42
chickpea,Madhya Pradesh,Guna,2012,194.86,1568.87
chickpea,Madhya Pradesh,Guna,2013,191.91,812.93
chickpea,Madhya Pradesh,Guna,2014,181.0,1182.32
chickpea,Madhya Pradesh,Guna,2015,138.0,1268.12
chickpea,Madhya Pradesh,Guna,2016,195.0,1379.49
chickpea,Madhya Pradesh,Guna,2017,164.6,1055.59
chickpea,Madhya Pradesh,Datia,2000,48.0,1320.83
chickpea,Madhya Pradesh,Datia,2001,60.7,1479.41
chickpea,Madhya Pradesh,Datia,2002,63.7,1367.35
chickpea,Madhya Pradesh,Datia,2003,61.1,1261.87
chickpea,Madhya Pradesh,Datia,2004,49.66,1170.16
chickpea,Madhya Pradesh,Datia,2005,36.73,1465.56
chickpea,Madhya Pradesh,Datia,2006,24.63,1064.56
chickpea,Madhya Pradesh,Datia,2007,22.5,764.44
chickpea,Madhya Pradesh,Datia,2008,28.8,1250.0
chickpea,Madhya Pradesh,Datia,2009,21.8,1252.29
chickpea,Madhya Pradesh,Datia,2010,19.4,1056.7
chickpea,Madhya Pradesh,Datia,2011,19.0,1173.68
chickpea,Madhya Pradesh,Datia,2012,21.89,1404.75
chickpea,Madhya Pradesh,Datia,2013,17.41,1161.4
chickpea,Madhya Pradesh,Datia,2014,26.0,1115.38
chickpea,Madhya Pradesh,Datia,2015,47.0,1170.21
chickpea,Madhya Pradesh,Datia,2016,40.0,1375.0
chickpea,Madhya Pradesh,Datia,2017,29.5,1001.02
chickpea,Madhya Pradesh,Morena,2000,21.3,1225.35
chickpea,Madhya Pradesh,Morena,2001,33.8,1343.2
chickpea,Madhya Pradesh,Morena,2002,22.9,1065.5
chickpea,Madhya Pradesh,Morena,2003,24.0,1329.17
chickpea,Madhya Pradesh,Morena,2004,17.17,1183.46
chickpea,Madhya Pradesh,Morena,2005,14.18,1258.82
chickpea,Madhya Pradesh,Morena,2006,14.7,1193.2
chickpea,Madhya Pradesh,Morena,2007,12.7,1047.24
chickpea,Madhya Pradesh,Morena,2008,10.7,1168.22
chickpea,Madhya Pradesh,Morena,2009,14.7,1224.49
chickpea,Madhya Pradesh,Morena,2010,19.4,1067.01
chickpea,Madhya Pradesh,Morena,2011,19.6,1198.98
chickpea,Madhya Pradesh,Morena,2012,14.19,1704.02
chickpea,Madhya Pradesh,Morena,2013,12.59,1827.64
chickpea,Madhya Pradesh,Morena,2014,67.0,1014.93
chickpea,Madhya Pradesh,Morena,2015,30.0,1133.33
chickpea,Madhya Pradesh,Morena,2016,32.0,1843.75
chickpea,Madhya Pradesh,Morena,2017,38.93,1957.87
chickpea,Madhya Pradesh,Bhind,2000,46.5,718.28
chickpea,Madhya Pradesh,Bhind,2001,57.8,1321.8
chickpea,Madhya Pradesh,Bhind,2002,64.4,1004.66
chickpea,Madhya Pradesh,Bhind,2003,49.7,1352.11
chickpea,Madhya Pradesh,Bhind,2004,45.74,1094.01
chickpea,Madhya Pradesh,Bhind,2005,34.28,1050.18
chickpea,Madhya Pradesh,Bhind,2006,28.9,861.25
chickpea,Madhya Pradesh,Bhind,2007,21.3,727.7
chickpea,Madhya Pradesh,Bhind,2008,19.9,1231.16
chickpea,Madhya Pradesh,Bhind,2009,20.7,1256.04
chickpea,Madhya Pradesh,Bhind,2010,17.3,1294.8
chickpea,Madhya Pradesh,Bhind,2011,18.5,1329.73
chickpea,Madhya Pradesh,Bhind,2012,15.72,1470.74
chickpea,Madhya Pradesh,Bhind,2013,13.0,1043.85
chickpea,Madhya Pradesh,Bhind,2014,35.0,971.43
chickpea,Madhya Pradesh,Bhind,2015,21.0,857.14
chickpea,Madhya Pradesh,Bhind,2016,27.0,1555.56
chickpea,Madhya Pradesh,Bhind,2017,25.0,1557.2
chickpea,Madhya Pradesh,Indore,2000,16.7,676.65
chickpea,Madhya Pradesh,Indore,2001,41.9,656.32
chickpea,Madhya Pradesh,Indore,2002,27.7,649.82
chickpea,Madhya Pradesh,Indore,2003,27.8,899.28
chickpea,Madhya Pradesh,Indore,2004,34.17,937.08
chickpea,Madhya Pradesh,Indore,2005,26.83,906.08
chickpea,Madhya Pradesh,Indore,2006,35.71,1017.08
chickpea,Madhya Pradesh,Indore,2007,36.9,940.38
chickpea,Madhya Pradesh,Indore,2008,95.0,1026.32
chickpea,Madhya Pradesh,Indore,2009,67.9,1209.13
chickpea,Madhya Pradesh,Indore,2010,63.8,633.23
chickpea,Madhya Pradesh,Indore,2011,64.8,1112.65
chickpea,Madhya Pradesh,Indore,2012,59.58,1355.66
chickpea,Madhya Pradesh,Indore,2013,67.22,952.54
chickpea,Madhya Pradesh,Indore,2014,83.0,1180.72
chickpea,Madhya Pradesh,Indore,2015,74.0,1175.68
chickpea,Madhya Pradesh,Indore,2016,75.0,1466.67
chickpea,Madhya Pradesh,Indore,2017,94.41,1882.96
chickpea,Madhya Pradesh,Ratlam,2000,8.7,540.23
chickpea,Madhya Pradesh,Ratlam,2001,36.7,416.89
chickpea,Madhya Pradesh,Ratlam,2002,8.6,325.58
chickpea,Madhya Pradesh,Ratlam,2003,54.0,709.26
chickpea,Madhya Pradesh,Ratlam,2004,54.78,661.01
chickpea,Madhya Pradesh,Ratlam,2005,38.71,536.04
chickpea,Madhya Pradesh,Ratlam,2006,50.78,828.08
chickpea,Madhya Pradesh,Ratlam,2007,55.4,555.96
chickpea,Madhya Pradesh,Ratlam,2008,53.7,1014.9
chickpea,Madhya Pradesh,Ratlam,2009,79.0,774.68
chickpea,Madhya Pradesh,Ratlam,2010,76.1,450.72
chickpea,Madhya Pradesh,Ratlam,2011,82.0,529.27
chickpea,Madhya Pradesh,Ratlam,2012,73.82,864.4
chickpea,Madhya Pradesh,Ratlam,2013,71.23,730.87
chickpea,Madhya Pradesh,Ratlam,2014,69.0,1101.45
chickpea,Madhya Pradesh,Ratlam,2015,74.0,702.7
chickpea,Madhya Pradesh,Ratlam,2016,95.0,1000.0
chickpea,Madhya Pradesh,Ratlam,2017,91.4,1426.04
chickpea,Madhya Pradesh,Ujjain,2000,20.9,861.24
chickpea,Madhya Pradesh,Ujjain,2001,113.1,488.95
chickpea,Madhya Pradesh,Ujjain,2002,51.8,606.18
chickpea,Madhya Pradesh,Ujjain,2003,121.0,763.64
chickpea,Madhya Pradesh,Ujjain,2004,102.95,942.01
chickpea,Madhya Pradesh,Ujjain,2005,82.46,760.98
chickpea,Madhya Pradesh,Ujjain,2006,119.51,1161.07
chickpea,Madhya Pradesh,Ujjain,2007,133.7,682.87
chickpea,Madhya Pradesh,Ujjain,2008,136.3,933.24
chickpea,Madhya Pradesh,Ujjain,2009,203.0,946.8
chickpea,Madhya Pradesh,Ujjain,2010,212.7,634.23
chickpea,Madhya Pradesh,Ujjain,2011,205.3,717.49
chickpea,Madhya Pradesh,Ujjain,2012,183.34,966.51
chickpea,Madhya Pradesh,Ujjain,2013,125.1,912.23
chickpea,Madhya Pradesh,Ujjain,2014,116.0,1310.34
chickpea,Madhya Pradesh,Ujjain,2015,114.0,1052.63
chickpea,Madhya Pradesh,Ujjain,2016,104.0,1326.92
chickpea,Madhya Pradesh,Ujjain,2017,195.2,1484.02
chickpea,Madhya Pradesh,Mandsaur,2000,27.2,724.26
chickpea,Madhya Pradesh,Mandsaur,2001,52.2,783.52
chickpea,Madhya Pradesh,Mandsaur,2002,18.7,609.63
chickpea,Madhya Pradesh,Mandsaur,2003,85.3,737.4
chickpea,Madhya Pradesh,Mandsaur,2004,64.8,806.17
chickpea,Madhya Pradesh,Mandsaur,2005,53.83,890.21
chickpea,Madhya Pradesh,Mandsaur,2006,48.39,951.85
chickpea,Madhya Pradesh,Mandsaur,2007,48.6,644.03
chickpea,Madhya Pradesh,Mandsaur,2008,66.6,705.71
chickpea,Madhya Pradesh,Mandsaur,2009,61.9,767.37
chickpea,Madhya Pradesh,Mandsaur,2010,58.4,693.49
chickpea,Madhya Pradesh,Mandsaur,2011,72.4,730.66
chickpea,Madhya Pradesh,Mandsaur,2012,37.61,1225.21
chickpea,Madhya Pradesh,Mandsaur,2013,34.82,962.38
chickpea,Madhya Pradesh,Mandsaur,2014,96.0,1104.17
chickpea,Madhya Pradesh,Mandsaur,2015,93.0,903.23
chickpea,Madhya Pradesh,Mandsaur,2016,90.0,1366.67
chickpea,Madhya Pradesh,Mandsaur,2017,103.2,1312.89
chickpea,Madhya Pradesh,Dewas,2000,26.1,877.39
chickpea,Madhya Pradesh,Dewas,2001,76.9,1048.11
chickpea,Madhya Pradesh,Dewas,2002,56.5,1084.96
chickpea,Madhya Pradesh,Dewas,2003,79.9,1047.56
chickpea,Madhya Pradesh,Dewas,2004,83.22,1107.79
chickpea,Madhya Pradesh,Dewas,2005,87.18,1184.9
chickpea,Madhya Pradesh,Dewas,2006,95.49,1303.59
chickpea,Madhya Pradesh,Dewas,2007,102.4,1125.0
chickpea,Madhya Pradesh,Dewas,2008,106.0,1144.34
chickpea,Madhya Pradesh,Dewas,2009,137.7,1226.58
chickpea,Madhya Pradesh,Dewas,2010,140.9,1002.13
chickpea,Madhya Pradesh,Dewas,2011,130.0,1256.15
chickpea,Madhya Pradesh,Dewas,2012,112.94,1511.07
chickpea,Madhya Pradesh,Dewas,2013,109.46,697.61
chickpea,Madhya Pradesh,Dewas,2014,165.0,1696.97
chickpea,Madhya Pradesh,Dewas,2015,112.0,1151.79
chickpea,Madhya Pradesh,Dewas,2016,112.0,1500.0
chickpea,Madhya Pradesh,Dewas,2017,219.47,1800.02
chickpea,Madhya Pradesh,Dhar,2000,9.9,404.04
chickpea,Madhya Pradesh,Dhar,2001,42.2,691.94
chickpea,Madhya Pradesh,Dhar,2002,15.8,632.91
chickpea,Madhya Pradesh,Dhar,2003,25.4,696.85
chickpea,Madhya Pradesh,Dhar,2004,27.53,828.19
chickpea,Madhya Pradesh,Dhar,2005,32.56,874.08
chickpea,Madhya Pradesh,Dhar,2006,41.83,1021.04
chickpea,Madhya Pradesh,Dhar,2007,46.9,1008.53
chickpea,Madhya Pradesh,Dhar,2008,84.4,976.3
chickpea,Madhya Pradesh,Dhar,2009,97.7,1090.07
chickpea,Madhya Pradesh,Dhar,2010,80.0,1061.25
chickpea,Madhya Pradesh,Dhar,2011,58.1,1259.9
chickpea,Madhya Pradesh,Dhar,2012,96.47,1219.96
chickpea,Madhya Pradesh,Dhar,2013,94.28,1141.92
chickpea,Madhya Pradesh,Dhar,2014,118.0,1033.9
chickpea,Madhya Pradesh,Dhar,2015,108.0,1046.3
chickpea,Madhya Pradesh,Dhar,2016,100.0,1140.0
chickpea,Madhya Pradesh,Dhar,2017,149.72,1546.02
chickpea,Madhya Pradesh,Jhabua,2000,1.1,272.73
chickpea,Madhya Pradesh,Jhabua,2001,9.3,494.62
chickpea,Madhya Pradesh,Jhabua,2002,9.2,641.3
chickpea,Madhya Pradesh,Jhabua,2003,19.1,738.22
chickpea,Madhya Pradesh,Jhabua,2004,23.28,663.23
chickpea,Madhya Pradesh,Jhabua,2005,21.45,622.38
chickpea,Madhya Pradesh,Jhabua,2006,22.52,646.54
chickpea,Madhya Pradesh,Jhabua,2007,24.1,560.17
chickpea,Madhya Pradesh,Jhabua,2008,18.7,556.15
chickpea,Madhya Pradesh,Jhabua,2009,21.2,594.34
chickpea,Madhya Pradesh,Jhabua,2010,22.9,558.95
chickpea,Madhya Pradesh,Jhabua,2011,27.4,609.49
chickpea,Madhya Pradesh,Jhabua,2012,25.3,616.6
chickpea,Madhya Pradesh,Jhabua,2013,26.85,893.11
chickpea,Madhya Pradesh,Jhabua,2014,36.0,1361.11
chickpea,Madhya Pradesh,Jhabua,2015,32.0,968.75
chickpea,Madhya Pradesh,Jhabua,2016,38.0,1421.05
chickpea,Madhya Pradesh,Jhabua,2017,37.1,1236.93
chickpea,Madhya Pradesh,Khargone / West Nimar,2000,4.0,450.0
chickpea,Madhya Pradesh,Khargone / West Nimar,2001,6.9,579.71
chickpea,Madhya Pradesh,Khargone / West Nimar,2002,8.0,662.5
chickpea,Madhya Pradesh,Khargone / West Nimar,2003,9.5,652.63
chickpea,Madhya Pradesh,Khargone / West Nimar,2004,9.87,537.99
chickpea,Madhya Pradesh,Khargone / West Nimar,2005,8.21,526.19
chickpea,Madhya Pradesh,Khargone / West Nimar,2006,10.99,623.29
chickpea,Madhya Pradesh,Khargone / West Nimar,2007,10.7,542.06
chickpea,Madhya Pradesh,Khargone / West Nimar,2008,8.8,522.73
chickpea,Madhya Pradesh,Khargone / West Nimar,2009,13.4,574.63
chickpea,Madhya Pradesh,Khargone / West Nimar,2010,13.8,550.72
chickpea,Madhya Pradesh,Khargone / West Nimar,2011,13.4,798.51
chickpea,Madhya Pradesh,Khargone / West Nimar,2012,17.11,1040.91
chickpea,Madhya Pradesh,Khargone / West Nimar,2013,16.65,901.5
chickpea,Madhya Pradesh,Khargone / West Nimar,2014,50.0,1340.0
chickpea,Madhya Pradesh,Khargone / West Nimar,2015,35.0,1228.57
chickpea,Madhya Pradesh,Khargone / West Nimar,2016,42.0,2666.67
chickpea,Madhya Pradesh,Khargone / West Nimar,2017,123.78,1692.44
chickpea,Madhya Pradesh,Khandwa / East Nimar,2000,7.6,657.89
chickpea,Madhya Pradesh,Khandwa / East Nimar,2001,16.8,886.9
chickpea,Madhya Pradesh,Khandwa / East Nimar,2002,19.2,937.5
chickpea,Madhya Pradesh,Khandwa / East Nimar,2003,18.3,874.32
chickpea,Madhya Pradesh,Khandwa / East Nimar,2004,17.52,816.78
chickpea,Madhya Pradesh,Khandwa / East Nimar,2005,16.71,880.91
chickpea,Madhya Pradesh,Khandwa / East Nimar,2006,16.81,1016.06
chickpea,Madhya Pradesh,Khandwa / East Nimar,2007,16.5,812.12
chickpea,Madhya Pradesh,Khandwa / East Nimar,2008,17.2,883.72
chickpea,Madhya Pradesh,Khandwa / East Nimar,2009,19.6,897.96
chickpea,Madhya Pradesh,Khandwa / East Nimar,2010,22.1,832.58
chickpea,Madhya Pradesh,Khandwa / East Nimar,2011,20.2,1049.5
chickpea,Madhya Pradesh,Khandwa / East Nimar,2012,18.54,1607.34
chickpea,Madhya Pradesh,Khandwa / East Nimar,2013,23.13,1130.57
chickpea,Madhya Pradesh,Khandwa / East Nimar,2014,50.0,1500.0
chickpea,Madhya Pradesh,Khandwa / East Nimar,2015,38.0,1236.84
chickpea,Madhya Pradesh,Khandwa / East Nimar,2016,42.0,1309.52
chickpea,Madhya Pradesh,Khandwa / East Nimar,2017,69.51,991.37
chickpea,Madhya Pradesh,Sehore,2000,75.1,957.39
chickpea,Madhya Pradesh,Sehore,2001,118.8,1008.42
chickpea,Madhya Pradesh,Sehore,2002,107.7,962.86
chickpea,Madhya Pradesh,Sehore,2003,120.5,973.44
chickpea,Madhya Pradesh,Sehore,2004,117.97,969.57
chickpea,Madhya Pradesh,Sehore,2005,116.19,1005.59
chickpea,Madhya Pradesh,Sehore,2006,123.07,1088.65
chickpea,Madhya Pradesh,Sehore,2007,148.4,789.76
chickpea,Madhya Pradesh,Sehore,2008,151.2,931.88
chickpea,Madhya Pradesh,Sehore,2009,143.9,1167.48
chickpea,Madhya Pradesh,Sehore,2010,154.7,673.56
chickpea,Madhya Pradesh,Sehore,2011,161.0,1286.34
chickpea,Madhya Pradesh,Sehore,2012,128.04,975.71
chickpea,Madhya Pradesh,Sehore,2013,129.38,907.17
chickpea,Madhya Pradesh,Sehore,2014,163.0,1147.24
chickpea,Madhya Pradesh,Sehore,2015,133.0,1225.56
chickpea,Madhya Pradesh,Sehore,2016,139.0,1338.13
chickpea,Madhya Pradesh,Sehore,2017,165.9,1555.64
chickpea,Madhya Pradesh,Raisen,2000,111.2,901.08
chickpea,Madhya Pradesh,Raisen,2001,118.2,1168.36
chickpea,Madhya Pradesh,Raisen,2002,133.1,1029.3
chickpea,Madhya Pradesh,Raisen,2003,131.9,968.92
chickpea,Madhya Pradesh,Raisen,2004,131.53,1035.96
chickpea,Madhya Pradesh,Raisen,2005,133.07,1110.02
chickpea,Madhya Pradesh,Raisen,2006,135.87,1231.99
chickpea,Madhya Pradesh,Raisen,2007,145.3,797.66
chickpea,Madhya Pradesh,Raisen,2008,148.9,1126.26
chickpea,Madhya Pradesh,Raisen,2009,144.8,1381.91
chickpea,Madhya Pradesh,Raisen,2010,132.5,821.89
chickpea,Madhya Pradesh,Raisen,2011,152.2,1126.15
chickpea,Madhya Pradesh,Raisen,2012,117.21,1628.79
chickpea,Madhya Pradesh,Raisen,2013,155.7,635.07
chickpea,Madhya Pradesh,Raisen,2014,115.0,1130.43
chickpea,Madhya Pradesh,Raisen,2015,120.0,1266.67
chickpea,Madhya Pradesh,Raisen,2016,120.0,1491.67
chickpea,Madhya Pradesh,Raisen,2017,167.2,1673.98
chickpea,Madhya Pradesh,Vidisha,2000,190.6,926.02
chickpea,Madhya Pradesh,Vidisha,2001,204.4,1011.74
chickpea,Madhya Pradesh,Vidisha,2002,202.2,615.73
chickpea,Madhya Pradesh,Vidisha,2003,206.3,895.78
chickpea,Madhya Pradesh,Vidisha,2004,194.28,1065.01
chickpea,Madhya Pradesh,Vidisha,2005,194.56,1057.98
chickpea,Madhya Pradesh,Vidisha,2006,195.87,1151.99
chickpea,Madhya Pradesh,Vidisha,2007,221.2,664.1
chickpea,Madhya Pradesh,Vidisha,2008,223.8,1184.99
chickpea,Madhya Pradesh,Vidisha,2009,202.1,1298.86
chickpea,Madhya Pradesh,Vidisha,2010,183.5,1103.0
chickpea,Madhya Pradesh,Vidisha,2011,184.7,1038.98
chickpea,Madhya Pradesh,Vidisha,2012,176.8,1191.12
chickpea,Madhya Pradesh,Vidisha,2013,197.22,548.37
chickpea,Madhya Pradesh,Vidisha,2014,172.0,988.37
chickpea,Madhya Pradesh,Vidisha,2015,162.0,1234.57
chickpea,Madhya Pradesh,Vidisha,2016,173.0,1173.41
chickpea,Madhya Pradesh,Vidisha,2017,207.04,1700.01
chickpea,Madhya Pradesh,Betul,2000,14.9,375.84
chickpea,Madhya Pradesh,Betul,2001,27.4,540.15
chickpea,Madhya Pradesh,Betul,2002,28.2,464.54
chickpea,Madhya Pradesh,Betul,2003,29.5,637.29
chickpea,Madhya Pradesh,Betul,2004,30.9,609.39
chickpea,Madhya Pradesh,Betul,2005,26.69,684.53
chickpea,Madhya Pradesh,Betul,2006,31.73,681.69
chickpea,Madhya Pradesh,Betul,2007,32.8,597.56
chickpea,Madhya Pradesh,Betul,2008,31.3,680.51
chickpea,Madhya Pradesh,Betul,2009,38.1,643.04
chickpea,Madhya Pradesh,Betul,2010,40.3,354.84
chickpea,Madhya Pradesh,Betul,2011,38.1,1383.2
chickpea,Madhya Pradesh,Betul,2012,38.81,1204.33
chickpea,Madhya Pradesh,Betul,2013,42.48,657.02
chickpea,Madhya Pradesh,Betul,2014,45.0,844.44
chickpea,Madhya Pradesh,Betul,2015,66.0,1045.45
chickpea,Madhya Pradesh,Betul,2016,69.0,1159.42
chickpea,Madhya Pradesh,Betul,2017,41.13,1493.07
chickpea,Madhya Pradesh,Rajgarh,2000,39.0,756.41
chickpea,Madhya Pradesh,Rajgarh,2001,53.2,864.66
chickpea,Madhya Pradesh,Rajgarh,2002,29.5,891.53
chickpea,Madhya Pradesh,Rajgarh,2003,77.9,1142.49
chickpea,Madhya Pradesh,Rajgarh,2004,80.3,1096.39
chickpea,Madhya Pradesh,Rajgarh,2005,55.4,937.36
chickpea,Madhya Pradesh,Rajgarh,2006,78.79,1158.65
chickpea,Madhya Pradesh,Rajgarh,2007,90.0,713.33
chickpea,Madhya Pradesh,Rajgarh,2008,78.6,933.84
chickpea,Madhya Pradesh,Rajgarh,2009,129.8,1184.13
chickpea,Madhya Pradesh,Rajgarh,2010,133.0,751.13
chickpea,Madhya Pradesh,Rajgarh,2011,118.3,1303.47
chickpea,Madhya Pradesh,Rajgarh,2012,108.32,1251.02
chickpea,Madhya Pradesh,Rajgarh,2013,86.8,1118.32
chickpea,Madhya Pradesh,Rajgarh,2014,117.0,1264.96
chickpea,Madhya Pradesh,Rajgarh,2015,115.0,1139.13
chickpea,Madhya Pradesh,Rajgarh,2016,100.0,1310.0
chickpea,Madhya Pradesh,Rajgarh,2017,112.6,1172.02
chickpea,Madhya Pradesh,Shajapur,2000,36.9,723.58
chickpea,Madhya Pradesh,Shajapur,2001,67.7,695.72
chickpea,Madhya Pradesh,Shajapur,2002,54.7,659.96
chickpea,Madhya Pradesh,Shajapur,2003,100.6,764.41
chickpea,Madhya Pradesh,Shajapur,2004,101.07,916.99
chickpea,Madhya Pradesh,Shajapur,2005,80.22,879.96
chickpea,Madhya Pradesh,Shajapur,2006,99.42,1114.06
chickpea,Madhya Pradesh,Shajapur,2007,132.3,566.89
chickpea,Madhya Pradesh,Shajapur,2008,124.4,861.74
chickpea,Madhya Pradesh,Shajapur,2009,152.0,1148.03
chickpea,Madhya Pradesh,Shajapur,2010,168.8,568.72
chickpea,Madhya Pradesh,Shajapur,2011,190.7,643.94
chickpea,Madhya Pradesh,Shajapur,2012,135.79,605.86
chickpea,Madhya Pradesh,Shajapur,2013,107.59,635.47
chickpea,Madhya Pradesh,Shajapur,2014,126.0,1642.86
chickpea,Madhya Pradesh,Shajapur,2015,114.0,1061.4
chickpea,Madhya Pradesh,Shajapur,2016,125.0,1016.0
chickpea,Madhya Pradesh,Shajapur,2017,136.4,1173.97
chickpea,Madhya Pradesh,Hoshangabad,2000,92.0,1101.09
chickpea,Madhya Pradesh,Hoshangabad,2001,98.2,1382.89
chickpea,Madhya Pradesh,Hoshangabad,2002,102.0,1126.47
chickpea,Madhya Pradesh,Hoshangabad,2003,95.1,1229.23
chickpea,Madhya Pradesh,Hoshangabad,2004,76.01,1226.42
chickpea,Madhya Pradesh,Hoshangabad,2005,70.2,1293.02
chickpea,Madhya Pradesh,Hoshangabad,2006,67.41,1278.59
chickpea,Madhya Pradesh,Hoshangabad,2007,58.1,1361.45
chickpea,Madhya Pradesh,Hoshangabad,2008,68.9,1145.14
chickpea,Madhya Pradesh,Hoshangabad,2009,59.4,1245.79
chickpea,Madhya Pradesh,Hoshangabad,2010,46.7,1494.65
chickpea,Madhya Pradesh,Hoshangabad,2011,50.1,1754.49
chickpea,Madhya Pradesh,Hoshangabad,2012,45.34,1475.96
chickpea,Madhya Pradesh,Hoshangabad,2013,59.59,1007.55
chickpea,Madhya Pradesh,Hoshangabad,2014,87.0,827.59
chickpea,Madhya Pradesh,Hoshangabad,2015,94.0,1191.49
chickpea,Madhya Pradesh,Hoshangabad,2016,118.0,1559.32
chickpea,Madhya Pradesh,Hoshangabad,2017,134.1,2162.57
chickpea,Andhra Pradesh,East Godavari,2007,0.63,1285.71
chickpea,Andhra Pradesh,East Godavari,2008,0.73,1739.73
chickpea,Andhra Pradesh,East Godavari,2009,0.5,1640.0
chickpea,Andhra Pradesh,East Godavari,2016,1.5,1504.99
chickpea,Andhra Pradesh,East Godavari,2017,1.81,1430.78
chickpea,Andhra Pradesh,Krishna,2004,0.59,1525.42
chickpea,Andhra Pradesh,Krishna,2007,1.24,1282.26
chickpea,Andhra Pradesh,Krishna,2008,0.93,1741.94
chickpea,Andhra Pradesh,Krishna,2009,0.89,1640.45
chickpea,Andhra Pradesh,Krishna,2010,0.81,1666.67
chickpea,Andhra Pradesh,Krishna,2011,1.28,1515.63
chickpea,Andhra Pradesh,Krishna,2012,1.91,1811.52
chickpea,Andhra Pradesh,Krishna,2013,1.07,1934.58
chickpea,Andhra Pradesh,Krishna,2014,0.77,1935.06
chickpea,Andhra Pradesh,Krishna,2015,1.24,2072.58
chickpea,Andhra Pradesh,Krishna,2016,1.77,1822.13
chickpea,Andhra Pradesh,Krishna,2017,2.29,1895.06
chickpea,Andhra Pradesh,Guntur,2000,16.9,2378.19
chickpea,Andhra Pradesh,Guntur,2001,22.83,1874.05
chickpea,Andhra Pradesh,Guntur,2002,40.82,1321.41
chickpea,Andhra Pradesh,Guntur,2003,53.26,1790.15
chickpea,Andhra Pradesh,Guntur,2004,37.12,1526.99
chickpea,Andhra Pradesh,Guntur,2005,47.92,1893.7
chickpea,Andhra Pradesh,Guntur,2006,59.75,1870.1
chickpea,Andhra Pradesh,Guntur,2007,63.49,1369.14
chickpea,Andhra Pradesh,Guntur,2008,55.69,1829.97
chickpea,Andhra Pradesh,Guntur,2009,52.9,1637.76
chickpea,Andhra Pradesh,Guntur,2010,43.06,1703.62
chickpea,Andhra Pradesh,Guntur,2011,55.24,1589.17
chickpea,Andhra Pradesh,Guntur,2012,74.25,1872.83
chickpea,Andhra Pradesh,Guntur,2013,41.47,2021.66
chickpea,Andhra Pradesh,Guntur,2014,29.29,1972.7
chickpea,Andhra Pradesh,Guntur,2015,58.39,1848.85
chickpea,Andhra Pradesh,Guntur,2016,60.0,1663.05
chickpea,Andhra Pradesh,Guntur,2017,81.56,1532.19
chickpea,Andhra Pradesh,S.P.S. Nellore,2000,13.41,2379.15
chickpea,Andhra Pradesh,S.P.S. Nellore,2001,17.46,1873.64
chickpea,Andhra Pradesh,S.P.S. Nellore,2002,27.46,1340.86
chickpea,Andhra Pradesh,S.P.S. Nellore,2003,32.41,1790.24
chickpea,Andhra Pradesh,S.P.S. Nellore,2004,30.61,1526.95
chickpea,Andhra Pradesh,S.P.S. Nellore,2005,37.45,1941.18
chickpea,Andhra Pradesh,S.P.S. Nellore,2006,50.54,1939.51
chickpea,Andhra Pradesh,S.P.S. Nellore,2007,52.6,1172.17
chickpea,Andhra Pradesh,S.P.S. Nellore,2008,46.11,1627.44
chickpea,Andhra Pradesh,S.P.S. Nellore,2009,45.84,1622.67
chickpea,Andhra Pradesh,S.P.S. Nellore,2010,37.37,1608.95
chickpea,Andhra Pradesh,S.P.S. Nellore,2011,47.92,1443.29
chickpea,Andhra Pradesh,S.P.S. Nellore,2012,54.14,1721.34
chickpea,Andhra Pradesh,S.P.S. Nellore,2013,33.83,1803.85
chickpea,Andhra Pradesh,S.P.S. Nellore,2014,22.98,1892.56
chickpea,Andhra Pradesh,S.P.S. Nellore,2015,42.06,1832.5
chickpea,Andhra Pradesh,S.P.S. Nellore,2016,44.63,1285.87
chickpea,Andhra Pradesh,S.P.S. Nellore,2017,50.97,1294.0
chickpea,Andhra Pradesh,Kurnool,2000,71.24,985.63
chickpea,Andhra Pradesh,Kurnool,2001,114.03,1218.55
chickpea,Andhra Pradesh,Kurnool,2002,154.72,1106.77
chickpea,Andhra Pradesh,Kurnool,2003,152.26,873.36
chickpea,Andhra Pradesh,Kurnool,2004,122.3,1130.6
chickpea,Andhra Pradesh,Kurnool,2005,152.72,1669.64
chickpea,Andhra Pradesh,Kurnool,2006,234.31,1023.05
chickpea,Andhra Pradesh,Kurnool,2007,252.34,1716.5
chickpea,Andhra Pradesh,Kurnool,2008,239.08,1479.78
chickpea,Andhra Pradesh,Kurnool,2009,254.51,1421.27
chickpea,Andhra Pradesh,Kurnool,2010,229.21,1242.82
chickpea,Andhra Pradesh,Kurnool,2011,216.18,811.5
chickpea,Andhra Pradesh,Kurnool,2012,236.16,1124.16
chickpea,Andhra Pradesh,Kurnool,2013,212.47,1409.54
chickpea,Andhra Pradesh,Kurnool,2014,152.0,1352.3
chickpea,Andhra Pradesh,Kurnool,2015,213.96,876.91
chickpea,Andhra Pradesh,Kurnool,2016,184.09,972.99
chickpea,Andhra Pradesh,Kurnool,2017,211.99,1280.22
chickpea,Andhra Pradesh,Ananthapur,2000,33.88,670.01
chickpea,Andhra Pradesh,Ananthapur,2001,47.91,1046.96
chickpea,Andhra Pradesh,Ananthapur,2002,54.0,370.37
chickpea,Andhra Pradesh,Ananthapur,2003,51.46,300.04
chickpea,Andhra Pradesh,Ananthapur,2004,42.11,226.07
chickpea,Andhra Pradesh,Ananthapur,2005,49.11,980.86
chickpea,Andhra Pradesh,Ananthapur,2006,83.53,368.01
chickpea,Andhra Pradesh,Ananthapur,2007,74.85,1045.02
chickpea,Andhra Pradesh,Ananthapur,2008,73.06,935.94
chickpea,Andhra Pradesh,Ananthapur,2009,92.94,1153.97
chickpea,Andhra Pradesh,Ananthapur,2010,94.24,780.98
chickpea,Andhra Pradesh,Ananthapur,2011,68.48,555.05
chickpea,Andhra Pradesh,Ananthapur,2012,89.68,861.95
chickpea,Andhra Pradesh,Ananthapur,2013,85.77,799.93
chickpea,Andhra Pradesh,Ananthapur,2014,68.09,568.07
chickpea,Andhra Pradesh,Ananthapur,2015,75.8,451.06
chickpea,Andhra Pradesh,Ananthapur,2016,22.87,258.98
chickpea,Andhra Pradesh,Ananthapur,2017,74.4,680.0
chickpea,Andhra Pradesh,Kadapa YSR,2000,30.64,1257.83
chickpea,Andhra Pradesh,Kadapa YSR,2001,42.87,1261.02
chickpea,Andhra Pradesh,Kadapa YSR,2002,54.0,518.52
chickpea,Andhra Pradesh,Kadapa YSR,2003,44.58,1104.08
chickpea,Andhra Pradesh,Kadapa YSR,2004,35.57,815.01
chickpea,Andhra Pradesh,Kadapa YSR,2005,33.46,1659.0
chickpea,Andhra Pradesh,Kadapa YSR,2006,71.79,454.94
chickpea,Andhra Pradesh,Kadapa YSR,2007,66.93,1295.98
chickpea,Andhra Pradesh,Kadapa YSR,2008,71.45,944.02
chickpea,Andhra Pradesh,Kadapa YSR,2009,77.34,493.02
chickpea,Andhra Pradesh,Kadapa YSR,2010,69.52,1105.01
chickpea,Andhra Pradesh,Kadapa YSR,2011,90.37,828.93
chickpea,Andhra Pradesh,Kadapa YSR,2012,112.19,168.02
chickpea,Andhra Pradesh,Kadapa YSR,2013,97.05,1355.9
chickpea,Andhra Pradesh,Kadapa YSR,2014,68.17,631.95
chickpea,Andhra Pradesh,Kadapa YSR,2015,79.21,1130.03
chickpea,Andhra Pradesh,Kadapa YSR,2016,82.04,403.0
chickpea,Andhra Pradesh,Kadapa YSR,2017,97.14,710.0
chickpea,Telangana,Hyderabad,2000,4.58,718.34
chickpea,Telangana,Hyderabad,2001,5.2,1105.77
chickpea,Telangana,Hyderabad,2002,6.0,1333.33
chickpea,Telangana,Hyderabad,2003,5.78,1195.5
chickpea,Telangana,Hyderabad,2004,5.38,879.18
chickpea,Telangana,Hyderabad,2005,5.31,1418.08
chickpea,Telangana,Hyderabad,2006,4.88,1059.43
chickpea,Telangana,Hyderabad,2007,8.81,1152.1
chickpea,Telangana,Hyderabad,2008,6.96,1364.94
chickpea,Telangana,Hyderabad,2009,6.64,1539.16
chickpea,Telangana,Hyderabad,2010,6.7,1014.93
chickpea,Telangana,Hyderabad,2011,5.0,1060.0
chickpea,Telangana,Hyderabad,2012,5.35,1201.87
chickpea,Telangana,Hyderabad,2013,5.4,1253.7
chickpea,Telangana,Hyderabad,2014,4.71,1000.0
chickpea,Telangana,Hyderabad,2015,3.75,1133.33
chickpea,Telangana,Hyderabad,2016,5.89,1524.04
chickpea,Telangana,Hyderabad,2017,5.36,1422.27
chickpea,Telangana,Nizamabad,2000,2.24,718.75
chickpea,Telangana,Nizamabad,2001,2.79,1103.94
chickpea,Telangana,Nizamabad,2002,4.0,1500.0
chickpea,Telangana,Nizamabad,2003,8.78,1193.62
chickpea,Telangana,Nizamabad,2004,5.96,879.19
chickpea,Telangana,Nizamabad,2005,7.97,1420.33
chickpea,Telangana,Nizamabad,2006,12.66,1372.83
chickpea,Telangana,Nizamabad,2007,27.81,1755.84
chickpea,Telangana,Nizamabad,2008,28.42,2477.83
chickpea,Telangana,Nizamabad,2009,26.42,1799.77
chickpea,Telangana,Nizamabad,2010,23.88,1653.69
chickpea,Telangana,Nizamabad,2011,17.53,1363.38
chickpea,Telangana,Nizamabad,2012,29.7,1593.94
chickpea,Telangana,Nizamabad,2013,35.73,2045.62
chickpea,Telangana,Nizamabad,2014,7.97,1174.4
chickpea,Telangana,Nizamabad,2015,16.74,519.12
chickpea,Telangana,Nizamabad,2016,31.12,1410.4
chickpea,Telangana,Nizamabad,2017,30.43,1682.76
chickpea,Telangana,Medak,2000,19.0,747.89
chickpea,Telangana,Medak,2001,19.98,1105.11
chickpea,Telangana,Medak,2002,29.0,1206.9
chickpea,Telangana,Medak,2003,39.57,1194.09
chickpea,Telangana,Medak,2004,33.84,878.84
chickpea,Telangana,Medak,2005,33.42,1227.11
chickpea,Telangana,Medak,2006,37.5,1173.07
chickpea,Telangana,Medak,2007,37.66,993.1
chickpea,Telangana,Medak,2008,36.02,1001.11
chickpea,Telangana,Medak,2009,44.63,1210.17
chickpea,Telangana,Medak,2010,35.0,1174.0
chickpea,Telangana,Medak,2011,27.03,1074.73
chickpea,Telangana,Medak,2012,30.02,1467.02
chickpea,Telangana,Medak,2013,19.88,1587.02
chickpea,Telangana,Medak,2014,10.1,1079.21
chickpea,Telangana,Medak,2015,11.84,1072.64
chickpea,Telangana,Medak,2016,14.84,1399.48
chickpea,Telangana,Medak,2017,10.76,1350.32
chickpea,Telangana,Mahabubnagar,2000,4.95,719.19
chickpea,Telangana,Mahabubnagar,2001,7.09,1104.37
chickpea,Telangana,Mahabubnagar,2002,12.0,1083.33
chickpea,Telangana,Mahabubnagar,2003,13.15,1193.92
chickpea,Telangana,Mahabubnagar,2004,12.29,878.76
chickpea,Telangana,Mahabubnagar,2005,12.76,1925.55
chickpea,Telangana,Mahabubnagar,2006,17.44,1658.26
chickpea,Telangana,Mahabubnagar,2007,21.25,1603.29
chickpea,Telangana,Mahabubnagar,2008,20.63,1540.48
chickpea,Telangana,Mahabubnagar,2009,27.36,1542.03
chickpea,Telangana,Mahabubnagar,2010,28.02,1498.57
chickpea,Telangana,Mahabubnagar,2011,26.06,143.13
chickpea,Telangana,Mahabubnagar,2012,25.55,1432.09
chickpea,Telangana,Mahabubnagar,2013,24.48,1841.91
chickpea,Telangana,Mahabubnagar,2014,21.07,1783.1
chickpea,Telangana,Mahabubnagar,2015,22.09,277.95
chickpea,Telangana,Mahabubnagar,2016,21.91,810.01
chickpea,Telangana,Mahabubnagar,2017,20.03,1446.65
chickpea,Telangana,Nalgonda,2003,0.95,1200.0
chickpea,Telangana,Nalgonda,2004,0.53,886.79
chickpea,Telangana,Nalgonda,2006,0.72,1375.0
chickpea,Telangana,Nalgonda,2007,0.71,1380.28
chickpea,Telangana,Nalgonda,2009,1.06,1443.4
chickpea,Telangana,Nalgonda,2010,0.52,1365.38
chickpea,Telangana,Nalgonda,2012,0.61,1459.02
chickpea,Telangana,Warangal,2002,1.0,1000.0
chickpea,Telangana,Warangal,2003,3.49,1194.84
chickpea,Telangana,Warangal,2004,2.75,880.0
chickpea,Telangana,Warangal,2005,1.53,1424.84
chickpea,Telangana,Warangal,2006,1.98,1378.79
chickpea,Telangana,Warangal,2007,1.75,708.57
chickpea,Telangana,Warangal,2008,1.13,796.46
chickpea,Telangana,Warangal,2009,1.52,888.16
chickpea,Telangana,Warangal,2010,1.07,803.74
chickpea,Telangana,Warangal,2011,1.31,1335.88
chickpea,Telangana,Warangal,2012,1.15,1660.87
chickpea,Telangana,Warangal,2013,0.68,838.24
chickpea,Telangana,Warangal,2014,0.94,1340.43
chickpea,Telangana,Warangal,2015,0.59,1152.54
chickpea,Telangana,Warangal,2016,1.2,1350.98
chickpea,Telangana,Warangal,2017,1.97,1477.86
chickpea,Telangana,Karimnagar,2001,0.75,1106.67
chickpea,Telangana,Karimnagar,2002,3.0,1333.33
chickpea,Telangana,Karimnagar,2003,7.0,1192.86
chickpea,Telangana,Karimnagar,2004,4.84,880.17
chickpea,Telangana,Karimnagar,2005,2.97,1420.88
chickpea,Telangana,Karimnagar,2006,3.59,1596.1
chickpea,Telangana,Karimnagar,2007,3.14,1063.69
chickpea,Telangana,Karimnagar,2008,1.65,1400.0
chickpea,Telangana,Karimnagar,2009,4.17,964.03
chickpea,Telangana,Karimnagar,2010,1.62,740.74
chickpea,Telangana,Karimnagar,2011,1.16,879.31
chickpea,Telangana,Karimnagar,2012,2.16,490.74
chickpea,Telangana,Karimnagar,2013,1.36,1352.94
chickpea,Telangana,Karimnagar,2014,1.72,1232.56
chickpea,Telangana,Karimnagar,2015,1.44,1409.72
chickpea,Telangana,Karimnagar,2016,1.5,1340.41
chickpea,Telangana,Karimnagar,2017,1.27,1457.39
chickpea,Telangana,Adilabad,2000,2.69,501.86
chickpea,Telangana,Adilabad,2001,3.28,1103.66
chickpea,Telangana,Adilabad,2002,4.0,1500.0
chickpea,Telangana,Adilabad,2003,8.63,1193.51
chickpea,Telangana,Adilabad,2004,7.1,878.87
chickpea,Telangana,Adilabad,2005,9.2,1419.57
chickpea,Telangana,Adilabad,2006,22.13,1537.73
chickpea,Telangana,Adilabad,2007,16.72,1606.46
chickpea,Telangana,Adilabad,2008,23.66,1486.47
chickpea,Telangana,Adilabad,2009,9.54,1503.14
chickpea,Telangana,Adilabad,2010,11.65,1334.76
chickpea,Telangana,Adilabad,2011,6.23,1101.12
chickpea,Telangana,Adilabad,2012,17.2,1473.26
chickpea,Telangana,Adilabad,2013,25.33,1370.71
chickpea,Telangana,Adilabad,2014,12.61,1195.08
chickpea,Telangana,Adilabad,2015,13.16,1193.77
chickpea,Telangana,Adilabad,2016,24.59,1474.99
chickpea,Telangana,Adilabad,2017,27.34,1472.03
chickpea,Karnataka,Tumkur,2002,1.82,510.99
chickpea,Karnataka,Tumkur,2003,1.4,321.43
chickpea,Karnataka,Tumkur,2004,0.59,949.15
chickpea,Karnataka,Tumkur,2005,0.59,542.37
chickpea,Karnataka,Tumkur,2006,0.93,419.35
chickpea,Karnataka,Tumkur,2007,0.9,566.67
chickpea,Karnataka,Tumkur,2008,1.01,514.85
chickpea,Karnataka,Tumkur,2009,1.05,552.38
chickpea,Karnataka,Tumkur,2010,1.03,660.19
chickpea,Karnataka,Tumkur,2011,0.75,493.33
chickpea,Karnataka,Tumkur,2014,1.89,719.58
chickpea,Karnataka,Tumkur,2015,1.54,136.36
chickpea,Karnataka,Mysore,2000,2.3,869.57
chickpea,Karnataka,Mysore,2001,2.93,587.03
chickpea,Karnataka,Mysore,2002,3.0,483.33
chickpea,Karnataka,Mysore,2003,3.39,336.28
chickpea,Karnataka,Mysore,2004,3.12,772.44
chickpea,Karnataka,Mysore,2005,3.65,580.82
chickpea,Karnataka,Mysore,2006,5.23,420.65
chickpea,Karnataka,Mysore,2007,4.65,655.91
chickpea,Karnataka,Mysore,2008,4.7,578.72
chickpea,Karnataka,Mysore,2009,5.27,639.47
chickpea,Karnataka,Mysore,2010,3.88,646.91
chickpea,Karnataka,Mysore,2011,4.02,611.94
chickpea,Karnataka,Mysore,2012,10.15,287.68
chickpea,Karnataka,Mysore,2013,4.22,552.13
chickpea,Karnataka,Mysore,2014,5.02,639.44
chickpea,Karnataka,Mysore,2015,4.25,632.94
chickpea,Karnataka,Mysore,2016,0.85,227.97
chickpea,Karnataka,Mysore,2017,3.1,764.42
chickpea,Karnataka,Hassan,2000,1.0,1000.0
chickpea,Karnataka,Hassan,2001,1.59,584.91
chickpea,Karnataka,Hassan,2002,1.9,510.53
chickpea,Karnataka,Hassan,2003,2.56,335.94
chickpea,Karnataka,Hassan,2004,2.86,384.62
chickpea,Karnataka,Hassan,2005,1.7,447.06
chickpea,Karnataka,Hassan,2006,3.02,533.11
chickpea,Karnataka,Hassan,2007,1.73,560.69
chickpea,Karnataka,Hassan,2008,1.92,817.71
chickpea,Karnataka,Hassan,2009,2.12,471.7
chickpea,Karnataka,Hassan,2010,2.33,678.11
chickpea,Karnataka,Hassan,2011,2.28,662.28
chickpea,Karnataka,Hassan,2012,1.29,503.88
chickpea,Karnataka,Hassan,2013,1.88,585.11
chickpea,Karnataka,Hassan,2014,1.85,1027.03
chickpea,Karnataka,Hassan,2015,3.59,632.31
chickpea,Karnataka,Hassan,2016,1.29,96.67
chickpea,Karnataka,Hassan,2017,1.18,758.71
chickpea,Karnataka,Chickmagalur,2000,2.7,370.37
chickpea,Karnataka,Chickmagalur,2001,2.59,328.19
chickpea,Karnataka,Chickmagalur,2002,2.04,436.27
chickpea,Karnataka,Chickmagalur,2003,2.07,362.32
chickpea,Karnataka,Chickmagalur,2004,3.04,434.21
chickpea,Karnataka,Chickmagalur,2005,4.0,310.0
chickpea,Karnataka,Chickmagalur,2006,5.67,164.02
chickpea,Karnataka,Chickmagalur,2007,6.7,410.45
chickpea,Karnataka,Chickmagalur,2008,7.66,472.58
chickpea,Karnataka,Chickmagalur,2009,7.84,505.1
chickpea,Karnataka,Chickmagalur,2010,7.78,744.22
chickpea,Karnataka,Chickmagalur,2011,6.94,597.98
chickpea,Karnataka,Chickmagalur,2012,8.31,624.55
chickpea,Karnataka,Chickmagalur,2013,8.28,780.19
chickpea,Karnataka,Chickmagalur,2014,9.3,918.28
chickpea,Karnataka,Chickmagalur,2015,13.25,1206.79
chickpea,Karnataka,Chickmagalur,2016,3.97,252.77
chickpea,Karnataka,Chickmagalur,2017,11.27,723.88
chickpea,Karnataka,Chitradurga,2000,5.3,566.04
chickpea,Karnataka,Chitradurga,2001,10.09,425.17
chickpea,Karnataka,Chitradurga,2002,8.48,389.15
chickpea,Karnataka,Chitradurga,2003,6.15,429.27
chickpea,Karnataka,Chitradurga,2004,8.41,278.24
chickpea,Karnataka,Chitradurga,2005,11.27,349.6
chickpea,Karnataka,Chitradurga,2006,19.15,189.03
chickpea,Karnataka,Chitradurga,2007,16.05,382.55
chickpea,Karnataka,Chitradurga,2008,13.14,359.21
chickpea,Karnataka,Chitradurga,2009,23.93,411.2
chickpea,Karnataka,Chitradurga,2010,22.9,623.58
chickpea,Karnataka,Chitradurga,2011,31.24,329.39
chickpea,Karnataka,Chitradurga,2012,24.53,470.85
chickpea,Karnataka,Chitradurga,2013,24.84,484.7
chickpea,Karnataka,Chitradurga,2014,34.8,669.25
chickpea,Karnataka,Chitradurga,2015,41.61,629.42
chickpea,Karnataka,Chitradurga,2016,6.02,113.21
chickpea,Karnataka,Chitradurga,2017,38.17,710.75
chickpea,Karnataka,Bellary,2000,9.0,1000.0
chickpea,Karnataka,Bellary,2001,22.32,783.15
chickpea,Karnataka,Bellary,2002,20.81,614.13
chickpea,Karnataka,Bellary,2003,19.01,479.22
chickpea,Karnataka,Bellary,2004,10.51,423.41
chickpea,Karnataka,Bellary,2005,15.56,719.79
chickpea,Karnataka,Bellary,2006,37.54,474.16
chickpea,Karnataka,Bellary,2007,33.88,555.79
chickpea,Karnataka,Bellary,2008,38.58,662.52
chickpea,Karnataka,Bellary,2009,45.71,555.68
chickpea,Karnataka,Bellary,2010,69.43,591.82
chickpea,Karnataka,Bellary,2011,60.23,515.86
chickpea,Karnataka,Bellary,2012,60.89,749.88
chickpea,Karnataka,Bellary,2013,53.82,858.79
chickpea,Karnataka,Bellary,2014,67.27,510.48
chickpea,Karnataka,Bellary,2015,75.36,645.97
chickpea,Karnataka,Bellary,2016,9.47,278.37
chickpea,Karnataka,Bellary,2017,26.86,989.91
chickpea,Karnataka,Dharwad,2000,67.7,546.53
chickpea,Karnataka,Dharwad,2001,75.93,203.21
chickpea,Karnataka,Dharwad,2002,91.56,220.84
chickpea,Karnataka,Dharwad,2003,99.89,70.08
chickpea,Karnataka,Dharwad,2004,79.98,533.26
chickpea,Karnataka,Dharwad,2005,66.96,567.35
chickpea,Karnataka,Dharwad,2006,95.1,453.31
chickpea,Karnataka,Dharwad,2007,92.29,518.26
chickpea,Karnataka,Dharwad,2008,95.27,577.1
chickpea,Karnataka,Dharwad,2009,132.85,425.67
chickpea,Karnataka,Dharwad,2010,128.57,595.71
chickpea,Karnataka,Dharwad,2011,129.39,348.87
chickpea,Karnataka,Dharwad,2012,171.45,362.67
chickpea,Karnataka,Dharwad,2013,139.32,635.87
chickpea,Karnataka,Dharwad,2014,136.57,704.25
chickpea,Karnataka,Dharwad,2015,203.61,256.03
chickpea,Karnataka,Dharwad,2016,186.75,139.3
chickpea,Karnataka,Dharwad,2017,237.58,493.85
chickpea,Karnataka,Belgaum,2000,34.1,527.86
chickpea,Karnataka,Belgaum,2001,31.99,348.55
chickpea,Karnataka,Belgaum,2002,36.19,363.64
chickpea,Karnataka,Belgaum,2003,51.99,177.15
chickpea,Karnataka,Belgaum,2004,41.42,491.31
chickpea,Karnataka,Belgaum,2005,49.0,502.86
chickpea,Karnataka,Belgaum,2006,57.0,405.26
chickpea,Karnataka,Belgaum,2007,47.77,527.11
chickpea,Karnataka,Belgaum,2008,52.34,494.65
chickpea,Karnataka,Belgaum,2009,85.06,456.5
chickpea,Karnataka,Belgaum,2010,68.25,651.72
chickpea,Karnataka,Belgaum,2011,52.17,507.38
chickpea,Karnataka,Belgaum,2012,41.76,512.21
chickpea,Karnataka,Belgaum,2013,64.07,495.86
chickpea,Karnataka,Belgaum,2014,78.64,622.2
chickpea,Karnataka,Belgaum,2015,104.26,298.29
chickpea,Karnataka,Belgaum,2016,102.64,503.5
chickpea,Karnataka,Belgaum,2017,112.24,745.75
chickpea,Karnataka,Bijapur / Vijayapura,2000,52.5,590.48
chickpea,Karnataka,Bijapur / Vijayapura,2001,80.89,665.84
chickpea,Karnataka,Bijapur / Vijayapura,2002,89.57,595.07
chickpea,Karnataka,Bijapur / Vijayapura,2003,90.7,204.19
chickpea,Karnataka,Bijapur / Vijayapura,2004,70.62,506.09
chickpea,Karnataka,Bijapur / Vijayapura,2005,72.17,454.9
chickpea,Karnataka,Bijapur / Vijayapura,2006,157.98,400.05
chickpea,Karnataka,Bijapur / Vijayapura,2007,150.78,678.27
chickpea,Karnataka,Bijapur / Vijayapura,2008,190.14,553.54
chickpea,Karnataka,Bijapur / Vijayapura,2009,256.24,646.62
chickpea,Karnataka,Bijapur / Vijayapura,2010,234.22,657.29
chickpea,Karnataka,Bijapur / Vijayapura,2011,194.88,379.62
chickpea,Karnataka,Bijapur / Vijayapura,2012,255.62,511.78
chickpea,Karnataka,Bijapur / Vijayapura,2013,228.66,665.44
chickpea,Karnataka,Bijapur / Vijayapura,2014,262.89,512.23
chickpea,Karnataka,Bijapur / Vijayapura,2015,455.09,307.59
chickpea,Karnataka,Bijapur / Vijayapura,2016,263.77,469.7
chickpea,Karnataka,Bijapur / Vijayapura,2017,354.62,725.92
chickpea,Karnataka,Bidar,2000,40.9,611.25
chickpea,Karnataka,Bidar,2001,41.76,657.57
chickpea,Karnataka,Bidar,2002,40.84,631.24
chickpea,Karnataka,Bidar,2003,40.56,562.87
chickpea,Karnataka,Bidar,2004,40.5,517.04
chickpea,Karnataka,Bidar,2005,40.09,512.35
chickpea,Karnataka,Bidar,2006,39.96,686.44
chickpea,Karnataka,Bidar,2007,35.05,488.45
chickpea,Karnataka,Bidar,2008,38.45,566.97
chickpea,Karnataka,Bidar,2009,39.84,601.41
chickpea,Karnataka,Bidar,2010,43.07,650.8
chickpea,Karnataka,Bidar,2011,37.86,493.92
chickpea,Karnataka,Bidar,2012,47.0,797.02
chickpea,Karnataka,Bidar,2013,50.94,779.94
chickpea,Karnataka,Bidar,2014,25.97,544.47
chickpea,Karnataka,Bidar,2015,47.06,245.01
chickpea,Karnataka,Bidar,2016,71.79,828.4
chickpea,Karnataka,Bidar,2017,65.42,877.8
chickpea,Karnataka,Raichur,2000,34.9,515.76
chickpea,Karnataka,Raichur,2001,53.39,497.66
chickpea,Karnataka,Raichur,2002,48.79,319.94
chickpea,Karnataka,Raichur,2003,55.29,288.84
chickpea,Karnataka,Raichur,2004,32.6,384.66
chickpea,Karnataka,Raichur,2005,40.27,470.33
chickpea,Karnataka,Raichur,2006,81.61,409.75
chickpea,Karnataka,Raichur,2007,76.41,591.28
chickpea,Karnataka,Raichur,2008,100.92,362.07
chickpea,Karnataka,Raichur,2009,138.71,414.25
chickpea,Karnataka,Raichur,2010,141.4,514.92
chickpea,Karnataka,Raichur,2011,102.93,364.62
chickpea,Karnataka,Raichur,2012,172.83,721.58
chickpea,Karnataka,Raichur,2013,183.98,868.03
chickpea,Karnataka,Raichur,2014,112.13,792.12
chickpea,Karnataka,Raichur,2015,245.51,517.37
chickpea,Karnataka,Raichur,2016,155.72,618.25
chickpea,Karnataka,Raichur,2017,187.46,791.3
chickpea,Karnataka,Gulbarga / Kalaburagi,2000,118.4,793.92
chickpea,Karnataka,Gulbarga / Kalaburagi,2001,155.66,780.87
chickpea,Karnataka,Gulbarga / Kalaburagi,2002,134.52,768.29
chickpea,Karnataka,Gulbarga / Kalaburagi,2003,136.03,606.12
chickpea,Karnataka,Gulbarga / Kalaburagi,2004,124.03,695.88
chickpea,Karnataka,Gulbarga / Kalaburagi,2005,112.8,738.3
chickpea,Karnataka,Gulbarga / Kalaburagi,2006,147.5,553.02
chickpea,Karnataka,Gulbarga / Kalaburagi,2007,138.39,681.55
chickpea,Karnataka,Gulbarga / Kalaburagi,2008,181.77,625.08
chickpea,Karnataka,Gulbarga / Kalaburagi,2009,233.13,729.12
chickpea,Karnataka,Gulbarga / Kalaburagi,2010,235.86,707.45
chickpea,Karnataka,Gulbarga / Kalaburagi,2011,179.37,686.07
chickpea,Karnataka,Gulbarga / Kalaburagi,2012,174.7,792.62
chickpea,Karnataka,Gulbarga / Kalaburagi,2013,184.75,890.07
chickpea,Karnataka,Gulbarga / Kalaburagi,2014,202.05,829.05
chickpea,Karnataka,Gulbarga / Kalaburagi,2015,224.88,420.36
chickpea,Karnataka,Gulbarga / Kalaburagi,2016,200.27,1150.31
chickpea,Karnataka,Gulbarga / Kalaburagi,2017,226.66,1085.41
chickpea,Tamil Nadu,Salem,2000,1.42,401.41
chickpea,Tamil Nadu,Salem,2001,1.35,370.37
chickpea,Tamil Nadu,Salem,2002,0.74,283.78
chickpea,Tamil Nadu,Salem,2003,0.69,202.9
chickpea,Tamil Nadu,Salem,2004,0.95,210.53
chickpea,Tamil Nadu,Salem,2006,0.55,181.82
chickpea,Tamil Nadu,Salem,2009,0.61,459.02
chickpea,Tamil Nadu,Salem,2010,0.61,459.02
chickpea,Tamil Nadu,Salem,2011,2.95,644.07
chickpea,Tamil Nadu,Salem,2012,2.15,465.12
chickpea,Tamil Nadu,Salem,2013,4.63,615.55
chickpea,Tamil Nadu,Salem,2014,2.42,533.06
chickpea,Tamil Nadu,Salem,2015,0.96,541.67
chickpea,Tamil Nadu,Salem,2016,0.68,548.53
chickpea,Tamil Nadu,Salem,2017,1.1,925.59
chickpea,Tamil Nadu,Coimbatore,2000,3.72,741.94
chickpea,Tamil Nadu,Coimbatore,2001,4.81,740.12
chickpea,Tamil Nadu,Coimbatore,2002,4.11,742.09
chickpea,Tamil Nadu,Coimbatore,2003,4.63,740.82
chickpea,Tamil Nadu,Coimbatore,2004,4.15,739.76
chickpea,Tamil Nadu,Coimbatore,2005,4.5,742.22
chickpea,Tamil Nadu,Coimbatore,2006,4.19,742.24
chickpea,Tamil Nadu,Coimbatore,2007,5.25,740.95
chickpea,Tamil Nadu,Coimbatore,2008,3.49,686.25
chickpea,Tamil Nadu,Coimbatore,2009,3.85,669.7
chickpea,Tamil Nadu,Coimbatore,2010,3.5,743.22
chickpea,Tamil Nadu,Coimbatore,2011,3.21,641.74
chickpea,Tamil Nadu,Coimbatore,2012,2.87,743.46
chickpea,Tamil Nadu,Coimbatore,2013,2.54,696.85
chickpea,Tamil Nadu,Coimbatore,2014,2.12,693.4
chickpea,Tamil Nadu,Coimbatore,2015,2.09,708.13
chickpea,Tamil Nadu,Coimbatore,2016,2.6,681.68
chickpea,Tamil Nadu,Coimbatore,2017,2.54,925.86
chickpea,Tamil Nadu,Tiruchirapalli / Trichy,2008,1.35,681.12
chickpea,Tamil Nadu,Tiruchirapalli / Trichy,2009,1.32,614.35
chickpea,Tamil Nadu,Tiruchirapalli / Trichy,2010,1.33,767.83
chickpea,Tamil Nadu,Tiruchirapalli / Trichy,2011,1.15,643.06
chickpea,Tamil Nadu,Tiruchirapalli / Trichy,2012,1.14,730.64
chickpea,Tamil Nadu,Tiruchirapalli / Trichy,2013,1.0,693.91
chickpea,Tamil Nadu,Tiruchirapalli / Trichy,2014,0.91,690.41
chickpea,Tamil Nadu,Tiruchirapalli / Trichy,2015,0.76,709.93
chickpea,Tamil Nadu,Tiruchirapalli / Trichy,2016,0.84,693.02
chickpea,Tamil Nadu,Tiruchirapalli / Trichy,2017,0.8,927.0
chickpea,Tamil Nadu,Thanjavur,2008,0.62,686.29
chickpea,Tamil Nadu,Thanjavur,2009,0.59,611.86
chickpea,Tamil Nadu,Thanjavur,2010,0.61,754.08
chickpea,Tamil Nadu,Thanjavur,2011,0.53,642.42
chickpea,Tamil Nadu,Thanjavur,2012,0.5,766.77
chickpea,Tamil Nadu,Madurai,2002,0.55,527.27
chickpea,Tamil Nadu,Madurai,2004,1.01,524.75
chickpea,Tamil Nadu,Madurai,2005,0.9,511.11
chickpea,Tamil Nadu,Madurai,2006,0.84,523.81
chickpea,Tamil Nadu,Madurai,2007,0.87,528.74
chickpea,Tamil Nadu,Madurai,2008,0.63,507.94
chickpea,Tamil Nadu,Madurai,2009,0.65,523.08
chickpea,Tamil Nadu,Madurai,2010,0.66,500.0
chickpea,Tamil Nadu,Madurai,2011,0.67,656.72
chickpea,Tamil Nadu,Madurai,2014,0.58,551.72
chickpea,Tamil Nadu,Madurai,2015,0.59,542.37
chickpea,Tamil Nadu,Madurai,2016,0.59,577.97
chickpea,Maharashtra,Thane,2000,3.8,526.32
chickpea,Maharashtra,Thane,2001,3.8,500.0
chickpea,Maharashtra,Thane,2002,3.5,657.14
chickpea,Maharashtra,Thane,2003,3.7,675.68
chickpea,Maharashtra,Thane,2004,3.8,657.89
chickpea,Maharashtra,Thane,2005,4.1,658.54
chickpea,Maharashtra,Thane,2006,4.1,731.71
chickpea,Maharashtra,Thane,2007,4.1,804.88
chickpea,Maharashtra,Thane,2008,4.3,697.67
chickpea,Maharashtra,Thane,2009,4.4,663.64
chickpea,Maharashtra,Thane,2010,4.3,865.12
chickpea,Maharashtra,Thane,2011,4.2,869.05
chickpea,Maharashtra,Thane,2012,2.5,680.0
chickpea,Maharashtra,Thane,2013,3.3,1181.82
chickpea,Maharashtra,Thane,2014,4.6,826.09
chickpea,Maharashtra,Thane,2015,3.1,677.42
chickpea,Maharashtra,Thane,2016,3.3,939.39
chickpea,Maharashtra,Thane,2017,3.3,878.79
chickpea,Maharashtra,Raigad,2000,2.0,550.0
chickpea,Maharashtra,Raigad,2001,2.0,500.0
chickpea,Maharashtra,Raigad,2002,1.4,642.86
chickpea,Maharashtra,Raigad,2003,1.3,692.31
chickpea,Maharashtra,Raigad,2004,1.2,666.67
chickpea,Maharashtra,Raigad,2005,1.8,666.67
chickpea,Maharashtra,Raigad,2006,1.7,764.71
chickpea,Maharashtra,Raigad,2007,1.9,789.47
chickpea,Maharashtra,Raigad,2008,2.0,700.0
chickpea,Maharashtra,Raigad,2009,2.0,665.0
chickpea,Maharashtra,Raigad,2010,1.8,866.67
chickpea,Maharashtra,Raigad,2011,1.8,872.22
chickpea,Maharashtra,Raigad,2015,0.9,666.67
chickpea,Maharashtra,Raigad,2016,0.9,888.89
chickpea,Maharashtra,Nasik,2000,24.2,450.41
chickpea,Maharashtra,Nasik,2001,28.2,496.45
chickpea,Maharashtra,Nasik,2002,31.2,554.49
chickpea,Maharashtra,Nasik,2003,30.6,535.95
chickpea,Maharashtra,Nasik,2004,39.1,626.6
chickpea,Maharashtra,Nasik,2005,42.2,699.05
chickpea,Maharashtra,Nasik,2006,48.2,665.98
chickpea,Maharashtra,Nasik,2007,41.4,748.79
chickpea,Maharashtra,Nasik,2008,34.5,585.51
chickpea,Maharashtra,Nasik,2009,39.3,700.51
chickpea,Maharashtra,Nasik,2010,40.6,767.24
chickpea,Maharashtra,Nasik,2011,37.9,711.87
chickpea,Maharashtra,Nasik,2012,25.6,687.11
chickpea,Maharashtra,Nasik,2013,40.0,655.5
chickpea,Maharashtra,Nasik,2014,40.9,696.82
chickpea,Maharashtra,Nasik,2015,39.9,667.42
chickpea,Maharashtra,Nasik,2016,59.6,713.09
chickpea,Maharashtra,Nasik,2017,72.5,851.03
chickpea,Maharashtra,Dhule,2000,13.6,433.82
chickpea,Maharashtra,Dhule,2001,18.2,500.0
chickpea,Maharashtra,Dhule,2002,22.8,653.51
chickpea,Maharashtra,Dhule,2003,26.7,715.36
chickpea,Maharashtra,Dhule,2004,29.1,701.03
chickpea,Maharashtra,Dhule,2005,32.9,644.38
chickpea,Maharashtra,Dhule,2006,41.6,687.5
chickpea,Maharashtra,Dhule,2007,42.6,1093.9
chickpea,Maharashtra,Dhule,2008,31.2,842.95
chickpea,Maharashtra,Dhule,2009,44.9,1004.45
chickpea,Maharashtra,Dhule,2010,49.7,1011.07
chickpea,Maharashtra,Dhule,2011,40.6,962.81
chickpea,Maharashtra,Dhule,2012,56.3,852.58
chickpea,Maharashtra,Dhule,2013,66.6,1112.01
chickpea,Maharashtra,Dhule,2014,41.2,757.28
chickpea,Maharashtra,Dhule,2015,46.4,834.91
chickpea,Maharashtra,Dhule,2016,54.3,2163.9
chickpea,Maharashtra,Dhule,2017,96.2,1889.81
chickpea,Maharashtra,Jalgaon,2000,25.2,674.6
chickpea,Maharashtra,Jalgaon,2001,27.1,900.37
chickpea,Maharashtra,Jalgaon,2002,35.2,1019.89
chickpea,Maharashtra,Jalgaon,2003,45.0,853.33
chickpea,Maharashtra,Jalgaon,2004,51.9,957.61
chickpea,Maharashtra,Jalgaon,2005,47.7,865.83
chickpea,Maharashtra,Jalgaon,2006,59.0,962.71
chickpea,Maharashtra,Jalgaon,2007,38.0,1115.79
chickpea,Maharashtra,Jalgaon,2008,27.7,989.17
chickpea,Maharashtra,Jalgaon,2009,57.3,1144.68
chickpea,Maharashtra,Jalgaon,2010,70.6,1164.16
chickpea,Maharashtra,Jalgaon,2011,36.2,1302.21
chickpea,Maharashtra,Jalgaon,2012,34.4,725.0
chickpea,Maharashtra,Jalgaon,2013,34.4,1156.98
chickpea,Maharashtra,Jalgaon,2014,51.6,1054.26
chickpea,Maharashtra,Jalgaon,2015,49.1,947.05
chickpea,Maharashtra,Jalgaon,2016,64.3,1387.25
chickpea,Maharashtra,Jalgaon,2017,72.3,1275.24
chickpea,Maharashtra,Ahmednagar,2000,61.0,496.72
chickpea,Maharashtra,Ahmednagar,2001,60.0,551.67
chickpea,Maharashtra,Ahmednagar,2002,64.5,410.85
chickpea,Maharashtra,Ahmednagar,2003,50.9,402.75
chickpea,Maharashtra,Ahmednagar,2004,61.7,662.88
chickpea,Maharashtra,Ahmednagar,2005,68.6,686.59
chickpea,Maharashtra,Ahmednagar,2006,95.8,685.8
chickpea,Maharashtra,Ahmednagar,2007,87.3,690.72
chickpea,Maharashtra,Ahmednagar,2008,90.5,725.97
chickpea,Maharashtra,Ahmednagar,2009,102.3,739.49
chickpea,Maharashtra,Ahmednagar,2010,115.2,815.71
chickpea,Maharashtra,Ahmednagar,2011,45.3,612.14
chickpea,Maharashtra,Ahmednagar,2012,59.4,364.48
chickpea,Maharashtra,Ahmednagar,2013,120.7,772.99
chickpea,Maharashtra,Ahmednagar,2014,115.2,739.58
chickpea,Maharashtra,Ahmednagar,2015,135.1,401.92
chickpea,Maharashtra,Ahmednagar,2016,160.1,815.74
chickpea,Maharashtra,Ahmednagar,2017,208.01,798.06
chickpea,Maharashtra,Pune,2000,53.6,600.75
chickpea,Maharashtra,Pune,2001,56.2,624.56
chickpea,Maharashtra,Pune,2002,54.6,507.33
chickpea,Maharashtra,Pune,2003,32.2,509.32
chickpea,Maharashtra,Pune,2004,39.2,650.51
chickpea,Maharashtra,Pune,2005,49.5,676.77
chickpea,Maharashtra,Pune,2006,56.1,698.75
chickpea,Maharashtra,Pune,2007,54.9,684.88
chickpea,Maharashtra,Pune,2008,47.4,753.16
chickpea,Maharashtra,Pune,2009,54.1,786.51
chickpea,Maharashtra,Pune,2010,58.1,949.4
chickpea,Maharashtra,Pune,2011,35.4,931.92
chickpea,Maharashtra,Pune,2012,37.8,713.23
chickpea,Maharashtra,Pune,2013,50.6,814.23
chickpea,Maharashtra,Pune,2014,59.9,864.77
chickpea,Maharashtra,Pune,2015,63.7,855.57
chickpea,Maharashtra,Pune,2016,80.5,1074.53
chickpea,Maharashtra,Pune,2017,90.3,1137.28
chickpea,Maharashtra,Satara,2000,23.0,508.7
chickpea,Maharashtra,Satara,2001,25.4,614.17
chickpea,Maharashtra,Satara,2002,22.0,300.0
chickpea,Maharashtra,Satara,2003,13.1,572.52
chickpea,Maharashtra,Satara,2004,24.2,834.71
chickpea,Maharashtra,Satara,2005,26.6,687.97
chickpea,Maharashtra,Satara,2006,31.0,622.58
chickpea,Maharashtra,Satara,2007,30.2,668.87
chickpea,Maharashtra,Satara,2008,28.0,728.57
chickpea,Maharashtra,Satara,2009,28.0,602.5
chickpea,Maharashtra,Satara,2010,29.9,813.04
chickpea,Maharashtra,Satara,2011,27.3,663.74
chickpea,Maharashtra,Satara,2012,25.4,555.51
chickpea,Maharashtra,Satara,2013,25.7,797.67
chickpea,Maharashtra,Satara,2014,34.1,759.53
chickpea,Maharashtra,Satara,2015,27.9,777.78
chickpea,Maharashtra,Satara,2016,32.0,800.0
chickpea,Maharashtra,Satara,2017,31.0,932.26
chickpea,Maharashtra,Sangli,2000,27.8,769.78
chickpea,Maharashtra,Sangli,2001,30.8,740.26
chickpea,Maharashtra,Sangli,2002,26.5,554.72
chickpea,Maharashtra,Sangli,2003,19.0,600.0
chickpea,Maharashtra,Sangli,2004,29.6,628.38
chickpea,Maharashtra,Sangli,2005,29.0,689.66
chickpea,Maharashtra,Sangli,2006,29.6,645.27
chickpea,Maharashtra,Sangli,2007,29.9,923.08
chickpea,Maharashtra,Sangli,2008,28.1,644.13
chickpea,Maharashtra,Sangli,2009,34.0,830.0
chickpea,Maharashtra,Sangli,2010,37.2,925.81
chickpea,Maharashtra,Sangli,2011,22.7,766.52
chickpea,Maharashtra,Sangli,2012,23.9,601.26
chickpea,Maharashtra,Sangli,2013,27.4,744.53
chickpea,Maharashtra,Sangli,2014,27.1,977.86
chickpea,Maharashtra,Sangli,2015,22.3,627.8
chickpea,Maharashtra,Sangli,2016,28.3,833.92
chickpea,Maharashtra,Sangli,2017,29.4,914.97
chickpea,Maharashtra,Solapur,2000,30.7,563.52
chickpea,Maharashtra,Solapur,2001,31.6,553.8
chickpea,Maharashtra,Solapur,2002,31.9,432.6
chickpea,Maharashtra,Solapur,2003,28.0,182.14
chickpea,Maharashtra,Solapur,2004,38.4,489.58
chickpea,Maharashtra,Solapur,2005,43.9,760.82
chickpea,Maharashtra,Solapur,2006,47.1,609.34
chickpea,Maharashtra,Solapur,2007,40.3,769.23
chickpea,Maharashtra,Solapur,2008,38.5,732.47
chickpea,Maharashtra,Solapur,2009,47.7,780.71
chickpea,Maharashtra,Solapur,2010,56.4,664.01
chickpea,Maharashtra,Solapur,2011,24.8,660.89
chickpea,Maharashtra,Solapur,2012,26.1,418.39
chickpea,Maharashtra,Solapur,2013,35.4,556.5
chickpea,Maharashtra,Solapur,2014,39.5,749.37
chickpea,Maharashtra,Solapur,2015,45.8,294.76
chickpea,Maharashtra,Solapur,2016,56.5,674.34
chickpea,Maharashtra,Solapur,2017,68.25,675.47
chickpea,Maharashtra,Kolhapur,2000,12.8,679.69
chickpea,Maharashtra,Kolhapur,2001,13.9,625.9
chickpea,Maharashtra,Kolhapur,2002,12.1,776.86
chickpea,Maharashtra,Kolhapur,2003,11.7,786.32
chickpea,Maharashtra,Kolhapur,2004,10.7,878.5
chickpea,Maharashtra,Kolhapur,2005,9.2,771.74
chickpea,Maharashtra,Kolhapur,2006,8.9,752.81
chickpea,Maharashtra,Kolhapur,2007,9.9,939.39
chickpea,Maharashtra,Kolhapur,2008,10.1,742.57
chickpea,Maharashtra,Kolhapur,2009,9.0,875.56
chickpea,Maharashtra,Kolhapur,2010,8.5,836.47
chickpea,Maharashtra,Kolhapur,2011,9.0,1263.33
chickpea,Maharashtra,Kolhapur,2012,9.8,1104.08
chickpea,Maharashtra,Kolhapur,2013,11.4,1192.98
chickpea,Maharashtra,Kolhapur,2014,6.3,904.76
chickpea,Maharashtra,Kolhapur,2015,4.8,833.33
chickpea,Maharashtra,Kolhapur,2016,8.9,842.7
chickpea,Maharashtra,Kolhapur,2017,5.4,851.85
chickpea,Maharashtra,Aurangabad,2000,35.1,472.93
chickpea,Maharashtra,Aurangabad,2001,57.1,539.4
chickpea,Maharashtra,Aurangabad,2002,56.5,628.32
chickpea,Maharashtra,Aurangabad,2003,49.8,435.74
chickpea,Maharashtra,Aurangabad,2004,52.5,594.29
chickpea,Maharashtra,Aurangabad,2005,57.2,709.79
chickpea,Maharashtra,Aurangabad,2006,70.8,854.52
chickpea,Maharashtra,Aurangabad,2007,64.0,887.5
chickpea,Maharashtra,Aurangabad,2008,67.9,767.3
chickpea,Maharashtra,Aurangabad,2009,79.6,863.07
chickpea,Maharashtra,Aurangabad,2010,86.0,872.44
chickpea,Maharashtra,Aurangabad,2011,62.4,705.61
chickpea,Maharashtra,Aurangabad,2012,50.8,226.38
chickpea,Maharashtra,Aurangabad,2013,69.8,805.16
chickpea,Maharashtra,Aurangabad,2014,68.9,335.27
chickpea,Maharashtra,Aurangabad,2015,76.6,334.2
chickpea,Maharashtra,Aurangabad,2016,122.7,1147.51
chickpea,Maharashtra,Aurangabad,2017,145.6,692.31
chickpea,Maharashtra,Parbhani,2000,52.8,490.53
chickpea,Maharashtra,Parbhani,2001,60.8,549.34
chickpea,Maharashtra,Parbhani,2002,69.3,623.38
chickpea,Maharashtra,Parbhani,2003,73.3,523.87
chickpea,Maharashtra,Parbhani,2004,67.9,390.28
chickpea,Maharashtra,Parbhani,2005,83.7,617.68
chickpea,Maharashtra,Parbhani,2006,100.1,734.27
chickpea,Maharashtra,Parbhani,2007,85.1,767.33
chickpea,Maharashtra,Parbhani,2008,69.9,592.27
chickpea,Maharashtra,Parbhani,2009,80.7,671.5
chickpea,Maharashtra,Parbhani,2010,103.4,655.22
chickpea,Maharashtra,Parbhani,2011,88.6,794.47
chickpea,Maharashtra,Parbhani,2012,106.2,655.93
chickpea,Maharashtra,Parbhani,2013,166.3,921.23
chickpea,Maharashtra,Parbhani,2014,122.9,2024.41
chickpea,Maharashtra,Parbhani,2015,110.1,318.8
chickpea,Maharashtra,Parbhani,2016,141.53,978.77
chickpea,Maharashtra,Parbhani,2017,183.07,825.88
chickpea,Maharashtra,Beed,2000,26.9,505.58
chickpea,Maharashtra,Beed,2001,25.2,428.57
chickpea,Maharashtra,Beed,2002,21.1,492.89
chickpea,Maharashtra,Beed,2003,24.3,345.68
chickpea,Maharashtra,Beed,2004,28.3,530.04
chickpea,Maharashtra,Beed,2005,35.2,534.09
chickpea,Maharashtra,Beed,2006,39.9,654.14
chickpea,Maharashtra,Beed,2007,46.0,726.09
chickpea,Maharashtra,Beed,2008,45.1,636.36
chickpea,Maharashtra,Beed,2009,67.3,604.46
chickpea,Maharashtra,Beed,2010,57.8,702.6
chickpea,Maharashtra,Beed,2011,39.6,610.61
chickpea,Maharashtra,Beed,2012,39.9,497.99
chickpea,Maharashtra,Beed,2013,63.4,745.43
chickpea,Maharashtra,Beed,2014,64.4,372.67
chickpea,Maharashtra,Beed,2015,70.6,263.46
chickpea,Maharashtra,Beed,2016,118.2,853.64
chickpea,Maharashtra,Beed,2017,138.4,603.32
chickpea,Maharashtra,Nanded,2000,21.8,344.04
chickpea,Maharashtra,Nanded,2001,26.0,607.69
chickpea,Maharashtra,Nanded,2002,33.2,683.73
chickpea,Maharashtra,Nanded,2003,37.5,688.0
chickpea,Maharashtra,Nanded,2004,40.7,501.23
chickpea,Maharashtra,Nanded,2005,52.3,604.21
chickpea,Maharashtra,Nanded,2006,58.6,580.2
chickpea,Maharashtra,Nanded,2007,42.6,950.7
chickpea,Maharashtra,Nanded,2008,44.3,711.06
chickpea,Maharashtra,Nanded,2009,48.4,718.18
chickpea,Maharashtra,Nanded,2010,52.9,1017.77
chickpea,Maharashtra,Nanded,2011,54.5,781.28
chickpea,Maharashtra,Nanded,2012,54.7,1206.76
chickpea,Maharashtra,Nanded,2013,65.3,912.71
chickpea,Maharashtra,Nanded,2014,51.2,501.95
chickpea,Maharashtra,Nanded,2015,46.6,330.47
chickpea,Maharashtra,Nanded,2016,93.9,1593.18
chickpea,Maharashtra,Nanded,2017,123.59,1257.42
chickpea,Maharashtra,Osmanabad,2000,85.8,537.3
chickpea,Maharashtra,Osmanabad,2001,95.3,500.52
chickpea,Maharashtra,Osmanabad,2002,94.9,413.07
chickpea,Maharashtra,Osmanabad,2003,100.1,285.71
chickpea,Maharashtra,Osmanabad,2004,95.6,482.22
chickpea,Maharashtra,Osmanabad,2005,118.3,704.99
chickpea,Maharashtra,Osmanabad,2006,123.1,614.13
chickpea,Maharashtra,Osmanabad,2007,120.7,716.65
chickpea,Maharashtra,Osmanabad,2008,158.6,701.77
chickpea,Maharashtra,Osmanabad,2009,132.9,705.64
chickpea,Maharashtra,Osmanabad,2010,153.5,835.5
chickpea,Maharashtra,Osmanabad,2011,119.6,797.24
chickpea,Maharashtra,Osmanabad,2012,127.2,669.89
chickpea,Maharashtra,Osmanabad,2013,174.1,1184.38
chickpea,Maharashtra,Osmanabad,2014,179.9,381.88
chickpea,Maharashtra,Osmanabad,2015,146.1,235.46
chickpea,Maharashtra,Osmanabad,2016,238.8,920.44
chickpea,Maharashtra,Osmanabad,2017,362.83,731.47
chickpea,Maharashtra,Buldhana,2000,18.3,519.13
chickpea,Maharashtra,Buldhana,2001,23.8,605.04
chickpea,Maharashtra,Buldhana,2002,29.3,546.08
chickpea,Maharashtra,Buldhana,2003,33.1,422.96
chickpea,Maharashtra,Buldhana,2004,30.1,378.74
chickpea,Maharashtra,Buldhana,2005,36.6,650.27
chickpea,Maharashtra,Buldhana,2006,80.9,708.28
chickpea,Maharashtra,Buldhana,2007,75.6,960.32
chickpea,Maharashtra,Buldhana,2008,63.5,754.33
chickpea,Maharashtra,Buldhana,2009,75.3,1241.97
chickpea,Maharashtra,Buldhana,2010,74.2,1060.38
chickpea,Maharashtra,Buldhana,2011,48.1,837.42
chickpea,Maharashtra,Buldhana,2012,44.3,745.37
chickpea,Maharashtra,Buldhana,2013,79.0,798.73
chickpea,Maharashtra,Buldhana,2014,57.2,639.86
chickpea,Maharashtra,Buldhana,2015,55.7,556.55
chickpea,Maharashtra,Buldhana,2016,70.1,1118.4
chickpea,Maharashtra,Buldhana,2017,132.2,814.67
chickpea,Maharashtra,Akola,2000,39.7,355.16
chickpea,Maharashtra,Akola,2001,51.4,667.32
chickpea,Maharashtra,Akola,2002,57.1,676.01
chickpea,Maharashtra,Akola,2003,55.4,648.01
chickpea,Maharashtra,Akola,2004,48.7,369.61
chickpea,Maharashtra,Akola,2005,82.6,757.87
chickpea,Maharashtra,Akola,2006,140.5,818.51
chickpea,Maharashtra,Akola,2007,164.9,828.38
chickpea,Maharashtra,Akola,2008,115.5,485.71
chickpea,Maharashtra,Akola,2009,122.9,1296.18
chickpea,Maharashtra,Akola,2010,134.7,1214.85
chickpea,Maharashtra,Akola,2011,127.8,561.35
chickpea,Maharashtra,Akola,2012,138.2,843.27
chickpea,Maharashtra,Akola,2013,189.1,1173.45
chickpea,Maharashtra,Akola,2014,145.0,608.97
chickpea,Maharashtra,Akola,2015,144.9,550.72
chickpea,Maharashtra,Akola,2016,160.7,988.8
chickpea,Maharashtra,Akola,2017,124.9,927.14
chickpea,Maharashtra,Amarawati,2000,36.6,535.52
chickpea,Maharashtra,Amarawati,2001,33.5,868.66
chickpea,Maharashtra,Amarawati,2002,35.9,754.87
chickpea,Maharashtra,Amarawati,2003,37.3,769.44
chickpea,Maharashtra,Amarawati,2004,37.2,561.83
chickpea,Maharashtra,Amarawati,2005,51.8,972.97
chickpea,Maharashtra,Amarawati,2006,73.3,773.53
chickpea,Maharashtra,Amarawati,2007,103.7,1056.89
chickpea,Maharashtra,Amarawati,2008,79.0,727.85
chickpea,Maharashtra,Amarawati,2009,90.4,1186.17
chickpea,Maharashtra,Amarawati,2010,99.3,1004.83
chickpea,Maharashtra,Amarawati,2011,68.9,974.75
chickpea,Maharashtra,Amarawati,2012,80.3,1248.57
chickpea,Maharashtra,Amarawati,2013,89.9,1149.05
chickpea,Maharashtra,Amarawati,2014,126.5,793.68
chickpea,Maharashtra,Amarawati,2015,125.7,792.36
chickpea,Maharashtra,Amarawati,2016,133.7,1228.12
chickpea,Maharashtra,Amarawati,2017,103.9,1259.87
chickpea,Maharashtra,Yeotmal,2000,13.8,543.48
chickpea,Maharashtra,Yeotmal,2001,15.6,628.21
chickpea,Maharashtra,Yeotmal,2002,16.8,523.81
chickpea,Maharashtra,Yeotmal,2003,21.6,685.19
chickpea,Maharashtra,Yeotmal,2004,12.9,496.12
chickpea,Maharashtra,Yeotmal,2005,36.9,612.47
chickpea,Maharashtra,Yeotmal,2006,56.0,826.79
chickpea,Maharashtra,Yeotmal,2007,104.4,847.7
chickpea,Maharashtra,Yeotmal,2008,33.4,739.52
chickpea,Maharashtra,Yeotmal,2009,27.6,646.01
chickpea,Maharashtra,Yeotmal,2010,38.0,1155.79
chickpea,Maharashtra,Yeotmal,2011,40.6,1289.66
chickpea,Maharashtra,Yeotmal,2012,45.6,1185.53
chickpea,Maharashtra,Yeotmal,2013,45.6,813.6
chickpea,Maharashtra,Yeotmal,2014,38.5,846.75
chickpea,Maharashtra,Yeotmal,2015,80.9,737.95
chickpea,Maharashtra,Yeotmal,2016,147.7,738.66
chickpea,Maharashtra,Yeotmal,2017,94.1,797.02
chickpea,Maharashtra,Wardha,2000,16.6,542.17
chickpea,Maharashtra,Wardha,2001,19.7,624.37
chickpea,Maharashtra,Wardha,2002,25.2,476.19
chickpea,Maharashtra,Wardha,2003,31.0,632.26
chickpea,Maharashtra,Wardha,2004,21.3,516.43
chickpea,Maharashtra,Wardha,2005,25.9,532.82
chickpea,Maharashtra,Wardha,2006,30.9,546.93
chickpea,Maharashtra,Wardha,2007,38.2,712.04
chickpea,Maharashtra,Wardha,2008,16.8,535.71
chickpea,Maharashtra,Wardha,2009,26.6,533.08
chickpea,Maharashtra,Wardha,2010,27.6,766.3
chickpea,Maharashtra,Wardha,2011,28.0,709.64
chickpea,Maharashtra,Wardha,2012,30.0,927.0
chickpea,Maharashtra,Wardha,2013,36.4,755.49
chickpea,Maharashtra,Wardha,2014,31.0,787.1
chickpea,Maharashtra,Wardha,2015,28.6,779.72
chickpea,Maharashtra,Wardha,2016,29.6,1141.89
chickpea,Maharashtra,Wardha,2017,31.4,1171.97
chickpea,Maharashtra,Nagpur,2000,26.7,483.15
chickpea,Maharashtra,Nagpur,2001,30.3,640.26
chickpea,Maharashtra,Nagpur,2002,31.9,557.99
chickpea,Maharashtra,Nagpur,2003,37.7,636.6
chickpea,Maharashtra,Nagpur,2004,40.3,481.39
chickpea,Maharashtra,Nagpur,2005,50.3,620.28
chickpea,Maharashtra,Nagpur,2006,66.5,598.5
chickpea,Maharashtra,Nagpur,2007,75.5,744.37
chickpea,Maharashtra,Nagpur,2008,66.4,600.9
chickpea,Maharashtra,Nagpur,2009,73.8,796.75
chickpea,Maharashtra,Nagpur,2010,84.9,866.2
chickpea,Maharashtra,Nagpur,2011,69.9,884.12
chickpea,Maharashtra,Nagpur,2012,71.0,852.82
chickpea,Maharashtra,Nagpur,2013,71.7,629.01
chickpea,Maharashtra,Nagpur,2014,67.0,695.52
chickpea,Maharashtra,Nagpur,2015,67.4,755.19
chickpea,Maharashtra,Nagpur,2016,63.4,776.03
chickpea,Maharashtra,Nagpur,2017,64.4,1158.39
chickpea,Maharashtra,Bhandara,2000,6.3,396.83
chickpea,Maharashtra,Bhandara,2001,6.4,515.63
chickpea,Maharashtra,Bhandara,2002,6.6,409.09
chickpea,Maharashtra,Bhandara,2003,7.0,542.86
chickpea,Maharashtra,Bhandara,2004,4.2,261.9
chickpea,Maharashtra,Bhandara,2005,8.4,476.19
chickpea,Maharashtra,Bhandara,2006,12.5,584.0
chickpea,Maharashtra,Bhandara,2007,15.4,629.87
chickpea,Maharashtra,Bhandara,2008,8.7,482.76
chickpea,Maharashtra,Bhandara,2009,11.1,570.27
chickpea,Maharashtra,Bhandara,2010,13.1,647.33
chickpea,Maharashtra,Bhandara,2011,12.7,640.16
chickpea,Maharashtra,Bhandara,2012,13.2,526.52
chickpea,Maharashtra,Bhandara,2013,17.0,505.88
chickpea,Maharashtra,Bhandara,2014,21.7,534.56
chickpea,Maharashtra,Bhandara,2015,11.0,427.27
chickpea,Maharashtra,Bhandara,2016,16.1,621.12
chickpea,Maharashtra,Bhandara,2017,15.4,961.04
chickpea,Maharashtra,Chandrapur,2000,18.1,414.36
chickpea,Maharashtra,Chandrapur,2001,14.0,442.86
chickpea,Maharashtra,Chandrapur,2002,12.7,354.33
chickpea,Maharashtra,Chandrapur,2003,24.9,401.61
chickpea,Maharashtra,Chandrapur,2004,21.3,352.11
chickpea,Maharashtra,Chandrapur,2005,25.7,599.22
chickpea,Maharashtra,Chandrapur,2006,31.9,489.03
chickpea,Maharashtra,Chandrapur,2007,36.7,599.46
chickpea,Maharashtra,Chandrapur,2008,31.9,492.16
chickpea,Maharashtra,Chandrapur,2009,31.8,447.48
chickpea,Maharashtra,Chandrapur,2010,40.2,602.24
chickpea,Maharashtra,Chandrapur,2011,29.2,578.08
chickpea,Maharashtra,Chandrapur,2012,31.9,788.09
chickpea,Maharashtra,Chandrapur,2013,36.4,519.23
chickpea,Maharashtra,Chandrapur,2014,32.9,434.65
chickpea,Maharashtra,Chandrapur,2015,38.8,592.78
chickpea,Maharashtra,Chandrapur,2016,44.0,515.91
chickpea,Maharashtra,Chandrapur,2017,37.6,617.02
chickpea,Gujarat,Ahmedabad,2000,5.6,178.57
chickpea,Gujarat,Ahmedabad,2001,11.5,330.43
chickpea,Gujarat,Ahmedabad,2002,12.22,340.4
chickpea,Gujarat,Ahmedabad,2003,18.02,402.87
chickpea,Gujarat,Ahmedabad,2004,19.32,562.12
chickpea,Gujarat,Ahmedabad,2005,9.56,665.24
chickpea,Gujarat,Ahmedabad,2006,28.86,702.0
chickpea,Gujarat,Ahmedabad,2007,26.52,562.56
chickpea,Gujarat,Ahmedabad,2008,19.72,594.28
chickpea,Gujarat,Ahmedabad,2009,4.4,568.18
chickpea,Gujarat,Ahmedabad,2010,4.46,753.31
chickpea,Gujarat,Ahmedabad,2011,29.7,700.34
chickpea,Gujarat,Ahmedabad,2012,15.7,719.75
chickpea,Gujarat,Ahmedabad,2013,19.28,919.09
chickpea,Gujarat,Ahmedabad,2014,23.19,840.46
chickpea,Gujarat,Ahmedabad,2015,8.21,696.32
chickpea,Gujarat,Ahmedabad,2016,20.0,715.54
chickpea,Gujarat,Ahmedabad,2017,44.16,1046.49
chickpea,Gujarat,Amreli,2001,0.7,285.71
chickpea,Gujarat,Amreli,2002,0.9,444.44
chickpea,Gujarat,Amreli,2003,1.9,1000.0
chickpea,Gujarat,Amreli,2004,2.7,1000.0
chickpea,Gujarat,Amreli,2005,2.4,1083.33
chickpea,Gujarat,Amreli,2006,4.2,1238.1
chickpea,Gujarat,Amreli,2007,9.4,1297.87
chickpea,Gujarat,Amreli,2008,8.2,1500.0
chickpea,Gujarat,Amreli,2009,1.8,1166.67
chickpea,Gujarat,Amreli,2010,2.4,1458.33
chickpea,Gujarat,Amreli,2011,2.6,1461.54
chickpea,Gujarat,Amreli,2012,2.3,869.57
chickpea,Gujarat,Amreli,2013,3.46,1234.1
chickpea,Gujarat,Amreli,2015,1.74,1373.56
chickpea,Gujarat,Amreli,2016,2.57,1548.11
chickpea,Gujarat,Amreli,2017,6.26,2151.56
chickpea,Gujarat,Banaskantha,2004,0.7,714.29
chickpea,Gujarat,Banaskantha,2005,0.6,1000.0
chickpea,Gujarat,Banaskantha,2006,0.8,1000.0
chickpea,Gujarat,Banaskantha,2007,1.0,1000.0
chickpea,Gujarat,Banaskantha,2010,0.9,1333.33
chickpea,Gujarat,Bharuch,2000,1.2,333.33
chickpea,Gujarat,Bharuch,2001,1.9,526.32
chickpea,Gujarat,Bharuch,2002,1.5,400.0
chickpea,Gujarat,Bharuch,2003,2.7,888.89
chickpea,Gujarat,Bharuch,2004,5.6,625.0
chickpea,Gujarat,Bharuch,2005,3.0,666.67
chickpea,Gujarat,Bharuch,2006,4.2,642.86
chickpea,Gujarat,Bharuch,2007,2.4,625.0
chickpea,Gujarat,Bharuch,2008,3.1,451.61
chickpea,Gujarat,Bharuch,2009,2.7,962.96
chickpea,Gujarat,Bharuch,2010,1.6,1437.5
chickpea,Gujarat,Bharuch,2011,5.7,1140.35
chickpea,Gujarat,Bharuch,2012,3.3,969.7
chickpea,Gujarat,Bharuch,2013,4.11,1236.01
chickpea,Gujarat,Bharuch,2014,3.68,513.59
chickpea,Gujarat,Bharuch,2015,2.0,680.0
chickpea,Gujarat,Bharuch,2016,2.29,593.63
chickpea,Gujarat,Bharuch,2017,2.97,659.71
chickpea,Gujarat,Vadodara / Baroda,2000,2.0,500.0
chickpea,Gujarat,Vadodara / Baroda,2001,2.1,523.81
chickpea,Gujarat,Vadodara / Baroda,2002,1.7,529.41
chickpea,Gujarat,Vadodara / Baroda,2003,1.3,615.38
chickpea,Gujarat,Vadodara / Baroda,2004,1.4,642.86
chickpea,Gujarat,Vadodara / Baroda,2005,1.2,1083.33
chickpea,Gujarat,Vadodara / Baroda,2006,1.7,1117.65
chickpea,Gujarat,Vadodara / Baroda,2007,2.2,1000.0
chickpea,Gujarat,Vadodara / Baroda,2008,2.7,1000.0
chickpea,Gujarat,Vadodara / Baroda,2009,2.3,956.52
chickpea,Gujarat,Vadodara / Baroda,2010,1.5,1333.33
chickpea,Gujarat,Vadodara / Baroda,2011,3.6,1138.89
chickpea,Gujarat,Vadodara / Baroda,2012,1.3,1000.0
chickpea,Gujarat,Vadodara / Baroda,2013,1.76,1232.95
chickpea,Gujarat,Vadodara / Baroda,2017,0.78,1285.53
chickpea,Gujarat,Bhavnagar,2001,1.2,250.0
chickpea,Gujarat,Bhavnagar,2002,1.1,909.09
chickpea,Gujarat,Bhavnagar,2003,1.2,1000.0
chickpea,Gujarat,Bhavnagar,2004,0.7,714.29
chickpea,Gujarat,Bhavnagar,2005,1.4,1000.0
chickpea,Gujarat,Bhavnagar,2006,1.4,1142.86
chickpea,Gujarat,Bhavnagar,2007,1.3,923.08
chickpea,Gujarat,Bhavnagar,2008,3.0,1000.0
chickpea,Gujarat,Bhavnagar,2009,0.5,800.0
chickpea,Gujarat,Bhavnagar,2010,2.6,1384.62
chickpea,Gujarat,Bhavnagar,2011,1.2,1166.67
chickpea,Gujarat,Bhavnagar,2012,0.5,1000.0
chickpea,Gujarat,Bhavnagar,2013,1.34,1231.34
chickpea,Gujarat,Bhavnagar,2014,0.63,1000.8
chickpea,Gujarat,Bhavnagar,2015,0.73,881.79
chickpea,Gujarat,Bhavnagar,2016,1.3,1123.8
chickpea,Gujarat,Bhavnagar,2017,4.6,1285.12
chickpea,Gujarat,Valsad,2000,1.5,533.33
chickpea,Gujarat,Valsad,2001,1.4,1142.86
chickpea,Gujarat,Valsad,2002,1.6,562.5
chickpea,Gujarat,Valsad,2003,1.0,900.0
chickpea,Gujarat,Valsad,2004,1.5,600.0
chickpea,Gujarat,Valsad,2005,2.9,1103.45
chickpea,Gujarat,Valsad,2006,2.3,1173.91
chickpea,Gujarat,Valsad,2007,2.1,952.38
chickpea,Gujarat,Valsad,2008,2.1,1000.0
chickpea,Gujarat,Valsad,2009,2.7,962.96
chickpea,Gujarat,Valsad,2010,2.5,1440.0
chickpea,Gujarat,Valsad,2011,3.1,1129.03
chickpea,Gujarat,Valsad,2012,3.8,973.68
chickpea,Gujarat,Valsad,2013,3.11,1234.73
chickpea,Gujarat,Valsad,2014,2.55,811.76
chickpea,Gujarat,Valsad,2015,3.75,832.0
chickpea,Gujarat,Valsad,2016,4.5,586.54
chickpea,Gujarat,Valsad,2017,3.48,758.48
chickpea,Gujarat,Dangs,2006,0.6,1166.67
chickpea,Gujarat,Dangs,2007,0.9,888.89
chickpea,Gujarat,Dangs,2008,1.2,1000.0
chickpea,Gujarat,Dangs,2009,1.4,928.57
chickpea,Gujarat,Dangs,2010,1.5,1400.0
chickpea,Gujarat,Dangs,2011,14.0,1135.71
chickpea,Gujarat,Dangs,2013,19.38,924.66
chickpea,Gujarat,Dangs,2014,16.24,987.07
chickpea,Gujarat,Dangs,2015,16.16,975.25
chickpea,Gujarat,Dangs,2016,18.28,978.29
chickpea,Gujarat,Dangs,2017,20.21,865.62
chickpea,Gujarat,Jamnagar,2000,1.7,764.71
chickpea,Gujarat,Jamnagar,2001,6.1,622.95
chickpea,Gujarat,Jamnagar,2002,3.6,722.22
chickpea,Gujarat,Jamnagar,2003,19.5,1507.69
chickpea,Gujarat,Jamnagar,2004,8.5,1305.88
chickpea,Gujarat,Jamnagar,2005,15.3,1392.16
chickpea,Gujarat,Jamnagar,2006,21.2,1165.09
chickpea,Gujarat,Jamnagar,2007,24.4,1393.44
chickpea,Gujarat,Jamnagar,2008,27.8,1327.34
chickpea,Gujarat,Jamnagar,2009,22.9,1475.98
chickpea,Gujarat,Jamnagar,2010,24.0,1541.67
chickpea,Gujarat,Jamnagar,2011,23.1,1441.56
chickpea,Gujarat,Jamnagar,2012,7.2,930.56
chickpea,Gujarat,Jamnagar,2013,24.37,1626.59
chickpea,Gujarat,Jamnagar,2014,3.9,1442.43
chickpea,Gujarat,Jamnagar,2015,1.7,1235.33
chickpea,Gujarat,Jamnagar,2016,4.43,1003.43
chickpea,Gujarat,Jamnagar,2017,14.18,1427.67
chickpea,Gujarat,Junagadh,2000,1.6,812.5
chickpea,Gujarat,Junagadh,2001,4.6,913.04
chickpea,Gujarat,Junagadh,2002,4.2,976.19
chickpea,Gujarat,Junagadh,2003,18.8,925.53
chickpea,Gujarat,Junagadh,2004,9.6,1083.33
chickpea,Gujarat,Junagadh,2005,17.8,1449.44
chickpea,Gujarat,Junagadh,2006,25.7,1334.63
chickpea,Gujarat,Junagadh,2007,23.8,1415.97
chickpea,Gujarat,Junagadh,2008,22.8,1377.19
chickpea,Gujarat,Junagadh,2009,14.1,1212.77
chickpea,Gujarat,Junagadh,2010,21.4,1551.4
chickpea,Gujarat,Junagadh,2011,32.4,1604.94
chickpea,Gujarat,Junagadh,2012,9.7,1608.25
chickpea,Gujarat,Junagadh,2013,34.18,1958.75
chickpea,Gujarat,Junagadh,2014,30.26,1617.32
chickpea,Gujarat,Junagadh,2015,7.82,1287.72
chickpea,Gujarat,Junagadh,2016,35.45,1707.7
chickpea,Gujarat,Junagadh,2017,74.75,1543.53
chickpea,Gujarat,Kheda,2000,1.7,470.59
chickpea,Gujarat,Kheda,2001,1.7,529.41
chickpea,Gujarat,Kheda,2002,7.3,534.25
chickpea,Gujarat,Kheda,2003,6.0,550.0
chickpea,Gujarat,Kheda,2004,3.6,666.67
chickpea,Gujarat,Kheda,2005,4.1,731.71
chickpea,Gujarat,Kheda,2006,3.8,789.47
chickpea,Gujarat,Kheda,2007,4.4,659.09
chickpea,Gujarat,Kheda,2008,4.3,604.65
chickpea,Gujarat,Kheda,2009,4.8,687.5
chickpea,Gujarat,Kheda,2010,4.0,825.0
chickpea,Gujarat,Kheda,2011,3.4,794.12
chickpea,Gujarat,Kheda,2012,3.5,771.43
chickpea,Gujarat,Kheda,2013,3.58,832.4
chickpea,Gujarat,Kheda,2014,4.6,810.89
chickpea,Gujarat,Kheda,2015,3.02,1018.63
chickpea,Gujarat,Kheda,2016,5.63,960.03
chickpea,Gujarat,Kheda,2017,5.74,1033.34
chickpea,Gujarat,Kutch,2007,0.6,1000.0
chickpea,Gujarat,Kutch,2011,0.7,1000.0
chickpea,Gujarat,Kutch,2013,1.02,1245.1
chickpea,Gujarat,Mehsana,2000,0.5,400.0
chickpea,Gujarat,Mehsana,2001,0.5,600.0
chickpea,Gujarat,Mehsana,2003,6.58,781.07
chickpea,Gujarat,Mehsana,2004,0.78,563.94
chickpea,Gujarat,Mehsana,2005,3.24,1061.71
chickpea,Gujarat,Mehsana,2006,16.74,552.0
chickpea,Gujarat,Mehsana,2007,20.58,761.93
chickpea,Gujarat,Mehsana,2008,6.08,654.72
chickpea,Gujarat,Mehsana,2009,2.2,590.91
chickpea,Gujarat,Mehsana,2010,12.54,720.92
chickpea,Gujarat,Mehsana,2011,19.0,652.63
chickpea,Gujarat,Mehsana,2012,10.3,533.98
chickpea,Gujarat,Mehsana,2013,23.24,811.96
chickpea,Gujarat,Mehsana,2014,6.17,662.88
chickpea,Gujarat,Mehsana,2015,7.29,711.93
chickpea,Gujarat,Mehsana,2016,13.23,840.22
chickpea,Gujarat,Mehsana,2017,24.95,707.16
chickpea,Gujarat,Panchmahal,2000,2.6,461.54
chickpea,Gujarat,Panchmahal,2001,5.7,491.23
chickpea,Gujarat,Panchmahal,2002,10.9,605.5
chickpea,Gujarat,Panchmahal,2003,48.9,840.49
chickpea,Gujarat,Panchmahal,2004,46.0,834.78
chickpea,Gujarat,Panchmahal,2005,40.9,850.86
chickpea,Gujarat,Panchmahal,2006,56.3,818.83
chickpea,Gujarat,Panchmahal,2007,67.6,928.99
chickpea,Gujarat,Panchmahal,2008,50.2,739.04
chickpea,Gujarat,Panchmahal,2009,53.5,742.06
chickpea,Gujarat,Panchmahal,2010,60.0,831.67
chickpea,Gujarat,Panchmahal,2011,59.7,983.25
chickpea,Gujarat,Panchmahal,2012,58.1,1046.47
chickpea,Gujarat,Panchmahal,2013,56.1,848.13
chickpea,Gujarat,Panchmahal,2014,48.41,811.61
chickpea,Gujarat,Panchmahal,2015,38.19,679.83
chickpea,Gujarat,Panchmahal,2016,33.63,1276.79
chickpea,Gujarat,Panchmahal,2017,43.74,1436.07
chickpea,Gujarat,Rajkot,2000,0.5,600.0
chickpea,Gujarat,Rajkot,2001,1.6,687.5
chickpea,Gujarat,Rajkot,2002,1.6,500.0
chickpea,Gujarat,Rajkot,2003,8.0,1100.0
chickpea,Gujarat,Rajkot,2004,4.8,750.0
chickpea,Gujarat,Rajkot,2005,7.4,1094.59
chickpea,Gujarat,Rajkot,2006,10.0,1200.0
chickpea,Gujarat,Rajkot,2007,9.7,1113.4
chickpea,Gujarat,Rajkot,2008,7.7,1870.13
chickpea,Gujarat,Rajkot,2009,4.9,1408.16
chickpea,Gujarat,Rajkot,2010,8.8,1375.0
chickpea,Gujarat,Rajkot,2011,10.7,1429.91
chickpea,Gujarat,Rajkot,2012,2.1,1476.19
chickpea,Gujarat,Rajkot,2013,12.57,1956.25
chickpea,Gujarat,Rajkot,2014,2.25,1715.86
chickpea,Gujarat,Rajkot,2015,5.56,1883.51
chickpea,Gujarat,Rajkot,2016,4.85,860.94
chickpea,Gujarat,Rajkot,2017,19.65,2018.85
chickpea,Gujarat,Sabarkantha,2000,1.7,411.76
chickpea,Gujarat,Sabarkantha,2001,1.5,533.33
chickpea,Gujarat,Sabarkantha,2002,1.7,352.94
chickpea,Gujarat,Sabarkantha,2003,2.3,565.22
chickpea,Gujarat,Sabarkantha,2004,2.6,461.54
chickpea,Gujarat,Sabarkantha,2005,3.5,771.43
chickpea,Gujarat,Sabarkantha,2006,4.0,675.0
chickpea,Gujarat,Sabarkantha,2007,5.3,811.32
chickpea,Gujarat,Sabarkantha,2008,4.1,804.88
chickpea,Gujarat,Sabarkantha,2009,4.1,707.32
chickpea,Gujarat,Sabarkantha,2010,2.3,1043.48
chickpea,Gujarat,Sabarkantha,2011,4.5,866.67
chickpea,Gujarat,Sabarkantha,2012,1.5,1533.33
chickpea,Gujarat,Sabarkantha,2013,2.92,1236.3
chickpea,Gujarat,Sabarkantha,2014,3.17,757.1
chickpea,Gujarat,Sabarkantha,2015,3.68,671.2
chickpea,Gujarat,Sabarkantha,2016,3.54,816.15
chickpea,Gujarat,Sabarkantha,2017,4.34,875.49
chickpea,Gujarat,Surat,2000,2.7,703.7
chickpea,Gujarat,Surat,2001,2.8,785.71
chickpea,Gujarat,Surat,2002,2.7,777.78
chickpea,Gujarat,Surat,2003,2.4,708.33
chickpea,Gujarat,Surat,2004,3.1,806.45
chickpea,Gujarat,Surat,2005,2.5,800.0
chickpea,Gujarat,Surat,2006,3.0,866.67
chickpea,Gujarat,Surat,2007,2.8,714.29
chickpea,Gujarat,Surat,2008,2.4,1291.67
chickpea,Gujarat,Surat,2009,2.3,1217.39
chickpea,Gujarat,Surat,2010,3.0,1466.67
chickpea,Gujarat,Surat,2011,4.6,1413.04
chickpea,Gujarat,Surat,2012,3.6,1250.0
chickpea,Gujarat,Surat,2013,4.23,1739.95
chickpea,Gujarat,Surat,2014,3.48,1086.21
chickpea,Gujarat,Surat,2015,2.42,776.86
chickpea,Gujarat,Surat,2016,3.02,998.02
chickpea,Gujarat,Surat,2017,5.01,1132.4
chickpea,Gujarat,Surendranagar,2000,1.0,400.0
chickpea,Gujarat,Surendranagar,2001,2.8,500.0
chickpea,Gujarat,Surendranagar,2002,5.6,267.86
chickpea,Gujarat,Surendranagar,2003,10.2,882.35
chickpea,Gujarat,Surendranagar,2004,11.5,730.43
chickpea,Gujarat,Surendranagar,2005,9.1,769.23
chickpea,Gujarat,Surendranagar,2006,11.9,1369.75
chickpea,Gujarat,Surendranagar,2007,9.8,775.51
chickpea,Gujarat,Surendranagar,2008,9.3,956.99
chickpea,Gujarat,Surendranagar,2009,7.2,416.67
chickpea,Gujarat,Surendranagar,2010,21.6,1217.59
chickpea,Gujarat,Surendranagar,2011,21.6,1453.7
chickpea,Gujarat,Surendranagar,2012,12.3,739.84
chickpea,Gujarat,Surendranagar,2013,26.84,1227.27
chickpea,Gujarat,Surendranagar,2014,14.77,1025.43
chickpea,Gujarat,Surendranagar,2015,11.48,923.17
chickpea,Gujarat,Surendranagar,2016,11.31,734.97
chickpea,Gujarat,Surendranagar,2017,17.4,903.85
chickpea,Rajasthan,Ajmer,2000,9.6,289.58
chickpea,Rajasthan,Ajmer,2001,21.48,612.66
chickpea,Rajasthan,Ajmer,2003,13.84,468.21
chickpea,Rajasthan,Ajmer,2004,20.97,756.32
chickpea,Rajasthan,Ajmer,2005,25.15,231.81
chickpea,Rajasthan,Ajmer,2006,7.97,609.79
chickpea,Rajasthan,Ajmer,2007,3.69,634.15
chickpea,Rajasthan,Ajmer,2008,20.78,455.25
chickpea,Rajasthan,Ajmer,2010,111.13,831.55
chickpea,Rajasthan,Ajmer,2011,87.69,760.06
chickpea,Rajasthan,Ajmer,2012,90.07,1185.19
chickpea,Rajasthan,Ajmer,2013,167.02,1065.92
chickpea,Rajasthan,Ajmer,2014,82.74,464.83
chickpea,Rajasthan,Ajmer,2015,19.69,833.93
chickpea,Rajasthan,Ajmer,2016,149.36,839.26
chickpea,Rajasthan,Ajmer,2017,66.19,927.91
chickpea,Rajasthan,Alwar,2000,41.78,835.57
chickpea,Rajasthan,Alwar,2001,50.17,913.49
chickpea,Rajasthan,Alwar,2002,18.72,488.78
chickpea,Rajasthan,Alwar,2003,41.65,864.35
chickpea,Rajasthan,Alwar,2004,19.51,1043.57
chickpea,Rajasthan,Alwar,2005,15.49,887.67
chickpea,Rajasthan,Alwar,2006,11.36,1170.77
chickpea,Rajasthan,Alwar,2007,12.72,1085.69
chickpea,Rajasthan,Alwar,2008,14.3,1286.01
chickpea,Rajasthan,Alwar,2009,9.94,1089.54
chickpea,Rajasthan,Alwar,2010,13.67,1509.88
chickpea,Rajasthan,Alwar,2011,11.29,1303.81
chickpea,Rajasthan,Alwar,2012,11.91,1294.71
chickpea,Rajasthan,Alwar,2013,15.09,1401.59
chickpea,Rajasthan,Alwar,2014,12.26,953.51
chickpea,Rajasthan,Alwar,2015,8.47,749.7
chickpea,Rajasthan,Alwar,2016,11.06,1474.0
chickpea,Rajasthan,Alwar,2017,7.49,1948.76
chickpea,Rajasthan,Banswara,2000,10.63,604.89
chickpea,Rajasthan,Banswara,2001,9.98,1114.23
chickpea,Rajasthan,Banswara,2002,8.73,623.14
chickpea,Rajasthan,Banswara,2003,14.61,1126.63
chickpea,Rajasthan,Banswara,2004,15.07,1009.95
chickpea,Rajasthan,Banswara,2005,14.02,796.01
chickpea,Rajasthan,Banswara,2006,15.12,989.42
chickpea,Rajasthan,Banswara,2007,16.21,1114.74
chickpea,Rajasthan,Banswara,2008,22.34,794.86
chickpea,Rajasthan,Banswara,2009,20.91,1147.61
chickpea,Rajasthan,Banswara,2010,21.2,842.42
chickpea,Rajasthan,Banswara,2011,20.12,977.25
chickpea,Rajasthan,Banswara,2012,20.03,990.52
chickpea,Rajasthan,Banswara,2013,21.97,1000.37
chickpea,Rajasthan,Banswara,2014,19.9,1007.52
chickpea,Rajasthan,Banswara,2015,17.0,1120.13
chickpea,Rajasthan,Banswara,2016,16.62,1201.15
chickpea,Rajasthan,Banswara,2017,17.77,1071.78
chickpea,Rajasthan,Barmer,2003,0.95,631.58
chickpea,Rajasthan,Barmer,2006,3.15,863.49
chickpea,Rajasthan,Barmer,2010,1.07,897.2
chickpea,Rajasthan,Barmer,2013,1.21,851.24
chickpea,Rajasthan,Barmer,2016,2.01,910.63
chickpea,Rajasthan,Barmer,2017,2.85,1073.76
chickpea,Rajasthan,Bharatpur,2000,23.14,835.35
chickpea,Rajasthan,Bharatpur,2001,26.77,1058.27
chickpea,Rajasthan,Bharatpur,2002,13.74,617.9
chickpea,Rajasthan,Bharatpur,2003,21.48,1009.31
chickpea,Rajasthan,Bharatpur,2004,10.62,1146.89
chickpea,Rajasthan,Bharatpur,2005,6.93,1004.33
chickpea,Rajasthan,Bharatpur,2006,5.93,1158.52
chickpea,Rajasthan,Bharatpur,2007,4.47,823.27
chickpea,Rajasthan,Bharatpur,2008,8.93,1279.96
chickpea,Rajasthan,Bharatpur,2009,10.38,1289.98
chickpea,Rajasthan,Bharatpur,2010,7.16,1480.45
chickpea,Rajasthan,Bharatpur,2011,6.31,1309.03
chickpea,Rajasthan,Bharatpur,2012,5.82,1616.84
chickpea,Rajasthan,Bharatpur,2013,6.24,1472.76
chickpea,Rajasthan,Bharatpur,2014,6.61,1202.72
chickpea,Rajasthan,Bharatpur,2015,4.42,776.02
chickpea,Rajasthan,Bharatpur,2016,5.15,1126.09
chickpea,Rajasthan,Bharatpur,2017,4.16,860.64
chickpea,Rajasthan,Bhilwara,2000,7.15,787.41
chickpea,Rajasthan,Bhilwara,2001,23.06,1042.93
chickpea,Rajasthan,Bhilwara,2002,1.68,636.9
chickpea,Rajasthan,Bhilwara,2003,11.79,683.63
chickpea,Rajasthan,Bhilwara,2004,38.96,1095.23
chickpea,Rajasthan,Bhilwara,2005,28.59,806.58
chickpea,Rajasthan,Bhilwara,2006,24.53,931.92
chickpea,Rajasthan,Bhilwara,2007,12.1,700.0
chickpea,Rajasthan,Bhilwara,2008,18.94,674.76
chickpea,Rajasthan,Bhilwara,2009,2.58,503.88
chickpea,Rajasthan,Bhilwara,2010,50.09,868.44
chickpea,Rajasthan,Bhilwara,2011,29.3,792.49
chickpea,Rajasthan,Bhilwara,2012,29.24,1219.9
chickpea,Rajasthan,Bhilwara,2013,45.74,1245.74
chickpea,Rajasthan,Bhilwara,2014,26.65,726.45
chickpea,Rajasthan,Bhilwara,2015,12.26,858.08
chickpea,Rajasthan,Bhilwara,2016,33.41,1121.16
chickpea,Rajasthan,Bhilwara,2017,34.02,1132.01
chickpea,Rajasthan,Bikaner,2000,65.34,381.85
chickpea,Rajasthan,Bikaner,2001,77.83,604.39
chickpea,Rajasthan,Bikaner,2002,71.64,750.28
chickpea,Rajasthan,Bikaner,2003,94.86,761.75
chickpea,Rajasthan,Bikaner,2004,99.71,913.15
chickpea,Rajasthan,Bikaner,2005,137.57,516.1
chickpea,Rajasthan,Bikaner,2006,125.79,1060.02
chickpea,Rajasthan,Bikaner,2007,169.69,349.17
chickpea,Rajasthan,Bikaner,2008,171.78,869.66
chickpea,Rajasthan,Bikaner,2009,118.71,493.3
chickpea,Rajasthan,Bikaner,2010,163.77,888.14
chickpea,Rajasthan,Bikaner,2011,170.38,716.81
chickpea,Rajasthan,Bikaner,2012,188.57,818.32
chickpea,Rajasthan,Bikaner,2013,230.21,770.64
chickpea,Rajasthan,Bikaner,2014,220.95,773.34
chickpea,Rajasthan,Bikaner,2015,241.72,919.62
chickpea,Rajasthan,Bikaner,2016,226.59,854.36
chickpea,Rajasthan,Bikaner,2017,255.77,918.64
chickpea,Rajasthan,Bundi,2000,19.78,901.42
chickpea,Rajasthan,Bundi,2001,25.97,785.91
chickpea,Rajasthan,Bundi,2002,7.57,664.47
chickpea,Rajasthan,Bundi,2003,9.46,713.53
chickpea,Rajasthan,Bundi,2004,2.68,1085.82
chickpea,Rajasthan,Bundi,2005,2.59,1166.02
chickpea,Rajasthan,Bundi,2006,8.97,1086.96
chickpea,Rajasthan,Bundi,2007,16.02,1144.19
chickpea,Rajasthan,Bundi,2008,5.02,1145.42
chickpea,Rajasthan,Bundi,2009,6.91,739.51
chickpea,Rajasthan,Bundi,2010,9.07,1177.51
chickpea,Rajasthan,Bundi,2011,5.82,1249.14
chickpea,Rajasthan,Bundi,2012,5.19,1248.55
chickpea,Rajasthan,Bundi,2013,2.01,1258.71
chickpea,Rajasthan,Bundi,2014,1.62,345.68
chickpea,Rajasthan,Bundi,2015,2.36,1127.12
chickpea,Rajasthan,Bundi,2016,7.17,1509.0
chickpea,Rajasthan,Bundi,2017,50.6,1281.0
chickpea,Rajasthan,Chittorgarh,2000,7.61,406.04
chickpea,Rajasthan,Chittorgarh,2001,21.68,709.41
chickpea,Rajasthan,Chittorgarh,2002,6.49,872.11
chickpea,Rajasthan,Chittorgarh,2003,41.04,811.4
chickpea,Rajasthan,Chittorgarh,2004,32.21,1067.99
chickpea,Rajasthan,Chittorgarh,2005,23.34,667.1
chickpea,Rajasthan,Chittorgarh,2006,27.3,949.08
chickpea,Rajasthan,Chittorgarh,2007,26.64,739.49
chickpea,Rajasthan,Chittorgarh,2008,17.72,866.68
chickpea,Rajasthan,Chittorgarh,2009,12.53,1013.24
chickpea,Rajasthan,Chittorgarh,2010,16.19,977.73
chickpea,Rajasthan,Chittorgarh,2011,12.34,960.47
chickpea,Rajasthan,Chittorgarh,2012,12.29,1015.48
chickpea,Rajasthan,Chittorgarh,2013,13.6,1194.66
chickpea,Rajasthan,Chittorgarh,2014,10.94,1044.76
chickpea,Rajasthan,Chittorgarh,2015,9.48,1179.57
chickpea,Rajasthan,Chittorgarh,2016,11.72,1498.0
chickpea,Rajasthan,Chittorgarh,2017,22.85,1415.56
chickpea,Rajasthan,Churu,2000,41.32,30.01
chickpea,Rajasthan,Churu,2001,42.05,199.29
chickpea,Rajasthan,Churu,2002,16.28,108.11
chickpea,Rajasthan,Churu,2003,110.76,308.96
chickpea,Rajasthan,Churu,2004,281.88,381.94
chickpea,Rajasthan,Churu,2005,274.88,44.64
chickpea,Rajasthan,Churu,2006,264.72,590.02
chickpea,Rajasthan,Churu,2007,292.03,89.82
chickpea,Rajasthan,Churu,2008,287.9,501.91
chickpea,Rajasthan,Churu,2009,162.38,194.73
chickpea,Rajasthan,Churu,2010,358.73,621.11
chickpea,Rajasthan,Churu,2011,319.45,128.22
chickpea,Rajasthan,Churu,2012,127.13,701.96
chickpea,Rajasthan,Churu,2013,387.68,251.68
chickpea,Rajasthan,Churu,2014,219.69,312.03
chickpea,Rajasthan,Churu,2015,113.17,371.56
chickpea,Rajasthan,Churu,2016,219.11,347.46
chickpea,Rajasthan,Churu,2017,107.09,383.01
chickpea,Rajasthan,Dungarpur,2000,2.07,806.76
chickpea,Rajasthan,Dungarpur,2001,4.77,1155.14
chickpea,Rajasthan,Dungarpur,2002,2.44,831.97
chickpea,Rajasthan,Dungarpur,2003,12.46,1024.08
chickpea,Rajasthan,Dungarpur,2004,14.5,850.34
chickpea,Rajasthan,Dungarpur,2005,13.44,654.76
chickpea,Rajasthan,Dungarpur,2006,17.94,913.6
chickpea,Rajasthan,Dungarpur,2007,17.05,1167.74
chickpea,Rajasthan,Dungarpur,2008,7.7,579.22
chickpea,Rajasthan,Dungarpur,2009,13.41,1038.78
chickpea,Rajasthan,Dungarpur,2010,13.57,927.78
chickpea,Rajasthan,Dungarpur,2011,14.97,1262.53
chickpea,Rajasthan,Dungarpur,2012,15.38,898.57
chickpea,Rajasthan,Dungarpur,2013,16.7,1100.0
chickpea,Rajasthan,Dungarpur,2014,13.6,1314.71
chickpea,Rajasthan,Dungarpur,2015,10.84,1007.38
chickpea,Rajasthan,Dungarpur,2016,11.87,1164.58
chickpea,Rajasthan,Dungarpur,2017,11.7,1248.91
chickpea,Rajasthan,Ganganagar,2000,143.13,175.43
chickpea,Rajasthan,Ganganagar,2001,268.91,454.13
chickpea,Rajasthan,Ganganagar,2002,98.03,360.4
chickpea,Rajasthan,Ganganagar,2003,328.62,344.47
chickpea,Rajasthan,Ganganagar,2004,137.07,591.45
chickpea,Rajasthan,Ganganagar,2005,255.61,317.87
chickpea,Rajasthan,Ganganagar,2006,225.49,779.06
chickpea,Rajasthan,Ganganagar,2007,353.21,499.45
chickpea,Rajasthan,Ganganagar,2008,322.19,713.37
chickpea,Rajasthan,Ganganagar,2009,230.31,495.85
chickpea,Rajasthan,Ganganagar,2010,297.97,757.46
chickpea,Rajasthan,Ganganagar,2011,247.98,612.47
chickpea,Rajasthan,Ganganagar,2012,170.2,927.73
chickpea,Rajasthan,Ganganagar,2013,181.5,810.25
chickpea,Rajasthan,Ganganagar,2014,136.61,917.14
chickpea,Rajasthan,Ganganagar,2015,156.16,826.72
chickpea,Rajasthan,Ganganagar,2016,200.37,820.54
chickpea,Rajasthan,Ganganagar,2017,196.46,841.97
chickpea,Rajasthan,Jaipur,2000,55.32,560.56
chickpea,Rajasthan,Jaipur,2001,61.79,637.97
chickpea,Rajasthan,Jaipur,2002,31.97,1034.09
chickpea,Rajasthan,Jaipur,2003,74.06,727.79
chickpea,Rajasthan,Jaipur,2004,69.41,957.5
chickpea,Rajasthan,Jaipur,2005,28.01,992.15
chickpea,Rajasthan,Jaipur,2006,12.23,984.46
chickpea,Rajasthan,Jaipur,2007,11.71,584.12
chickpea,Rajasthan,Jaipur,2008,35.68,1024.38
chickpea,Rajasthan,Jaipur,2009,11.9,854.62
chickpea,Rajasthan,Jaipur,2010,114.77,1755.77
chickpea,Rajasthan,Jaipur,2011,115.59,911.06
chickpea,Rajasthan,Jaipur,2012,115.87,1573.4
chickpea,Rajasthan,Jaipur,2013,162.62,1254.4
chickpea,Rajasthan,Jaipur,2014,137.55,803.05
chickpea,Rajasthan,Jaipur,2015,26.36,977.24
chickpea,Rajasthan,Jaipur,2016,114.84,1105.26
chickpea,Rajasthan,Jaipur,2017,36.12,1096.37
chickpea,Rajasthan,Jaisalmer,2000,4.78,589.96
chickpea,Rajasthan,Jaisalmer,2001,7.0,758.57
chickpea,Rajasthan,Jaisalmer,2002,6.54,756.88
chickpea,Rajasthan,Jaisalmer,2003,9.43,633.09
chickpea,Rajasthan,Jaisalmer,2004,11.03,635.54
chickpea,Rajasthan,Jaisalmer,2005,48.0,581.04
chickpea,Rajasthan,Jaisalmer,2006,27.85,948.65
chickpea,Rajasthan,Jaisalmer,2007,70.93,447.62
chickpea,Rajasthan,Jaisalmer,2008,66.96,528.23
chickpea,Rajasthan,Jaisalmer,2009,52.68,361.43
chickpea,Rajasthan,Jaisalmer,2010,79.53,654.34
chickpea,Rajasthan,Jaisalmer,2011,94.02,861.63
chickpea,Rajasthan,Jaisalmer,2012,130.49,618.44
chickpea,Rajasthan,Jaisalmer,2013,143.65,884.44
chickpea,Rajasthan,Jaisalmer,2014,107.83,450.25
chickpea,Rajasthan,Jaisalmer,2015,131.69,1007.52
chickpea,Rajasthan,Jaisalmer,2016,152.93,895.07
chickpea,Rajasthan,Jaisalmer,2017,159.08,789.65
chickpea,Rajasthan,Jalore,2001,3.61,759.0
chickpea,Rajasthan,Jalore,2003,7.29,632.37
chickpea,Rajasthan,Jalore,2005,0.62,451.61
chickpea,Rajasthan,Jalore,2006,22.12,830.92
chickpea,Rajasthan,Jalore,2007,2.56,707.03
chickpea,Rajasthan,Jalore,2008,0.96,531.25
chickpea,Rajasthan,Jalore,2010,7.91,415.93
chickpea,Rajasthan,Jalore,2011,4.12,589.81
chickpea,Rajasthan,Jalore,2012,1.85,843.24
chickpea,Rajasthan,Jalore,2013,14.02,767.48
chickpea,Rajasthan,Jalore,2015,1.59,742.14
chickpea,Rajasthan,Jalore,2016,16.87,1169.91
chickpea,Rajasthan,Jalore,2017,27.23,1156.53
chickpea,Rajasthan,Jhalawar,2000,11.67,564.7
chickpea,Rajasthan,Jhalawar,2001,18.12,894.04
chickpea,Rajasthan,Jhalawar,2002,5.38,587.36
chickpea,Rajasthan,Jhalawar,2003,21.88,803.93
chickpea,Rajasthan,Jhalawar,2004,19.55,767.77
chickpea,Rajasthan,Jhalawar,2005,8.76,807.08
chickpea,Rajasthan,Jhalawar,2006,14.08,1143.47
chickpea,Rajasthan,Jhalawar,2007,22.23,665.32
chickpea,Rajasthan,Jhalawar,2008,30.04,1017.64
chickpea,Rajasthan,Jhalawar,2009,46.09,906.7
chickpea,Rajasthan,Jhalawar,2010,36.47,776.53
chickpea,Rajasthan,Jhalawar,2011,14.76,1026.42
chickpea,Rajasthan,Jhalawar,2012,16.99,1110.06
chickpea,Rajasthan,Jhalawar,2013,24.37,878.13
chickpea,Rajasthan,Jhalawar,2014,10.98,1048.27
chickpea,Rajasthan,Jhalawar,2015,9.51,1049.42
chickpea,Rajasthan,Jhalawar,2016,17.32,1290.67
chickpea,Rajasthan,Jhalawar,2017,57.91,1533.64
chickpea,Rajasthan,Jhunjhunu,2000,44.19,1540.62
chickpea,Rajasthan,Jhunjhunu,2001,77.29,1142.58
chickpea,Rajasthan,Jhunjhunu,2002,55.64,916.25
chickpea,Rajasthan,Jhunjhunu,2003,61.02,712.39
chickpea,Rajasthan,Jhunjhunu,2004,102.23,955.49
chickpea,Rajasthan,Jhunjhunu,2005,80.55,770.83
chickpea,Rajasthan,Jhunjhunu,2006,64.85,1144.95
chickpea,Rajasthan,Jhunjhunu,2007,68.77,730.84
chickpea,Rajasthan,Jhunjhunu,2008,76.1,1122.34
chickpea,Rajasthan,Jhunjhunu,2009,55.5,884.68
chickpea,Rajasthan,Jhunjhunu,2010,129.44,1095.57
chickpea,Rajasthan,Jhunjhunu,2011,75.07,1035.3
chickpea,Rajasthan,Jhunjhunu,2012,62.75,1358.73
chickpea,Rajasthan,Jhunjhunu,2013,115.05,1201.83
chickpea,Rajasthan,Jhunjhunu,2014,65.28,1174.02
chickpea,Rajasthan,Jhunjhunu,2015,50.24,1000.0
chickpea,Rajasthan,Jhunjhunu,2016,56.9,1252.18
chickpea,Rajasthan,Jhunjhunu,2017,58.08,1361.84
chickpea,Rajasthan,Jodhpur,2001,2.07,758.45
chickpea,Rajasthan,Jodhpur,2003,0.97,639.18
chickpea,Rajasthan,Jodhpur,2007,0.72,472.22
chickpea,Rajasthan,Jodhpur,2008,0.62,774.19
chickpea,Rajasthan,Jodhpur,2010,5.8,898.28
chickpea,Rajasthan,Jodhpur,2011,2.82,1088.65
chickpea,Rajasthan,Jodhpur,2012,1.89,899.47
chickpea,Rajasthan,Jodhpur,2013,10.66,809.57
chickpea,Rajasthan,Jodhpur,2014,1.42,718.31
chickpea,Rajasthan,Jodhpur,2015,4.38,1045.66
chickpea,Rajasthan,Jodhpur,2016,19.07,941.63
chickpea,Rajasthan,Jodhpur,2017,19.37,1460.69
chickpea,Rajasthan,Kota,2000,26.33,829.85
chickpea,Rajasthan,Kota,2001,34.61,1085.52
chickpea,Rajasthan,Kota,2002,15.19,1585.25
chickpea,Rajasthan,Kota,2003,12.08,1237.58
chickpea,Rajasthan,Kota,2004,5.33,1063.79
chickpea,Rajasthan,Kota,2005,5.17,866.54
chickpea,Rajasthan,Kota,2006,6.63,1342.38
chickpea,Rajasthan,Kota,2007,11.91,1197.31
chickpea,Rajasthan,Kota,2008,8.71,1119.4
chickpea,Rajasthan,Kota,2009,10.97,1055.61
chickpea,Rajasthan,Kota,2010,15.57,1249.2
chickpea,Rajasthan,Kota,2011,9.75,1391.79
chickpea,Rajasthan,Kota,2012,13.55,1432.47
chickpea,Rajasthan,Kota,2013,13.94,1006.46
chickpea,Rajasthan,Kota,2014,9.54,1117.4
chickpea,Rajasthan,Kota,2015,10.8,1409.26
chickpea,Rajasthan,Kota,2016,22.12,1746.91
chickpea,Rajasthan,Kota,2017,122.44,1702.24
chickpea,Rajasthan,Nagaur,2000,20.4,512.25
chickpea,Rajasthan,Nagaur,2001,26.34,789.67
chickpea,Rajasthan,Nagaur,2002,24.79,833.8
chickpea,Rajasthan,Nagaur,2003,34.91,1022.92
chickpea,Rajasthan,Nagaur,2004,24.41,1047.11
chickpea,Rajasthan,Nagaur,2005,22.38,905.72
chickpea,Rajasthan,Nagaur,2006,17.45,1270.49
chickpea,Rajasthan,Nagaur,2007,21.49,664.5
chickpea,Rajasthan,Nagaur,2008,24.36,1701.15
chickpea,Rajasthan,Nagaur,2009,15.13,1288.17
chickpea,Rajasthan,Nagaur,2010,56.97,1195.01
chickpea,Rajasthan,Nagaur,2011,11.2,975.89
chickpea,Rajasthan,Nagaur,2012,46.52,985.38
chickpea,Rajasthan,Nagaur,2013,107.08,957.51
chickpea,Rajasthan,Nagaur,2014,22.99,652.89
chickpea,Rajasthan,Nagaur,2015,8.07,975.22
chickpea,Rajasthan,Nagaur,2016,46.59,828.63
chickpea,Rajasthan,Nagaur,2017,18.94,1110.14
chickpea,Rajasthan,Pali,2000,2.45,530.61
chickpea,Rajasthan,Pali,2001,14.2,845.77
chickpea,Rajasthan,Pali,2003,14.23,725.23
chickpea,Rajasthan,Pali,2004,5.1,272.55
chickpea,Rajasthan,Pali,2005,7.4,494.59
chickpea,Rajasthan,Pali,2006,34.29,830.85
chickpea,Rajasthan,Pali,2007,16.41,704.45
chickpea,Rajasthan,Pali,2008,6.6,1024.24
chickpea,Rajasthan,Pali,2010,54.51,735.46
chickpea,Rajasthan,Pali,2011,14.98,918.56
chickpea,Rajasthan,Pali,2012,34.27,1042.02
chickpea,Rajasthan,Pali,2013,61.47,906.13
chickpea,Rajasthan,Pali,2014,21.43,990.2
chickpea,Rajasthan,Pali,2015,24.37,1098.07
chickpea,Rajasthan,Pali,2016,75.0,1339.7
chickpea,Rajasthan,Pali,2017,100.02,1365.76
chickpea,Rajasthan,Swami Madhopur,2000,49.6,886.29
chickpea,Rajasthan,Swami Madhopur,2001,44.58,1476.67
chickpea,Rajasthan,Swami Madhopur,2002,10.34,1175.05
chickpea,Rajasthan,Swami Madhopur,2003,72.21,1043.62
chickpea,Rajasthan,Swami Madhopur,2004,18.07,821.8
chickpea,Rajasthan,Swami Madhopur,2005,8.03,975.09
chickpea,Rajasthan,Swami Madhopur,2006,10.05,1020.9
chickpea,Rajasthan,Swami Madhopur,2007,11.44,877.62
chickpea,Rajasthan,Swami Madhopur,2008,23.33,1203.17
chickpea,Rajasthan,Swami Madhopur,2009,47.95,1002.92
chickpea,Rajasthan,Swami Madhopur,2010,35.86,1400.17
chickpea,Rajasthan,Swami Madhopur,2011,33.06,1147.31
chickpea,Rajasthan,Swami Madhopur,2012,33.44,1269.74
chickpea,Rajasthan,Swami Madhopur,2013,30.38,1324.23
chickpea,Rajasthan,Swami Madhopur,2014,19.52,1257.68
chickpea,Rajasthan,Swami Madhopur,2015,15.16,982.85
chickpea,Rajasthan,Swami Madhopur,2016,24.62,1712.21
chickpea,Rajasthan,Swami Madhopur,2017,39.84,1560.47
chickpea,Rajasthan,Sikar,2000,50.17,1016.74
chickpea,Rajasthan,Sikar,2001,69.43,1146.91
chickpea,Rajasthan,Sikar,2002,49.89,1213.87
chickpea,Rajasthan,Sikar,2003,61.52,807.87
chickpea,Rajasthan,Sikar,2004,66.96,1067.35
chickpea,Rajasthan,Sikar,2005,43.1,923.67
chickpea,Rajasthan,Sikar,2006,32.71,1323.75
chickpea,Rajasthan,Sikar,2007,39.83,699.22
chickpea,Rajasthan,Sikar,2008,43.46,1168.66
chickpea,Rajasthan,Sikar,2009,31.36,960.46
chickpea,Rajasthan,Sikar,2010,84.84,1109.38
chickpea,Rajasthan,Sikar,2011,50.15,1206.98
chickpea,Rajasthan,Sikar,2012,42.16,1288.66
chickpea,Rajasthan,Sikar,2013,66.09,1123.32
chickpea,Rajasthan,Sikar,2014,40.7,1075.18
chickpea,Rajasthan,Sikar,2015,31.29,1253.44
chickpea,Rajasthan,Sikar,2016,38.46,1019.06
chickpea,Rajasthan,Sikar,2017,35.81,1198.26
chickpea,Rajasthan,Sirohi,2000,0.99,585.86
chickpea,Rajasthan,Sirohi,2001,3.71,757.41
chickpea,Rajasthan,Sirohi,2003,4.64,633.62
chickpea,Rajasthan,Sirohi,2004,2.18,747.71
chickpea,Rajasthan,Sirohi,2005,3.72,443.55
chickpea,Rajasthan,Sirohi,2006,5.93,991.57
chickpea,Rajasthan,Sirohi,2007,4.12,798.54
chickpea,Rajasthan,Sirohi,2008,1.67,491.02
chickpea,Rajasthan,Sirohi,2010,7.52,897.61
chickpea,Rajasthan,Sirohi,2011,5.4,588.89
chickpea,Rajasthan,Sirohi,2012,2.58,844.96
chickpea,Rajasthan,Sirohi,2013,5.87,1057.92
chickpea,Rajasthan,Sirohi,2014,0.88,636.36
chickpea,Rajasthan,Sirohi,2015,2.96,746.62
chickpea,Rajasthan,Sirohi,2016,4.99,729.73
chickpea,Rajasthan,Sirohi,2017,2.73,973.64
chickpea,Rajasthan,Tonk,2000,32.07,454.63
chickpea,Rajasthan,Tonk,2001,25.18,685.07
chickpea,Rajasthan,Tonk,2002,2.63,608.37
chickpea,Rajasthan,Tonk,2003,31.74,547.89
chickpea,Rajasthan,Tonk,2004,25.05,711.38
chickpea,Rajasthan,Tonk,2005,13.8,556.52
chickpea,Rajasthan,Tonk,2006,6.66,744.74
chickpea,Rajasthan,Tonk,2007,10.11,685.46
chickpea,Rajasthan,Tonk,2008,23.3,760.94
chickpea,Rajasthan,Tonk,2009,11.06,501.81
chickpea,Rajasthan,Tonk,2010,70.33,671.26
chickpea,Rajasthan,Tonk,2011,59.85,1024.73
chickpea,Rajasthan,Tonk,2012,58.58,1202.63
chickpea,Rajasthan,Tonk,2013,58.93,1154.42
chickpea,Rajasthan,Tonk,2014,49.82,761.34
chickpea,Rajasthan,Tonk,2015,15.83,1243.21
chickpea,Rajasthan,Tonk,2016,48.89,984.02
chickpea,Rajasthan,Tonk,2017,101.37,1064.95
chickpea,Rajasthan,Udaipur,2000,2.27,409.69
chickpea,Rajasthan,Udaipur,2001,8.6,516.28
chickpea,Rajasthan,Udaipur,2002,1.27,834.65
chickpea,Rajasthan,Udaipur,2003,10.03,1288.14
chickpea,Rajasthan,Udaipur,2004,14.0,962.14
chickpea,Rajasthan,Udaipur,2005,14.54,1079.09
chickpea,Rajasthan,Udaipur,2006,17.58,1056.31
chickpea,Rajasthan,Udaipur,2007,15.14,919.42
chickpea,Rajasthan,Udaipur,2008,20.02,888.8
chickpea,Rajasthan,Udaipur,2009,13.01,1050.6
chickpea,Rajasthan,Udaipur,2010,20.18,1169.02
chickpea,Rajasthan,Udaipur,2011,17.08,1067.05
chickpea,Rajasthan,Udaipur,2012,15.87,948.92
chickpea,Rajasthan,Udaipur,2013,20.39,1083.55
chickpea,Rajasthan,Udaipur,2014,16.35,1030.01
chickpea,Rajasthan,Udaipur,2015,14.08,1137.57
chickpea,Rajasthan,Udaipur,2016,14.87,1372.78
chickpea,Rajasthan,Udaipur,2017,16.68,1212.74
chickpea,Punjab,Gurdaspur,2009,1.0,1000.0
chickpea,Punjab,Amritsar,2000,0.5,1000.0
chickpea,Punjab,Amritsar,2001,0.5,800.0
chickpea,Punjab,Hoshiarpur,2002,0.5,800.0
chickpea,Punjab,Hoshiarpur,2009,4.0,750.0
chickpea,Punjab,Roopnagar / Ropar,2009,1.5,1000.0
chickpea,Punjab,Ferozpur,2000,2.79,1134.15
chickpea,Punjab,Ferozpur,2001,2.74,844.53
chickpea,Punjab,Ferozpur,2002,2.59,914.22
chickpea,Punjab,Ferozpur,2003,2.12,1034.94
chickpea,Punjab,Ferozpur,2004,1.74,900.23
chickpea,Punjab,Ferozpur,2005,1.67,1059.88
chickpea,Punjab,Ferozpur,2006,1.67,955.69
chickpea,Punjab,Ferozpur,2007,1.5,1066.84
chickpea,Punjab,Ferozpur,2008,1.6,1218.05
chickpea,Punjab,Ferozpur,2009,14.48,1240.33
chickpea,Punjab,Ferozpur,2010,1.25,1379.81
chickpea,Punjab,Ferozpur,2011,1.07,1279.33
chickpea,Punjab,Ferozpur,2012,1.45,1414.36
chickpea,Punjab,Ferozpur,2013,1.25,1270.03
chickpea,Punjab,Ferozpur,2014,1.05,1071.37
chickpea,Punjab,Ferozpur,2015,0.87,1357.21
chickpea,Punjab,Ferozpur,2016,0.97,1383.98
chickpea,Punjab,Ferozpur,2017,1.17,1085.18
chickpea,Punjab,Bhatinda,2000,2.11,775.57
chickpea,Punjab,Bhatinda,2001,1.46,675.34
chickpea,Punjab,Bhatinda,2002,1.41,1015.58
chickpea,Punjab,Bhatinda,2003,1.78,790.12
chickpea,Punjab,Bhatinda,2004,1.06,785.98
chickpea,Punjab,Bhatinda,2005,0.83,879.52
chickpea,Punjab,Bhatinda,2006,0.83,1209.64
chickpea,Punjab,Bhatinda,2007,0.5,1000.0
chickpea,Punjab,Bhatinda,2008,0.5,1103.17
chickpea,Punjab,Bhatinda,2009,5.52,1275.36
chickpea,Punjab,Sangrur,2000,0.9,1333.33
chickpea,Punjab,Sangrur,2001,0.81,1371.29
chickpea,Punjab,Sangrur,2002,0.81,1000.0
chickpea,Punjab,Sangrur,2003,0.6,1166.67
chickpea,Punjab,Sangrur,2004,0.6,1500.0
chickpea,Punjab,Sangrur,2006,0.5,1000.0
chickpea,Punjab,Sangrur,2009,3.0,1000.0
chickpea,Punjab,Patiala,2009,0.5,1000.0
chickpea,Haryana,Hissar,2000,80.13,598.03
chickpea,Haryana,Hissar,2001,93.18,869.2
chickpea,Haryana,Hissar,2002,31.89,732.54
chickpea,Haryana,Hissar,2003,78.33,781.87
chickpea,Haryana,Hissar,2004,77.06,849.54
chickpea,Haryana,Hissar,2005,91.6,540.74
chickpea,Haryana,Hissar,2006,74.83,811.98
chickpea,Haryana,Hissar,2007,72.54,506.23
chickpea,Haryana,Hissar,2008,85.73,1022.3
chickpea,Haryana,Hissar,2009,60.55,740.2
chickpea,Haryana,Hissar,2010,77.71,976.21
chickpea,Haryana,Hissar,2011,55.3,919.0
chickpea,Haryana,Hissar,2012,29.86,1091.36
chickpea,Haryana,Hissar,2013,53.24,844.85
chickpea,Haryana,Hissar,2014,45.4,655.29
chickpea,Haryana,Hissar,2015,32.61,638.15
chickpea,Haryana,Hissar,2016,19.97,1209.63
chickpea,Haryana,Hissar,2017,21.5,1167.22
chickpea,Haryana,Gurgaon,2000,0.9,1111.11
chickpea,Haryana,Gurgaon,2001,1.6,625.0
chickpea,Haryana,Gurgaon,2002,0.7,1428.57
chickpea,Haryana,Gurgaon,2003,1.9,1052.63
chickpea,Haryana,Gurgaon,2004,1.01,990.1
chickpea,Haryana,Gurgaon,2005,0.94,1063.83
chickpea,Haryana,Gurgaon,2006,0.9,1111.11
chickpea,Haryana,Gurgaon,2007,0.9,1111.11
chickpea,Haryana,Gurgaon,2008,0.8,1250.0
chickpea,Haryana,Gurgaon,2009,0.7,1428.57
chickpea,Haryana,Gurgaon,2013,1.0,1000.0
chickpea,Haryana,Jind,2000,0.85,1170.96
chickpea,Haryana,Jind,2001,0.89,1123.6
chickpea,Haryana,Jind,2002,0.65,1529.05
chickpea,Haryana,Jind,2003,0.65,1529.05
chickpea,Haryana,Jind,2005,0.73,1377.41
chickpea,Haryana,Jind,2006,0.54,1865.67
chickpea,Haryana,Mahendragarh / Narnaul,2000,35.25,679.37
chickpea,Haryana,Mahendragarh / Narnaul,2001,38.49,828.22
chickpea,Haryana,Mahendragarh / Narnaul,2002,15.17,701.29
chickpea,Haryana,Mahendragarh / Narnaul,2003,36.19,846.3
chickpea,Haryana,Mahendragarh / Narnaul,2004,25.4,808.34
chickpea,Haryana,Mahendragarh / Narnaul,2005,32.0,514.74
chickpea,Haryana,Mahendragarh / Narnaul,2006,27.96,902.78
chickpea,Haryana,Mahendragarh / Narnaul,2007,30.94,461.57
chickpea,Haryana,Mahendragarh / Narnaul,2008,33.26,1093.24
chickpea,Haryana,Mahendragarh / Narnaul,2009,20.24,700.73
chickpea,Haryana,Mahendragarh / Narnaul,2010,30.88,1008.48
chickpea,Haryana,Mahendragarh / Narnaul,2011,21.1,956.35
chickpea,Haryana,Mahendragarh / Narnaul,2012,15.01,1226.16
chickpea,Haryana,Mahendragarh / Narnaul,2013,26.76,897.61
chickpea,Haryana,Mahendragarh / Narnaul,2014,18.6,604.84
chickpea,Haryana,Mahendragarh / Narnaul,2015,9.09,570.96
chickpea,Haryana,Mahendragarh / Narnaul,2016,16.03,1244.15
chickpea,Haryana,Mahendragarh / Narnaul,2017,9.1,978.45
chickpea,Haryana,Ambala,2000,1.3,769.23
chickpea,Haryana,Ambala,2001,0.7,1428.57
chickpea,Haryana,Ambala,2002,1.0,1000.0
chickpea,Haryana,Ambala,2003,0.8,1250.0
chickpea,Haryana,Ambala,2004,1.02,980.39
chickpea,Haryana,Ambala,2005,0.93,1075.27
chickpea,Haryana,Ambala,2008,0.9,1111.11
chickpea,Haryana,Karnal,2000,0.95,1057.08
chickpea,Haryana,Rohtak,2000,5.12,807.11
chickpea,Haryana,Rohtak,2001,6.53,938.74
chickpea,Haryana,Rohtak,2002,4.34,921.87
chickpea,Haryana,Rohtak,2003,4.28,964.5
chickpea,Haryana,Rohtak,2004,2.35,852.04
chickpea,Haryana,Rohtak,2005,3.07,978.47
chickpea,Haryana,Rohtak,2006,2.21,903.75
chickpea,Haryana,Rohtak,2007,1.43,1402.52
chickpea,Haryana,Rohtak,2008,1.71,1167.54
chickpea,Haryana,Rohtak,2009,1.61,1239.93
chickpea,Haryana,Rohtak,2010,1.51,1321.88
chickpea,Haryana,Rohtak,2011,1.3,769.23
chickpea,Haryana,Rohtak,2012,1.2,1661.27
chickpea,Haryana,Rohtak,2013,2.0,1000.0
chickpea,Haryana,Rohtak,2017,0.6,1333.33
chickpea,Uttar Pradesh,Saharanpur,2005,0.84,809.52
chickpea,Uttar Pradesh,Aligarh,2000,1.83,1153.01
chickpea,Uttar Pradesh,Aligarh,2001,1.85,1200.0
chickpea,Uttar Pradesh,Aligarh,2002,1.28,960.94
chickpea,Uttar Pradesh,Aligarh,2003,0.81,1370.37
chickpea,Uttar Pradesh,Aligarh,2004,0.64,1109.38
chickpea,Uttar Pradesh,Mathura,2004,1.25,1120.0
chickpea,Uttar Pradesh,Agra,2000,10.84,1155.27
chickpea,Uttar Pradesh,Agra,2001,11.12,1175.77
chickpea,Uttar Pradesh,Agra,2002,7.79,1022.28
chickpea,Uttar Pradesh,Agra,2003,7.14,1323.67
chickpea,Uttar Pradesh,Agra,2004,7.21,1207.57
chickpea,Uttar Pradesh,Agra,2005,4.62,1288.27
chickpea,Uttar Pradesh,Agra,2006,3.0,797.31
chickpea,Uttar Pradesh,Agra,2007,1.85,1356.86
chickpea,Uttar Pradesh,Agra,2008,1.85,998.17
chickpea,Uttar Pradesh,Agra,2009,1.74,825.67
chickpea,Uttar Pradesh,Agra,2010,1.43,1854.72
chickpea,Uttar Pradesh,Agra,2011,1.13,1522.15
chickpea,Uttar Pradesh,Agra,2012,1.74,1800.39
chickpea,Uttar Pradesh,Agra,2013,1.65,1888.23
chickpea,Uttar Pradesh,Agra,2014,0.69,1131.05
chickpea,Uttar Pradesh,Agra,2015,0.62,713.46
chickpea,Uttar Pradesh,Agra,2016,2.69,1869.59
chickpea,Uttar Pradesh,Agra,2017,1.13,1900.56
chickpea,Uttar Pradesh,Mainpuri,2000,2.83,1154.38
chickpea,Uttar Pradesh,Mainpuri,2001,3.6,1193.18
chickpea,Uttar Pradesh,Mainpuri,2002,2.72,869.85
chickpea,Uttar Pradesh,Mainpuri,2003,2.35,1437.68
chickpea,Uttar Pradesh,Mainpuri,2004,1.21,1126.72
chickpea,Uttar Pradesh,Mainpuri,2005,2.05,1277.14
chickpea,Uttar Pradesh,Mainpuri,2006,1.98,791.95
chickpea,Uttar Pradesh,Mainpuri,2007,1.63,1349.6
chickpea,Uttar Pradesh,Mainpuri,2008,1.39,995.24
chickpea,Uttar Pradesh,Mainpuri,2009,1.26,828.05
chickpea,Uttar Pradesh,Mainpuri,2010,1.1,1816.27
chickpea,Uttar Pradesh,Mainpuri,2011,1.22,1516.35
chickpea,Uttar Pradesh,Mainpuri,2012,1.19,1804.47
chickpea,Uttar Pradesh,Mainpuri,2013,1.6,1884.03
chickpea,Uttar Pradesh,Mainpuri,2014,1.12,1124.62
chickpea,Uttar Pradesh,Mainpuri,2015,1.25,710.13
chickpea,Uttar Pradesh,Mainpuri,2016,1.24,1869.62
chickpea,Uttar Pradesh,Mainpuri,2017,0.86,1900.19
chickpea,Uttar Pradesh,Etah,2000,5.41,1155.27
chickpea,Uttar Pradesh,Etah,2001,2.13,1248.83
chickpea,Uttar Pradesh,Etah,2002,1.52,809.21
chickpea,Uttar Pradesh,Etah,2003,1.22,1368.85
chickpea,Uttar Pradesh,Etah,2004,1.03,1126.21
chickpea,Uttar Pradesh,Etah,2005,0.86,1279.07
chickpea,Uttar Pradesh,Etah,2006,0.95,789.47
chickpea,Uttar Pradesh,Etah,2007,0.96,1354.17
chickpea,Uttar Pradesh,Etah,2008,0.91,989.01
chickpea,Uttar Pradesh,Etah,2009,0.77,818.18
chickpea,Uttar Pradesh,Etah,2010,0.54,870.37
chickpea,Uttar Pradesh,Etah,2011,0.65,1184.62
chickpea,Uttar Pradesh,Etah,2012,0.75,1106.67
chickpea,Uttar Pradesh,Budaun,2001,0.54,1000.0
chickpea,Uttar Pradesh,Shahjahanpur,2000,0.56,857.14
chickpea,Uttar Pradesh,Shahjahanpur,2002,0.67,910.45
chickpea,Uttar Pradesh,Shahjahanpur,2004,0.67,910.45
chickpea,Uttar Pradesh,Farrukhabad,2000,4.22,1279.62
chickpea,Uttar Pradesh,Farrukhabad,2001,4.18,1220.1
chickpea,Uttar Pradesh,Farrukhabad,2002,3.57,1254.9
chickpea,Uttar Pradesh,Farrukhabad,2003,3.55,1261.97
chickpea,Uttar Pradesh,Farrukhabad,2004,2.32,1146.55
chickpea,Uttar Pradesh,Farrukhabad,2005,3.08,1373.38
chickpea,Uttar Pradesh,Farrukhabad,2006,2.53,1201.58
chickpea,Uttar Pradesh,Farrukhabad,2007,1.91,1219.9
chickpea,Uttar Pradesh,Farrukhabad,2008,1.72,1488.37
chickpea,Uttar Pradesh,Farrukhabad,2009,1.54,1220.78
chickpea,Uttar Pradesh,Farrukhabad,2010,1.83,1519.13
chickpea,Uttar Pradesh,Farrukhabad,2011,1.78,1539.33
chickpea,Uttar Pradesh,Farrukhabad,2012,1.7,1364.71
chickpea,Uttar Pradesh,Farrukhabad,2013,1.74,609.2
chickpea,Uttar Pradesh,Farrukhabad,2014,1.48,412.16
chickpea,Uttar Pradesh,Farrukhabad,2015,1.34,925.37
chickpea,Uttar Pradesh,Farrukhabad,2016,1.73,1303.07
chickpea,Uttar Pradesh,Farrukhabad,2017,1.5,1679.6
chickpea,Uttar Pradesh,Etawah,2000,12.17,1253.9
chickpea,Uttar Pradesh,Etawah,2001,14.97,1158.32
chickpea,Uttar Pradesh,Etawah,2002,15.76,1229.7
chickpea,Uttar Pradesh,Etawah,2003,14.84,1177.22
chickpea,Uttar Pradesh,Etawah,2004,15.66,1124.52
chickpea,Uttar Pradesh,Etawah,2005,12.54,1122.81
chickpea,Uttar Pradesh,Etawah,2006,11.71,1095.64
chickpea,Uttar Pradesh,Etawah,2007,9.26,1152.27
chickpea,Uttar Pradesh,Etawah,2008,8.01,1599.25
chickpea,Uttar Pradesh,Etawah,2009,8.28,1272.95
chickpea,Uttar Pradesh,Etawah,2010,7.77,1482.63
chickpea,Uttar Pradesh,Etawah,2011,7.04,1637.78
chickpea,Uttar Pradesh,Etawah,2012,7.27,1397.52
chickpea,Uttar Pradesh,Etawah,2013,6.53,730.47
chickpea,Uttar Pradesh,Etawah,2014,5.6,492.86
chickpea,Uttar Pradesh,Etawah,2015,4.85,1142.27
chickpea,Uttar Pradesh,Etawah,2016,6.44,1391.89
chickpea,Uttar Pradesh,Etawah,2017,7.1,1683.48
chickpea,Uttar Pradesh,Kanpur,2000,47.39,1249.84
chickpea,Uttar Pradesh,Kanpur,2001,44.51,1216.36
chickpea,Uttar Pradesh,Kanpur,2002,44.67,1360.64
chickpea,Uttar Pradesh,Kanpur,2003,42.82,1276.27
chickpea,Uttar Pradesh,Kanpur,2004,46.72,1093.11
chickpea,Uttar Pradesh,Kanpur,2005,43.16,1448.33
chickpea,Uttar Pradesh,Kanpur,2006,43.0,1203.72
chickpea,Uttar Pradesh,Kanpur,2007,42.11,1214.44
chickpea,Uttar Pradesh,Kanpur,2008,42.01,1452.04
chickpea,Uttar Pradesh,Kanpur,2009,41.84,1200.76
chickpea,Uttar Pradesh,Kanpur,2010,40.61,1531.89
chickpea,Uttar Pradesh,Kanpur,2011,40.06,1506.24
chickpea,Uttar Pradesh,Kanpur,2012,38.66,1328.76
chickpea,Uttar Pradesh,Kanpur,2013,31.97,628.4
chickpea,Uttar Pradesh,Kanpur,2014,37.99,471.44
chickpea,Uttar Pradesh,Kanpur,2015,32.9,913.37
chickpea,Uttar Pradesh,Kanpur,2016,38.25,1301.89
chickpea,Uttar Pradesh,Kanpur,2017,38.39,1756.69
chickpea,Uttar Pradesh,Fatehpur,2000,44.5,931.46
chickpea,Uttar Pradesh,Fatehpur,2001,45.03,1104.82
chickpea,Uttar Pradesh,Fatehpur,2002,45.88,1190.71
chickpea,Uttar Pradesh,Fatehpur,2003,45.38,1227.85
chickpea,Uttar Pradesh,Fatehpur,2004,46.66,979.21
chickpea,Uttar Pradesh,Fatehpur,2005,50.12,1046.29
chickpea,Uttar Pradesh,Fatehpur,2006,49.96,997.4
chickpea,Uttar Pradesh,Fatehpur,2007,47.46,907.92
chickpea,Uttar Pradesh,Fatehpur,2008,46.71,1192.04
chickpea,Uttar Pradesh,Fatehpur,2009,45.6,975.0
chickpea,Uttar Pradesh,Fatehpur,2010,44.73,1154.26
chickpea,Uttar Pradesh,Fatehpur,2011,42.9,1312.59
chickpea,Uttar Pradesh,Fatehpur,2012,43.38,1248.5
chickpea,Uttar Pradesh,Fatehpur,2013,41.69,434.88
chickpea,Uttar Pradesh,Fatehpur,2014,41.94,182.64
chickpea,Uttar Pradesh,Fatehpur,2015,33.91,572.99
chickpea,Uttar Pradesh,Fatehpur,2016,44.68,1279.61
chickpea,Uttar Pradesh,Fatehpur,2017,42.14,1611.75
chickpea,Uttar Pradesh,Allahabad,2000,56.1,922.99
chickpea,Uttar Pradesh,Allahabad,2001,37.05,911.47
chickpea,Uttar Pradesh,Allahabad,2002,37.22,908.92
chickpea,Uttar Pradesh,Allahabad,2003,34.23,1035.35
chickpea,Uttar Pradesh,Allahabad,2004,29.25,989.74
chickpea,Uttar Pradesh,Allahabad,2005,32.08,1095.07
chickpea,Uttar Pradesh,Allahabad,2006,29.9,970.9
chickpea,Uttar Pradesh,Allahabad,2007,29.13,981.12
chickpea,Uttar Pradesh,Allahabad,2008,28.45,1097.72
chickpea,Uttar Pradesh,Allahabad,2009,28.59,765.65
chickpea,Uttar Pradesh,Allahabad,2010,27.95,1045.8
chickpea,Uttar Pradesh,Allahabad,2011,28.01,1173.87
chickpea,Uttar Pradesh,Allahabad,2012,28.55,1059.19
chickpea,Uttar Pradesh,Allahabad,2013,23.49,591.32
chickpea,Uttar Pradesh,Allahabad,2014,30.23,280.85
chickpea,Uttar Pradesh,Allahabad,2015,19.26,592.94
chickpea,Uttar Pradesh,Allahabad,2016,27.98,1019.34
chickpea,Uttar Pradesh,Allahabad,2017,17.56,1384.22
chickpea,Uttar Pradesh,Jhansi,2000,116.24,826.57
chickpea,Uttar Pradesh,Jhansi,2001,138.41,1031.21
chickpea,Uttar Pradesh,Jhansi,2002,139.83,830.29
chickpea,Uttar Pradesh,Jhansi,2003,115.85,1026.07
chickpea,Uttar Pradesh,Jhansi,2004,108.54,1008.38
chickpea,Uttar Pradesh,Jhansi,2005,71.61,908.11
chickpea,Uttar Pradesh,Jhansi,2006,71.7,814.64
chickpea,Uttar Pradesh,Jhansi,2007,47.6,761.34
chickpea,Uttar Pradesh,Jhansi,2008,68.77,1077.65
chickpea,Uttar Pradesh,Jhansi,2009,67.37,1089.8
chickpea,Uttar Pradesh,Jhansi,2010,64.96,1006.93
chickpea,Uttar Pradesh,Jhansi,2011,73.25,1260.89
chickpea,Uttar Pradesh,Jhansi,2012,83.14,1218.91
chickpea,Uttar Pradesh,Jhansi,2013,74.07,329.82
chickpea,Uttar Pradesh,Jhansi,2014,64.11,411.32
chickpea,Uttar Pradesh,Jhansi,2015,23.5,637.45
chickpea,Uttar Pradesh,Jhansi,2016,96.23,1291.79
chickpea,Uttar Pradesh,Jhansi,2017,42.86,1100.63
chickpea,Uttar Pradesh,Jalaun,2000,84.49,722.1
chickpea,Uttar Pradesh,Jalaun,2001,89.83,1254.48
chickpea,Uttar Pradesh,Jalaun,2002,87.91,1066.66
chickpea,Uttar Pradesh,Jalaun,2003,69.66,1197.39
chickpea,Uttar Pradesh,Jalaun,2004,62.27,1084.47
chickpea,Uttar Pradesh,Jalaun,2005,51.49,979.22
chickpea,Uttar Pradesh,Jalaun,2006,47.92,656.09
chickpea,Uttar Pradesh,Jalaun,2007,36.4,593.13
chickpea,Uttar Pradesh,Jalaun,2008,45.11,1138.11
chickpea,Uttar Pradesh,Jalaun,2009,42.59,963.37
chickpea,Uttar Pradesh,Jalaun,2010,39.23,1146.32
chickpea,Uttar Pradesh,Jalaun,2011,42.01,1324.68
chickpea,Uttar Pradesh,Jalaun,2012,37.73,1375.83
chickpea,Uttar Pradesh,Jalaun,2013,39.65,744.51
chickpea,Uttar Pradesh,Jalaun,2014,36.15,324.76
chickpea,Uttar Pradesh,Jalaun,2015,37.08,419.63
chickpea,Uttar Pradesh,Jalaun,2016,43.38,1204.86
chickpea,Uttar Pradesh,Jalaun,2017,13.72,1412.4
chickpea,Uttar Pradesh,Hamirpur,2000,142.05,646.81
chickpea,Uttar Pradesh,Hamirpur,2001,166.68,838.07
chickpea,Uttar Pradesh,Hamirpur,2002,188.9,740.44
chickpea,Uttar Pradesh,Hamirpur,2003,171.32,917.46
chickpea,Uttar Pradesh,Hamirpur,2004,144.99,764.6
chickpea,Uttar Pradesh,Hamirpur,2005,151.94,721.8
chickpea,Uttar Pradesh,Hamirpur,2006,153.82,600.38
chickpea,Uttar Pradesh,Hamirpur,2007,109.81,468.54
chickpea,Uttar Pradesh,Hamirpur,2008,151.69,928.93
chickpea,Uttar Pradesh,Hamirpur,2009,144.58,683.29
chickpea,Uttar Pradesh,Hamirpur,2010,140.39,751.05
chickpea,Uttar Pradesh,Hamirpur,2011,143.89,1009.31
chickpea,Uttar Pradesh,Hamirpur,2012,141.53,918.75
chickpea,Uttar Pradesh,Hamirpur,2013,142.21,403.77
chickpea,Uttar Pradesh,Hamirpur,2014,123.93,184.86
chickpea,Uttar Pradesh,Hamirpur,2015,38.88,376.8
chickpea,Uttar Pradesh,Hamirpur,2016,117.66,816.69
chickpea,Uttar Pradesh,Hamirpur,2017,119.83,879.15
chickpea,Uttar Pradesh,Banda,2000,144.1,745.32
chickpea,Uttar Pradesh,Banda,2001,159.96,750.25
chickpea,Uttar Pradesh,Banda,2002,166.5,776.1
chickpea,Uttar Pradesh,Banda,2003,161.12,964.19
chickpea,Uttar Pradesh,Banda,2004,167.36,805.75
chickpea,Uttar Pradesh,Banda,2005,152.59,717.81
chickpea,Uttar Pradesh,Banda,2006,154.14,521.54
chickpea,Uttar Pradesh,Banda,2007,144.18,532.46
chickpea,Uttar Pradesh,Banda,2008,153.11,804.06
chickpea,Uttar Pradesh,Banda,2009,145.51,590.54
chickpea,Uttar Pradesh,Banda,2010,140.9,631.58
chickpea,Uttar Pradesh,Banda,2011,142.85,1099.83
chickpea,Uttar Pradesh,Banda,2012,144.56,1063.3
chickpea,Uttar Pradesh,Banda,2013,140.46,245.19
chickpea,Uttar Pradesh,Banda,2014,145.92,167.56
chickpea,Uttar Pradesh,Banda,2015,19.19,331.42
chickpea,Uttar Pradesh,Banda,2016,103.77,873.59
chickpea,Uttar Pradesh,Banda,2017,142.53,961.36
chickpea,Uttar Pradesh,Varanasi,2000,8.0,905.0
chickpea,Uttar Pradesh,Varanasi,2001,6.68,1047.9
chickpea,Uttar Pradesh,Varanasi,2002,6.35,806.3
chickpea,Uttar Pradesh,Varanasi,2003,5.62,1341.64
chickpea,Uttar Pradesh,Varanasi,2004,9.11,1071.35
chickpea,Uttar Pradesh,Varanasi,2005,4.74,909.28
chickpea,Uttar Pradesh,Varanasi,2006,4.93,801.22
chickpea,Uttar Pradesh,Varanasi,2007,4.77,813.42
chickpea,Uttar Pradesh,Varanasi,2008,4.71,1027.6
chickpea,Uttar Pradesh,Varanasi,2009,4.91,904.28
chickpea,Uttar Pradesh,Varanasi,2010,4.82,958.51
chickpea,Uttar Pradesh,Varanasi,2011,4.76,1210.08
chickpea,Uttar Pradesh,Varanasi,2012,4.65,1139.78
chickpea,Uttar Pradesh,Varanasi,2013,3.81,939.63
chickpea,Uttar Pradesh,Varanasi,2014,4.18,665.07
chickpea,Uttar Pradesh,Varanasi,2015,4.42,1000.0
chickpea,Uttar Pradesh,Varanasi,2016,4.86,1392.39
chickpea,Uttar Pradesh,Varanasi,2017,3.59,1372.56
chickpea,Uttar Pradesh,Mirzpur,2000,29.14,758.41
chickpea,Uttar Pradesh,Mirzpur,2001,29.17,932.12
chickpea,Uttar Pradesh,Mirzpur,2002,30.53,1027.19
chickpea,Uttar Pradesh,Mirzpur,2003,29.48,1055.29
chickpea,Uttar Pradesh,Mirzpur,2004,26.24,905.87
chickpea,Uttar Pradesh,Mirzpur,2005,23.1,800.43
chickpea,Uttar Pradesh,Mirzpur,2006,25.47,1007.46
chickpea,Uttar Pradesh,Mirzpur,2007,25.39,940.13
chickpea,Uttar Pradesh,Mirzpur,2008,24.77,925.72
chickpea,Uttar Pradesh,Mirzpur,2009,25.09,940.22
chickpea,Uttar Pradesh,Mirzpur,2010,24.72,1029.53
chickpea,Uttar Pradesh,Mirzpur,2011,24.6,1064.63
chickpea,Uttar Pradesh,Mirzpur,2012,24.66,1176.8
chickpea,Uttar Pradesh,Mirzpur,2013,20.59,1077.22
chickpea,Uttar Pradesh,Mirzpur,2014,23.89,979.91
chickpea,Uttar Pradesh,Mirzpur,2015,22.14,781.84
chickpea,Uttar Pradesh,Mirzpur,2016,25.15,1179.57
chickpea,Uttar Pradesh,Mirzpur,2017,25.1,1399.79
chickpea,Uttar Pradesh,Jaunpur,2000,9.13,962.76
chickpea,Uttar Pradesh,Jaunpur,2001,9.23,1347.78
chickpea,Uttar Pradesh,Jaunpur,2002,6.94,987.03
chickpea,Uttar Pradesh,Jaunpur,2003,6.66,1279.28
chickpea,Uttar Pradesh,Jaunpur,2004,3.78,783.07
chickpea,Uttar Pradesh,Jaunpur,2005,5.64,955.67
chickpea,Uttar Pradesh,Jaunpur,2006,5.68,786.97
chickpea,Uttar Pradesh,Jaunpur,2007,5.16,806.2
chickpea,Uttar Pradesh,Jaunpur,2008,5.11,1060.67
chickpea,Uttar Pradesh,Jaunpur,2009,5.09,897.84
chickpea,Uttar Pradesh,Jaunpur,2010,5.06,958.5
chickpea,Uttar Pradesh,Jaunpur,2011,4.94,1242.91
chickpea,Uttar Pradesh,Jaunpur,2012,4.93,1150.1
chickpea,Uttar Pradesh,Jaunpur,2013,5.13,937.62
chickpea,Uttar Pradesh,Jaunpur,2014,4.66,650.21
chickpea,Uttar Pradesh,Jaunpur,2015,1.79,1776.54
chickpea,Uttar Pradesh,Jaunpur,2016,5.05,2271.67
chickpea,Uttar Pradesh,Jaunpur,2017,5.05,1481.0
chickpea,Uttar Pradesh,Ghazipur,2000,9.36,923.08
chickpea,Uttar Pradesh,Ghazipur,2001,5.98,974.92
chickpea,Uttar Pradesh,Ghazipur,2002,6.01,841.93
chickpea,Uttar Pradesh,Ghazipur,2003,4.77,937.11
chickpea,Uttar Pradesh,Ghazipur,2004,6.76,730.77
chickpea,Uttar Pradesh,Ghazipur,2005,4.2,954.76
chickpea,Uttar Pradesh,Ghazipur,2006,4.28,787.38
chickpea,Uttar Pradesh,Ghazipur,2007,4.22,805.69
chickpea,Uttar Pradesh,Ghazipur,2008,4.2,1061.9
chickpea,Uttar Pradesh,Ghazipur,2009,4.22,898.1
chickpea,Uttar Pradesh,Ghazipur,2010,4.2,957.14
chickpea,Uttar Pradesh,Ghazipur,2011,4.18,1244.02
chickpea,Uttar Pradesh,Ghazipur,2012,4.3,1148.84
chickpea,Uttar Pradesh,Ghazipur,2013,4.3,939.53
chickpea,Uttar Pradesh,Ghazipur,2014,3.96,1292.93
chickpea,Uttar Pradesh,Ghazipur,2015,2.48,1560.48
chickpea,Uttar Pradesh,Ghazipur,2016,5.4,2442.3
chickpea,Uttar Pradesh,Ghazipur,2017,4.26,1732.82
chickpea,Uttar Pradesh,Ballia,2000,7.73,1360.93
chickpea,Uttar Pradesh,Ballia,2001,5.18,905.41
chickpea,Uttar Pradesh,Ballia,2002,4.71,900.21
chickpea,Uttar Pradesh,Ballia,2003,3.59,1161.56
chickpea,Uttar Pradesh,Ballia,2004,3.58,1237.43
chickpea,Uttar Pradesh,Ballia,2005,3.21,881.62
chickpea,Uttar Pradesh,Ballia,2006,3.45,814.49
chickpea,Uttar Pradesh,Ballia,2007,3.15,1006.35
chickpea,Uttar Pradesh,Ballia,2008,3.26,1003.07
chickpea,Uttar Pradesh,Ballia,2009,3.43,927.11
chickpea,Uttar Pradesh,Ballia,2010,3.24,1219.14
chickpea,Uttar Pradesh,Ballia,2011,3.2,1312.5
chickpea,Uttar Pradesh,Ballia,2012,2.99,1662.21
chickpea,Uttar Pradesh,Ballia,2013,3.28,795.73
chickpea,Uttar Pradesh,Ballia,2014,1.55,1419.35
chickpea,Uttar Pradesh,Ballia,2015,1.19,924.37
chickpea,Uttar Pradesh,Ballia,2016,3.21,1762.01
chickpea,Uttar Pradesh,Ballia,2017,3.34,1677.45
chickpea,Uttar Pradesh,Gorakhpur,2000,1.52,789.47
chickpea,Uttar Pradesh,Gorakhpur,2001,1.42,894.37
chickpea,Uttar Pradesh,Gorakhpur,2002,1.14,833.33
chickpea,Uttar Pradesh,Gorakhpur,2003,0.97,927.84
chickpea,Uttar Pradesh,Gorakhpur,2004,0.75,813.33
chickpea,Uttar Pradesh,Gorakhpur,2005,0.67,865.67
chickpea,Uttar Pradesh,Gorakhpur,2006,0.63,730.16
chickpea,Uttar Pradesh,Gorakhpur,2009,0.58,758.62
chickpea,Uttar Pradesh,Gorakhpur,2010,0.58,948.28
chickpea,Uttar Pradesh,Gorakhpur,2011,0.57,1070.18
chickpea,Uttar Pradesh,Gorakhpur,2012,0.51,941.18
chickpea,Uttar Pradesh,Gorakhpur,2013,1.1,654.55
chickpea,Uttar Pradesh,Gorakhpur,2014,0.88,363.64
chickpea,Uttar Pradesh,Gorakhpur,2016,0.55,1023.51
chickpea,Uttar Pradesh,Basti,2000,8.27,1165.66
chickpea,Uttar Pradesh,Basti,2001,6.68,869.76
chickpea,Uttar Pradesh,Basti,2002,4.24,556.6
chickpea,Uttar Pradesh,Basti,2003,3.01,176.08
chickpea,Uttar Pradesh,Basti,2004,3.67,912.81
chickpea,Uttar Pradesh,Basti,2005,2.44,889.34
chickpea,Uttar Pradesh,Basti,2006,2.7,729.63
chickpea,Uttar Pradesh,Basti,2007,2.25,706.67
chickpea,Uttar Pradesh,Basti,2008,2.28,995.61
chickpea,Uttar Pradesh,Basti,2009,2.15,818.6
chickpea,Uttar Pradesh,Basti,2010,1.52,888.16
chickpea,Uttar Pradesh,Basti,2011,1.37,1175.18
chickpea,Uttar Pradesh,Basti,2012,1.23,1105.69
chickpea,Uttar Pradesh,Basti,2013,1.19,428.57
chickpea,Uttar Pradesh,Basti,2014,1.66,301.2
chickpea,Uttar Pradesh,Basti,2015,0.9,611.11
chickpea,Uttar Pradesh,Basti,2016,1.29,1103.72
chickpea,Uttar Pradesh,Basti,2017,1.34,1071.43
chickpea,Uttar Pradesh,Azamgarh,2000,7.95,1266.67
chickpea,Uttar Pradesh,Azamgarh,2001,7.2,930.56
chickpea,Uttar Pradesh,Azamgarh,2002,6.63,898.94
chickpea,Uttar Pradesh,Azamgarh,2003,6.2,1161.29
chickpea,Uttar Pradesh,Azamgarh,2004,6.53,843.8
chickpea,Uttar Pradesh,Azamgarh,2005,5.25,1055.24
chickpea,Uttar Pradesh,Azamgarh,2006,5.11,1054.79
chickpea,Uttar Pradesh,Azamgarh,2007,5.13,1272.9
chickpea,Uttar Pradesh,Azamgarh,2008,4.82,1236.51
chickpea,Uttar Pradesh,Azamgarh,2009,4.76,1033.61
chickpea,Uttar Pradesh,Azamgarh,2010,4.48,1216.52
chickpea,Uttar Pradesh,Azamgarh,2011,4.6,1313.04
chickpea,Uttar Pradesh,Azamgarh,2012,4.84,1663.22
chickpea,Uttar Pradesh,Azamgarh,2013,4.96,798.39
chickpea,Uttar Pradesh,Azamgarh,2014,4.24,1417.45
chickpea,Uttar Pradesh,Azamgarh,2015,1.48,932.43
chickpea,Uttar Pradesh,Azamgarh,2016,4.73,1637.48
chickpea,Uttar Pradesh,Azamgarh,2017,4.65,1052.05
chickpea,Uttar Pradesh,Lucknow,2000,2.74,948.91
chickpea,Uttar Pradesh,Lucknow,2001,2.48,939.52
chickpea,Uttar Pradesh,Lucknow,2002,2.33,914.16
chickpea,Uttar Pradesh,Lucknow,2003,2.23,869.96
chickpea,Uttar Pradesh,Lucknow,2004,2.16,972.22
chickpea,Uttar Pradesh,Lucknow,2005,2.04,1147.06
chickpea,Uttar Pradesh,Lucknow,2006,1.84,782.61
chickpea,Uttar Pradesh,Lucknow,2007,1.47,993.2
chickpea,Uttar Pradesh,Lucknow,2008,1.36,1132.35
chickpea,Uttar Pradesh,Lucknow,2009,1.31,854.96
chickpea,Uttar Pradesh,Lucknow,2010,1.19,613.45
chickpea,Uttar Pradesh,Lucknow,2011,1.0,1080.0
chickpea,Uttar Pradesh,Lucknow,2012,0.94,1180.85
chickpea,Uttar Pradesh,Lucknow,2013,1.17,478.63
chickpea,Uttar Pradesh,Lucknow,2014,0.65,538.46
chickpea,Uttar Pradesh,Lucknow,2015,0.62,500.0
chickpea,Uttar Pradesh,Lucknow,2016,0.88,750.85
chickpea,Uttar Pradesh,Lucknow,2017,0.93,942.18
chickpea,Uttar Pradesh,Unnao,2000,4.77,949.69
chickpea,Uttar Pradesh,Unnao,2001,4.71,938.43
chickpea,Uttar Pradesh,Unnao,2002,5.12,916.02
chickpea,Uttar Pradesh,Unnao,2003,5.0,866.0
chickpea,Uttar Pradesh,Unnao,2004,2.89,878.89
chickpea,Uttar Pradesh,Unnao,2005,4.75,1149.47
chickpea,Uttar Pradesh,Unnao,2006,4.56,780.7
chickpea,Uttar Pradesh,Unnao,2007,4.06,995.07
chickpea,Uttar Pradesh,Unnao,2008,3.99,1130.33
chickpea,Uttar Pradesh,Unnao,2009,4.04,851.49
chickpea,Uttar Pradesh,Unnao,2010,3.4,614.71
chickpea,Uttar Pradesh,Unnao,2011,3.22,1586.96
chickpea,Uttar Pradesh,Unnao,2012,3.07,1185.67
chickpea,Uttar Pradesh,Unnao,2013,3.04,473.68
chickpea,Uttar Pradesh,Unnao,2014,3.04,506.58
chickpea,Uttar Pradesh,Unnao,2015,1.85,778.38
chickpea,Uttar Pradesh,Unnao,2016,2.59,892.28
chickpea,Uttar Pradesh,Unnao,2017,2.97,1294.99
chickpea,Uttar Pradesh,Rae-Bareily,2000,8.87,1012.4
chickpea,Uttar Pradesh,Rae-Bareily,2001,7.22,1031.86
chickpea,Uttar Pradesh,Rae-Bareily,2002,6.81,841.41
chickpea,Uttar Pradesh,Rae-Bareily,2003,6.69,855.01
chickpea,Uttar Pradesh,Rae-Bareily,2004,6.77,1031.02
chickpea,Uttar Pradesh,Rae-Bareily,2005,6.83,1231.33
chickpea,Uttar Pradesh,Rae-Bareily,2006,6.78,812.68
chickpea,Uttar Pradesh,Rae-Bareily,2007,6.97,995.7
chickpea,Uttar Pradesh,Rae-Bareily,2008,6.43,1161.74
chickpea,Uttar Pradesh,Rae-Bareily,2009,6.03,928.69
chickpea,Uttar Pradesh,Rae-Bareily,2010,7.13,728.78
chickpea,Uttar Pradesh,Rae-Bareily,2011,6.66,1313.31
chickpea,Uttar Pradesh,Rae-Bareily,2012,5.9,1133.48
chickpea,Uttar Pradesh,Rae-Bareily,2013,7.22,471.42
chickpea,Uttar Pradesh,Rae-Bareily,2014,5.75,226.17
chickpea,Uttar Pradesh,Rae-Bareily,2015,5.91,136.59
chickpea,Uttar Pradesh,Rae-Bareily,2016,9.12,1010.51
chickpea,Uttar Pradesh,Rae-Bareily,2017,6.46,895.51
chickpea,Uttar Pradesh,Sitapur,2000,2.18,949.54
chickpea,Uttar Pradesh,Sitapur,2001,1.32,939.39
chickpea,Uttar Pradesh,Sitapur,2002,1.36,911.76
chickpea,Uttar Pradesh,Sitapur,2003,1.24,870.97
chickpea,Uttar Pradesh,Sitapur,2004,1.52,973.68
chickpea,Uttar Pradesh,Sitapur,2005,0.86,1151.16
chickpea,Uttar Pradesh,Sitapur,2006,0.76,776.32
chickpea,Uttar Pradesh,Sitapur,2007,0.68,1000.0
chickpea,Uttar Pradesh,Sitapur,2008,0.61,1131.15
chickpea,Uttar Pradesh,Sitapur,2009,0.85,847.06
chickpea,Uttar Pradesh,Sitapur,2010,0.56,625.0
chickpea,Uttar Pradesh,Sitapur,2011,0.92,1076.09
chickpea,Uttar Pradesh,Sitapur,2013,0.59,474.58
chickpea,Uttar Pradesh,Sitapur,2016,0.57,749.57
chickpea,Uttar Pradesh,Sitapur,2017,0.5,942.46
chickpea,Uttar Pradesh,Hardoi,2000,4.79,799.58
chickpea,Uttar Pradesh,Hardoi,2001,2.18,816.51
chickpea,Uttar Pradesh,Hardoi,2002,2.29,917.03
chickpea,Uttar Pradesh,Hardoi,2003,1.48,871.62
chickpea,Uttar Pradesh,Hardoi,2004,1.19,966.39
chickpea,Uttar Pradesh,Hardoi,2005,1.18,1152.54
chickpea,Uttar Pradesh,Hardoi,2006,0.84,785.71
chickpea,Uttar Pradesh,Hardoi,2007,0.69,985.51
chickpea,Uttar Pradesh,Hardoi,2008,0.69,1130.43
chickpea,Uttar Pradesh,Hardoi,2009,0.75,853.33
chickpea,Uttar Pradesh,Hardoi,2010,0.71,605.63
chickpea,Uttar Pradesh,Hardoi,2011,0.72,1083.33
chickpea,Uttar Pradesh,Hardoi,2012,0.74,1175.68
chickpea,Uttar Pradesh,Hardoi,2013,0.89,471.91
chickpea,Uttar Pradesh,Hardoi,2015,0.5,500.0
chickpea,Uttar Pradesh,Hardoi,2016,0.59,750.0
chickpea,Uttar Pradesh,Hardoi,2017,1.33,942.06
chickpea,Uttar Pradesh,Faizabad,2000,7.15,1179.02
chickpea,Uttar Pradesh,Faizabad,2001,5.05,1251.49
chickpea,Uttar Pradesh,Faizabad,2002,5.03,803.18
chickpea,Uttar Pradesh,Faizabad,2003,3.3,1118.18
chickpea,Uttar Pradesh,Faizabad,2004,6.08,774.67
chickpea,Uttar Pradesh,Faizabad,2005,2.98,895.97
chickpea,Uttar Pradesh,Faizabad,2006,3.05,740.98
chickpea,Uttar Pradesh,Faizabad,2007,2.61,1034.48
chickpea,Uttar Pradesh,Faizabad,2008,2.85,1028.07
chickpea,Uttar Pradesh,Faizabad,2009,2.74,1000.0
chickpea,Uttar Pradesh,Faizabad,2010,2.81,1156.58
chickpea,Uttar Pradesh,Faizabad,2011,2.86,1405.59
chickpea,Uttar Pradesh,Faizabad,2012,2.97,909.09
chickpea,Uttar Pradesh,Faizabad,2013,3.0,370.0
chickpea,Uttar Pradesh,Faizabad,2014,3.8,315.79
chickpea,Uttar Pradesh,Faizabad,2015,2.8,603.57
chickpea,Uttar Pradesh,Faizabad,2016,2.98,1791.55
chickpea,Uttar Pradesh,Faizabad,2017,2.91,753.61
chickpea,Uttar Pradesh,Gonda,2000,16.19,630.02
chickpea,Uttar Pradesh,Gonda,2001,5.01,638.72
chickpea,Uttar Pradesh,Gonda,2002,3.86,512.95
chickpea,Uttar Pradesh,Gonda,2003,4.56,679.82
chickpea,Uttar Pradesh,Gonda,2004,3.23,919.5
chickpea,Uttar Pradesh,Gonda,2005,4.19,904.53
chickpea,Uttar Pradesh,Gonda,2006,1.41,730.5
chickpea,Uttar Pradesh,Gonda,2007,2.02,722.77
chickpea,Uttar Pradesh,Gonda,2008,1.2,1000.0
chickpea,Uttar Pradesh,Gonda,2009,1.15,834.78
chickpea,Uttar Pradesh,Gonda,2010,1.15,886.96
chickpea,Uttar Pradesh,Gonda,2011,1.16,1172.41
chickpea,Uttar Pradesh,Gonda,2012,1.18,1110.17
chickpea,Uttar Pradesh,Gonda,2013,0.98,428.57
chickpea,Uttar Pradesh,Gonda,2014,1.07,299.07
chickpea,Uttar Pradesh,Gonda,2015,1.59,974.84
chickpea,Uttar Pradesh,Gonda,2016,1.34,1085.57
chickpea,Uttar Pradesh,Gonda,2017,1.12,1047.24
chickpea,Uttar Pradesh,Bahraich,2000,8.35,576.05
chickpea,Uttar Pradesh,Bahraich,2001,3.04,631.58
chickpea,Uttar Pradesh,Bahraich,2002,0.88,534.09
chickpea,Uttar Pradesh,Bahraich,2003,0.67,746.27
chickpea,Uttar Pradesh,Bahraich,2004,0.52,923.08
chickpea,Uttar Pradesh,Bahraich,2005,0.51,921.57
chickpea,Uttar Pradesh,Bahraich,2007,0.69,724.64
chickpea,Uttar Pradesh,Bahraich,2008,0.66,1015.15
chickpea,Uttar Pradesh,Sultanpur,2000,10.4,1177.88
chickpea,Uttar Pradesh,Sultanpur,2001,7.53,1284.2
chickpea,Uttar Pradesh,Sultanpur,2002,7.17,1001.39
chickpea,Uttar Pradesh,Sultanpur,2003,7.05,1055.32
chickpea,Uttar Pradesh,Sultanpur,2004,6.0,713.33
chickpea,Uttar Pradesh,Sultanpur,2005,6.71,898.66
chickpea,Uttar Pradesh,Sultanpur,2006,6.53,742.73
chickpea,Uttar Pradesh,Sultanpur,2007,6.79,1029.46
chickpea,Uttar Pradesh,Sultanpur,2008,6.74,1032.64
chickpea,Uttar Pradesh,Sultanpur,2009,6.77,1002.95
chickpea,Uttar Pradesh,Sultanpur,2010,5.75,1144.8
chickpea,Uttar Pradesh,Sultanpur,2011,5.69,1362.64
chickpea,Uttar Pradesh,Sultanpur,2012,5.13,712.21
chickpea,Uttar Pradesh,Sultanpur,2013,5.48,375.34
chickpea,Uttar Pradesh,Sultanpur,2014,4.05,315.88
chickpea,Uttar Pradesh,Sultanpur,2015,2.49,602.97
chickpea,Uttar Pradesh,Sultanpur,2016,3.84,1791.71
chickpea,Uttar Pradesh,Sultanpur,2017,3.33,753.98
chickpea,Uttar Pradesh,Pratapgarh,2000,7.62,858.27
chickpea,Uttar Pradesh,Pratapgarh,2001,5.66,855.12
chickpea,Uttar Pradesh,Pratapgarh,2002,4.94,949.39
chickpea,Uttar Pradesh,Pratapgarh,2003,4.7,887.23
chickpea,Uttar Pradesh,Pratapgarh,2004,4.88,950.82
chickpea,Uttar Pradesh,Pratapgarh,2005,3.95,997.47
chickpea,Uttar Pradesh,Pratapgarh,2006,3.53,951.84
chickpea,Uttar Pradesh,Pratapgarh,2007,3.94,979.7
chickpea,Uttar Pradesh,Pratapgarh,2008,3.35,838.81
chickpea,Uttar Pradesh,Pratapgarh,2009,3.72,626.34
chickpea,Uttar Pradesh,Pratapgarh,2010,3.71,892.18
chickpea,Uttar Pradesh,Pratapgarh,2011,3.69,1113.82
chickpea,Uttar Pradesh,Pratapgarh,2012,3.77,899.2
chickpea,Uttar Pradesh,Pratapgarh,2013,3.32,795.18
chickpea,Uttar Pradesh,Pratapgarh,2014,2.95,569.49
chickpea,Uttar Pradesh,Pratapgarh,2015,2.86,821.68
chickpea,Uttar Pradesh,Pratapgarh,2016,3.45,904.69
chickpea,Uttar Pradesh,Pratapgarh,2017,3.35,1172.49
chickpea,Uttar Pradesh,Barabanki,2000,2.8,1178.57
chickpea,Uttar Pradesh,Barabanki,2001,2.07,850.24
chickpea,Uttar Pradesh,Barabanki,2002,1.54,922.08
chickpea,Uttar Pradesh,Barabanki,2003,1.91,1073.3
chickpea,Uttar Pradesh,Barabanki,2004,1.57,898.09
chickpea,Uttar Pradesh,Barabanki,2005,0.96,906.25
chickpea,Uttar Pradesh,Barabanki,2006,0.89,741.57
chickpea,Uttar Pradesh,Barabanki,2007,0.88,1034.09
chickpea,Uttar Pradesh,Barabanki,2008,0.78,1025.64
chickpea,Uttar Pradesh,Barabanki,2009,1.04,990.38
chickpea,Uttar Pradesh,Barabanki,2010,0.88,1159.09
chickpea,Uttar Pradesh,Barabanki,2011,0.71,1408.45
chickpea,Uttar Pradesh,Barabanki,2012,0.8,912.5
chickpea,Uttar Pradesh,Barabanki,2013,0.62,370.97
chickpea,Uttar Pradesh,Barabanki,2014,0.7,314.29
chickpea,Uttar Pradesh,Barabanki,2016,0.69,1791.0
chickpea,Uttar Pradesh,Barabanki,2017,0.78,753.53
chickpea,Uttarakhand,Nainital,2000,0.64,703.13
chickpea,Uttarakhand,Nainital,2001,0.77,688.31
chickpea,Uttarakhand,Nainital,2002,0.51,588.24
chickpea,Uttarakhand,Nainital,2004,0.56,750.0
chickpea,Uttarakhand,Nainital,2005,0.84,690.48
chickpea,Uttarakhand,Nainital,2006,0.51,705.88
chickpea,Uttarakhand,Nainital,2012,0.51,862.75
chickpea,Uttarakhand,Nainital,2014,0.51,882.35
chickpea,Uttarakhand,Nainital,2016,0.5,887.1
chickpea,Uttarakhand,Garhwal,2005,1.04,596.15
chickpea,Himachal Pradesh,Kangra,2000,0.57,578.95
chickpea,Himachal Pradesh,Kangra,2002,0.58,793.1
chickpea,Orissa,Bolangir,2000,0.66,378.79
chickpea,Orissa,Bolangir,2001,1.37,459.85
chickpea,Orissa,Bolangir,2002,0.68,397.06
chickpea,Orissa,Bolangir,2003,1.58,424.05
chickpea,Orissa,Bolangir,2004,1.54,435.06
chickpea,Orissa,Bolangir,2005,1.87,737.97
chickpea,Orissa,Bolangir,2006,1.77,734.46
chickpea,Orissa,Bolangir,2007,1.66,746.99
chickpea,Orissa,Bolangir,2008,1.8,755.56
chickpea,Orissa,Bolangir,2009,1.89,783.07
chickpea,Orissa,Bolangir,2010,2.56,656.25
chickpea,Orissa,Bolangir,2011,1.87,732.62
chickpea,Orissa,Bolangir,2012,1.65,921.21
chickpea,Orissa,Bolangir,2013,1.52,815.79
chickpea,Orissa,Bolangir,2014,1.44,805.56
chickpea,Orissa,Bolangir,2015,1.17,871.79
chickpea,Orissa,Bolangir,2016,1.32,825.76
chickpea,Orissa,Bolangir,2017,1.34,791.04
chickpea,Orissa,Cuttack,2001,0.75,480.0
chickpea,Orissa,Cuttack,2003,0.65,523.08
chickpea,Orissa,Cuttack,2004,0.77,545.45
chickpea,Orissa,Cuttack,2005,0.67,626.87
chickpea,Orissa,Cuttack,2006,0.66,590.91
chickpea,Orissa,Cuttack,2007,0.62,612.9
chickpea,Orissa,Cuttack,2008,0.71,647.89
chickpea,Orissa,Cuttack,2009,0.88,647.73
chickpea,Orissa,Cuttack,2010,0.73,616.44
chickpea,Orissa,Cuttack,2011,0.75,506.67
chickpea,Orissa,Cuttack,2012,0.75,693.33
chickpea,Orissa,Cuttack,2013,0.74,702.7
chickpea,Orissa,Cuttack,2014,0.66,712.12
chickpea,Orissa,Cuttack,2015,0.65,692.31
chickpea,Orissa,Cuttack,2016,0.6,700.0
chickpea,Orissa,Cuttack,2017,0.9,822.22
chickpea,Orissa,Dhenkanal,2000,1.79,458.1
chickpea,Orissa,Dhenkanal,2002,1.2,483.33
chickpea,Orissa,Dhenkanal,2003,2.33,437.77
chickpea,Orissa,Dhenkanal,2004,1.98,449.49
chickpea,Orissa,Dhenkanal,2005,2.19,442.92
chickpea,Orissa,Dhenkanal,2006,2.1,457.14
chickpea,Orissa,Dhenkanal,2007,2.3,521.74
chickpea,Orissa,Dhenkanal,2008,2.17,529.95
chickpea,Orissa,Dhenkanal,2009,2.4,700.0
chickpea,Orissa,Dhenkanal,2010,2.34,709.4
chickpea,Orissa,Dhenkanal,2011,2.39,715.48
chickpea,Orissa,Dhenkanal,2012,2.51,701.2
chickpea,Orissa,Dhenkanal,2013,2.66,736.84
chickpea,Orissa,Dhenkanal,2014,2.61,743.3
chickpea,Orissa,Dhenkanal,2015,2.05,751.22
chickpea,Orissa,Dhenkanal,2016,2.25,706.67
chickpea,Orissa,Dhenkanal,2017,1.9,768.42
chickpea,Orissa,Ganjam,2009,0.52,826.92
chickpea,Orissa,Ganjam,2017,0.5,960.0
chickpea,Orissa,Kalahandi,2000,7.35,775.51
chickpea,Orissa,Kalahandi,2001,11.85,796.62
chickpea,Orissa,Kalahandi,2002,6.17,865.48
chickpea,Orissa,Kalahandi,2003,7.39,821.38
chickpea,Orissa,Kalahandi,2004,9.8,644.9
chickpea,Orissa,Kalahandi,2005,10.69,643.59
chickpea,Orissa,Kalahandi,2006,12.33,638.28
chickpea,Orissa,Kalahandi,2007,13.67,648.13
chickpea,Orissa,Kalahandi,2008,13.4,651.49
chickpea,Orissa,Kalahandi,2009,17.53,784.37
chickpea,Orissa,Kalahandi,2010,15.19,855.17
chickpea,Orissa,Kalahandi,2011,14.43,787.94
chickpea,Orissa,Kalahandi,2012,15.77,881.42
chickpea,Orissa,Kalahandi,2013,17.78,838.58
chickpea,Orissa,Kalahandi,2014,17.31,841.71
chickpea,Orissa,Kalahandi,2015,13.85,870.76
chickpea,Orissa,Kalahandi,2016,16.41,818.4
chickpea,Orissa,Kalahandi,2017,12.1,808.26
chickpea,Orissa,Keonjhar,2000,1.84,907.61
chickpea,Orissa,Keonjhar,2001,3.39,887.91
chickpea,Orissa,Keonjhar,2002,2.8,935.71
chickpea,Orissa,Keonjhar,2003,3.58,941.34
chickpea,Orissa,Keonjhar,2004,3.62,953.04
chickpea,Orissa,Keonjhar,2005,3.71,959.57
chickpea,Orissa,Keonjhar,2006,3.91,943.73
chickpea,Orissa,Keonjhar,2007,3.37,964.39
chickpea,Orissa,Keonjhar,2008,3.47,968.3
chickpea,Orissa,Keonjhar,2009,4.22,1092.42
chickpea,Orissa,Keonjhar,2010,4.29,1118.88
chickpea,Orissa,Keonjhar,2011,4.24,1139.15
chickpea,Orissa,Keonjhar,2012,3.77,954.91
chickpea,Orissa,Keonjhar,2013,4.33,886.84
chickpea,Orissa,Keonjhar,2014,4.14,891.3
chickpea,Orissa,Keonjhar,2015,2.51,892.43
chickpea,Orissa,Keonjhar,2016,3.06,879.09
chickpea,Orissa,Keonjhar,2017,2.5,816.0
chickpea,Orissa,Koraput,2000,4.26,415.49
chickpea,Orissa,Koraput,2001,4.73,420.72
chickpea,Orissa,Koraput,2002,3.41,187.68
chickpea,Orissa,Koraput,2003,5.6,312.5
chickpea,Orissa,Koraput,2004,5.83,394.51
chickpea,Orissa,Koraput,2005,6.06,488.45
chickpea,Orissa,Koraput,2006,5.74,491.29
chickpea,Orissa,Koraput,2007,6.07,490.94
chickpea,Orissa,Koraput,2008,5.17,471.95
chickpea,Orissa,Koraput,2009,6.93,512.27
chickpea,Orissa,Koraput,2010,6.29,543.72
chickpea,Orissa,Koraput,2011,5.31,523.54
chickpea,Orissa,Koraput,2012,6.13,549.76
chickpea,Orissa,Koraput,2013,5.24,614.5
chickpea,Orissa,Koraput,2014,5.3,618.87
chickpea,Orissa,Koraput,2015,8.77,648.8
chickpea,Orissa,Koraput,2016,3.43,664.72
chickpea,Orissa,Koraput,2017,3.6,680.56
chickpea,Orissa,Mayurbhanja,2000,1.9,626.32
chickpea,Orissa,Mayurbhanja,2001,1.81,618.78
chickpea,Orissa,Mayurbhanja,2002,1.62,648.15
chickpea,Orissa,Mayurbhanja,2003,2.31,727.27
chickpea,Orissa,Mayurbhanja,2004,3.66,748.63
chickpea,Orissa,Mayurbhanja,2005,4.22,760.66
chickpea,Orissa,Mayurbhanja,2006,4.9,775.51
chickpea,Orissa,Mayurbhanja,2007,5.35,790.65
chickpea,Orissa,Mayurbhanja,2008,4.54,795.15
chickpea,Orissa,Mayurbhanja,2009,4.99,809.62
chickpea,Orissa,Mayurbhanja,2010,3.86,810.88
chickpea,Orissa,Mayurbhanja,2011,4.2,850.0
chickpea,Orissa,Mayurbhanja,2012,4.88,725.41
chickpea,Orissa,Mayurbhanja,2013,7.58,737.47
chickpea,Orissa,Mayurbhanja,2014,8.49,745.58
chickpea,Orissa,Mayurbhanja,2015,2.98,761.74
chickpea,Orissa,Mayurbhanja,2016,5.22,787.36
chickpea,Orissa,Mayurbhanja,2017,4.2,802.38
chickpea,Orissa,Phulbani ( Kandhamal ),2003,0.6,483.33
chickpea,Orissa,Phulbani ( Kandhamal ),2004,0.63,666.67
chickpea,Orissa,Phulbani ( Kandhamal ),2005,0.59,644.07
chickpea,Orissa,Phulbani ( Kandhamal ),2006,0.61,655.74
chickpea,Orissa,Phulbani ( Kandhamal ),2007,0.76,671.05
chickpea,Orissa,Phulbani ( Kandhamal ),2008,0.68,676.47
chickpea,Orissa,Phulbani ( Kandhamal ),2009,0.71,647.89
chickpea,Orissa,Phulbani ( Kandhamal ),2010,0.73,657.53
chickpea,Orissa,Phulbani ( Kandhamal ),2011,0.76,631.58
chickpea,Orissa,Phulbani ( Kandhamal ),2012,0.62,629.03
chickpea,Orissa,Phulbani ( Kandhamal ),2013,0.61,672.13
chickpea,Orissa,Phulbani ( Kandhamal ),2014,0.69,666.67
chickpea,Orissa,Phulbani ( Kandhamal ),2015,0.59,661.02
chickpea,Orissa,Phulbani ( Kandhamal ),2016,0.65,676.92
chickpea,Orissa,Phulbani ( Kandhamal ),2017,0.8,725.0
chickpea,Orissa,Puri,2007,0.5,620.0
chickpea,Orissa,Puri,2008,0.58,637.93
chickpea,Orissa,Puri,2009,0.62,532.26
chickpea,Orissa,Puri,2010,0.9,855.56
chickpea,Orissa,Puri,2011,0.68,691.18
chickpea,Orissa,Puri,2012,0.94,585.11
chickpea,Orissa,Puri,2013,0.95,705.26
chickpea,Orissa,Puri,2014,0.97,701.03
chickpea,Orissa,Puri,2015,0.75,693.33
chickpea,Orissa,Puri,2016,0.77,688.31
chickpea,Orissa,Puri,2017,1.1,718.18
chickpea,Orissa,Sambalpur,2001,1.68,464.29
chickpea,Orissa,Sambalpur,2002,1.35,437.04
chickpea,Orissa,Sambalpur,2003,1.42,436.62
chickpea,Orissa,Sambalpur,2004,1.46,452.05
chickpea,Orissa,Sambalpur,2005,1.44,479.17
chickpea,Orissa,Sambalpur,2006,1.47,476.19
chickpea,Orissa,Sambalpur,2007,1.59,490.57
chickpea,Orissa,Sambalpur,2008,1.65,496.97
chickpea,Orissa,Sambalpur,2009,1.34,492.54
chickpea,Orissa,Sambalpur,2010,1.35,459.26
chickpea,Orissa,Sambalpur,2011,1.19,470.59
chickpea,Orissa,Sambalpur,2012,1.27,606.3
chickpea,Orissa,Sambalpur,2013,1.5,660.0
chickpea,Orissa,Sambalpur,2014,1.48,662.16
chickpea,Orissa,Sambalpur,2015,1.31,648.85
chickpea,Orissa,Sambalpur,2016,1.23,642.28
chickpea,Orissa,Sambalpur,2017,1.4,685.71
chickpea,Orissa,Sundargarh,2000,1.12,410.71
chickpea,Orissa,Sundargarh,2001,2.89,460.21
chickpea,Orissa,Sundargarh,2002,2.41,502.07
chickpea,Orissa,Sundargarh,2003,2.36,614.41
chickpea,Orissa,Sundargarh,2004,2.66,616.54
chickpea,Orissa,Sundargarh,2005,2.94,598.64
chickpea,Orissa,Sundargarh,2006,2.53,608.7
chickpea,Orissa,Sundargarh,2007,2.7,622.22
chickpea,Orissa,Sundargarh,2008,2.89,626.3
chickpea,Orissa,Sundargarh,2009,2.78,712.23
chickpea,Orissa,Sundargarh,2010,3.05,718.03
chickpea,Orissa,Sundargarh,2011,2.77,722.02
chickpea,Orissa,Sundargarh,2012,2.56,648.44
chickpea,Orissa,Sundargarh,2013,3.74,657.75
chickpea,Orissa,Sundargarh,2014,3.69,661.25
chickpea,Orissa,Sundargarh,2015,4.0,665.0
chickpea,Orissa,Sundargarh,2016,4.89,654.4
chickpea,Orissa,Sundargarh,2017,2.4,720.83
chickpea,West Bengal,24 Parganas,2000,1.26,714.29
chickpea,West Bengal,24 Parganas,2001,0.82,817.07
chickpea,West Bengal,24 Parganas,2002,0.95,747.37
chickpea,West Bengal,24 Parganas,2004,0.6,1000.0
chickpea,West Bengal,24 Parganas,2005,1.11,990.99
chickpea,West Bengal,24 Parganas,2006,0.72,680.56
chickpea,West Bengal,24 Parganas,2007,0.5,800.0
chickpea,West Bengal,24 Parganas,2008,0.63,920.63
chickpea,West Bengal,24 Parganas,2009,0.81,1024.69
chickpea,West Bengal,24 Parganas,2010,0.53,905.66
chickpea,West Bengal,24 Parganas,2011,0.93,1064.52
chickpea,West Bengal,24 Parganas,2012,1.45,1055.17
chickpea,West Bengal,24 Parganas,2013,1.51,1105.96
chickpea,West Bengal,24 Parganas,2014,1.12,1125.0
chickpea,West Bengal,24 Parganas,2015,1.8,605.56
chickpea,West Bengal,24 Parganas,2016,1.53,870.9
chickpea,West Bengal,Nadia,2000,18.17,867.91
chickpea,West Bengal,Nadia,2001,19.16,831.94
chickpea,West Bengal,Nadia,2002,16.29,876.61
chickpea,West Bengal,Nadia,2003,13.28,1060.24
chickpea,West Bengal,Nadia,2005,9.52,996.85
chickpea,West Bengal,Nadia,2006,3.95,645.57
chickpea,West Bengal,Nadia,2007,4.2,857.14
chickpea,West Bengal,Nadia,2008,4.26,737.09
chickpea,West Bengal,Nadia,2009,4.15,860.24
chickpea,West Bengal,Nadia,2010,6.15,852.03
chickpea,West Bengal,Nadia,2011,6.35,1094.49
chickpea,West Bengal,Nadia,2012,7.13,913.04
chickpea,West Bengal,Nadia,2013,6.79,1073.64
chickpea,West Bengal,Nadia,2014,9.91,1066.6
chickpea,West Bengal,Nadia,2015,8.21,655.3
chickpea,West Bengal,Nadia,2016,7.69,877.98
chickpea,West Bengal,Nadia,2017,3.46,1208.73
chickpea,West Bengal,Murshidabad,2000,10.46,1014.34
chickpea,West Bengal,Murshidabad,2001,9.9,778.79
chickpea,West Bengal,Murshidabad,2002,10.02,551.9
chickpea,West Bengal,Murshidabad,2003,12.63,911.32
chickpea,West Bengal,Murshidabad,2004,8.7,1172.41
chickpea,West Bengal,Murshidabad,2005,10.82,970.43
chickpea,West Bengal,Murshidabad,2006,8.09,683.56
chickpea,West Bengal,Murshidabad,2007,6.3,809.52
chickpea,West Bengal,Murshidabad,2008,3.25,1110.77
chickpea,West Bengal,Murshidabad,2009,4.37,1132.72
chickpea,West Bengal,Murshidabad,2010,4.4,988.64
chickpea,West Bengal,Murshidabad,2011,5.18,913.13
chickpea,West Bengal,Murshidabad,2012,5.68,1211.27
chickpea,West Bengal,Murshidabad,2013,5.85,1147.01
chickpea,West Bengal,Murshidabad,2014,5.46,1243.59
chickpea,West Bengal,Murshidabad,2015,7.17,550.91
chickpea,West Bengal,Murshidabad,2016,6.92,917.65
chickpea,West Bengal,Murshidabad,2017,8.94,1530.76
chickpea,West Bengal,Burdwan,2000,1.36,1242.65
chickpea,West Bengal,Burdwan,2001,0.95,568.42
chickpea,West Bengal,Burdwan,2002,0.74,810.81
chickpea,West Bengal,Burdwan,2003,0.98,653.06
chickpea,West Bengal,Burdwan,2017,1.33,1294.65
chickpea,West Bengal,Birbhum,2000,12.91,777.69
chickpea,West Bengal,Birbhum,2001,12.13,1044.52
chickpea,West Bengal,Birbhum,2002,9.92,976.81
chickpea,West Bengal,Birbhum,2003,9.14,1261.49
chickpea,West Bengal,Birbhum,2004,8.4,785.71
chickpea,West Bengal,Birbhum,2005,11.56,826.12
chickpea,West Bengal,Birbhum,2006,12.43,791.63
chickpea,West Bengal,Birbhum,2007,9.5,1157.89
chickpea,West Bengal,Birbhum,2008,9.43,1196.18
chickpea,West Bengal,Birbhum,2009,8.54,1081.97
chickpea,West Bengal,Birbhum,2010,8.16,1291.67
chickpea,West Bengal,Birbhum,2011,7.15,1075.52
chickpea,West Bengal,Birbhum,2012,7.13,1295.93
chickpea,West Bengal,Birbhum,2013,7.16,1325.42
chickpea,West Bengal,Birbhum,2014,6.78,1389.38
chickpea,West Bengal,Birbhum,2015,10.12,1004.94
chickpea,West Bengal,Birbhum,2016,7.68,1297.27
chickpea,West Bengal,Birbhum,2017,12.36,1481.76
chickpea,West Bengal,Bankura,2017,0.69,1321.27
chickpea,West Bengal,Jalpaiguri,2004,0.8,125.0
chickpea,West Bengal,Malda,2000,7.58,1275.73
chickpea,West Bengal,Malda,2001,7.13,730.72
chickpea,West Bengal,Malda,2002,8.27,674.73
chickpea,West Bengal,Malda,2003,8.22,940.39
chickpea,West Bengal,Malda,2005,6.08,845.39
chickpea,West Bengal,Malda,2006,4.68,974.36
chickpea,West Bengal,Malda,2007,3.9,1025.64
chickpea,West Bengal,Malda,2008,3.42,944.44
chickpea,West Bengal,Malda,2009,3.31,1462.24
chickpea,West Bengal,Malda,2010,2.26,1075.22
chickpea,West Bengal,Malda,2011,3.37,1112.76
chickpea,West Bengal,Malda,2012,3.27,1443.43
chickpea,West Bengal,Malda,2013,3.2,1131.25
chickpea,West Bengal,Malda,2014,2.36,936.44
chickpea,West Bengal,Malda,2015,3.11,1151.13
chickpea,West Bengal,Malda,2016,3.68,928.73
chickpea,West Bengal,Malda,2017,0.55,970.8
chickpea,West Bengal,Purulia,2017,0.53,1151.8
chickpea,West Bengal,Midnapur,2000,0.69,840.58
chickpea,West Bengal,West Dinajpur,2000,2.16,379.63
chickpea,West Bengal,West Dinajpur,2001,0.53,528.3
chickpea,West Bengal,West Dinajpur,2002,0.77,311.69
chickpea,West Bengal,West Dinajpur,2003,1.15,869.57
chickpea,West Bengal,West Dinajpur,2004,1.9,210.53
chickpea,West Bengal,West Dinajpur,2005,0.63,746.03
chickpea,West Bengal,West Dinajpur,2017,0.74,1471.62
chickpea,Bihar,Muzaffarpur,2003,1.0,1000.0
chickpea,Bihar,Muzaffarpur,2004,1.25,840.0
chickpea,Bihar,Muzaffarpur,2005,0.88,931.82
chickpea,Bihar,Muzaffarpur,2006,4.76,844.54
chickpea,Bihar,Muzaffarpur,2012,3.62,1403.31
chickpea,Bihar,Darbhanga,2000,1.0,1000.0
chickpea,Bihar,Darbhanga,2003,1.0,1000.0
chickpea,Bihar,Darbhanga,2004,0.63,920.63
chickpea,Bihar,Darbhanga,2005,0.56,1571.43
chickpea,Bihar,Purnea,2000,7.0,857.14
chickpea,Bihar,Purnea,2003,6.0,500.0
chickpea,Bihar,Purnea,2004,7.85,835.67
chickpea,Bihar,Purnea,2005,2.57,941.63
chickpea,Bihar,Purnea,2006,1.31,954.2
chickpea,Bihar,Purnea,2007,1.1,1100.0
chickpea,Bihar,Purnea,2008,1.73,751.45
chickpea,Bihar,Purnea,2009,1.06,594.34
chickpea,Bihar,Purnea,2010,0.6,550.0
chickpea,Bihar,Purnea,2011,0.59,677.97
chickpea,Bihar,Purnea,2012,0.56,982.14
chickpea,Bihar,Purnea,2014,0.68,985.29
chickpea,Bihar,Saran,2002,1.0,1000.0
chickpea,Bihar,Saran,2004,1.13,831.86
chickpea,Bihar,Saran,2007,1.34,977.61
chickpea,Bihar,Patna,2000,17.0,1470.59
chickpea,Bihar,Patna,2001,14.0,928.57
chickpea,Bihar,Patna,2002,13.0,1153.85
chickpea,Bihar,Patna,2003,14.0,1071.43
chickpea,Bihar,Patna,2004,11.81,1041.49
chickpea,Bihar,Patna,2005,15.36,1121.74
chickpea,Bihar,Patna,2006,10.66,835.83
chickpea,Bihar,Patna,2007,11.63,1084.26
chickpea,Bihar,Patna,2008,11.9,1436.13
chickpea,Bihar,Patna,2009,11.39,982.44
chickpea,Bihar,Patna,2010,10.45,1193.3
chickpea,Bihar,Patna,2011,10.11,1556.87
chickpea,Bihar,Patna,2012,9.7,1726.8
chickpea,Bihar,Patna,2013,11.26,1222.91
chickpea,Bihar,Patna,2014,11.63,1343.08
chickpea,Bihar,Patna,2015,11.53,1030.36
chickpea,Bihar,Patna,2016,11.22,1270.14
chickpea,Bihar,Patna,2017,14.11,1200.62
chickpea,Bihar,Mungair,2000,7.0,1142.86
chickpea,Bihar,Mungair,2001,7.0,714.29
chickpea,Bihar,Mungair,2002,8.0,875.0
chickpea,Bihar,Mungair,2003,10.0,1000.0
chickpea,Bihar,Mungair,2004,8.05,613.66
chickpea,Bihar,Mungair,2005,7.2,880.56
chickpea,Bihar,Mungair,2006,5.97,752.09
chickpea,Bihar,Mungair,2007,7.67,1082.14
chickpea,Bihar,Mungair,2008,8.02,966.33
chickpea,Bihar,Mungair,2009,6.66,1196.7
chickpea,Bihar,Mungair,2010,7.96,927.14
chickpea,Bihar,Mungair,2011,9.05,1055.25
chickpea,Bihar,Mungair,2012,9.06,1094.92
chickpea,Bihar,Mungair,2013,7.76,1494.85
chickpea,Bihar,Mungair,2014,8.0,893.75
chickpea,Bihar,Mungair,2015,10.35,1093.72
chickpea,Bihar,Mungair,2016,8.74,1067.71
chickpea,Bihar,Mungair,2017,8.03,1219.99
chickpea,Bihar,Bhagalpur,2000,7.0,714.29
chickpea,Bihar,Bhagalpur,2001,7.0,714.29
chickpea,Bihar,Bhagalpur,2002,6.0,666.67
chickpea,Bihar,Bhagalpur,2003,8.0,750.0
chickpea,Bihar,Bhagalpur,2004,5.91,663.28
chickpea,Bihar,Bhagalpur,2005,6.83,720.35
chickpea,Bihar,Bhagalpur,2006,7.21,718.45
chickpea,Bihar,Bhagalpur,2007,12.71,767.11
chickpea,Bihar,Bhagalpur,2008,6.01,1209.65
chickpea,Bihar,Bhagalpur,2009,5.22,818.01
chickpea,Bihar,Bhagalpur,2010,4.14,879.23
chickpea,Bihar,Bhagalpur,2011,4.38,968.04
chickpea,Bihar,Bhagalpur,2012,6.23,1020.87
chickpea,Bihar,Bhagalpur,2013,6.93,1284.27
chickpea,Bihar,Bhagalpur,2014,6.82,782.99
chickpea,Bihar,Bhagalpur,2015,6.44,807.45
chickpea,Bihar,Bhagalpur,2016,5.54,1143.53
chickpea,Bihar,Bhagalpur,2017,5.15,739.43
chickpea,Jharkhand,Santhal Paragana / Dumka,2000,9.04,856.19
chickpea,Jharkhand,Santhal Paragana / Dumka,2001,9.01,894.56
chickpea,Jharkhand,Santhal Paragana / Dumka,2002,1.65,1151.52
chickpea,Jharkhand,Santhal Paragana / Dumka,2003,2.83,1042.4
chickpea,Jharkhand,Santhal Paragana / Dumka,2004,3.48,1011.49
chickpea,Jharkhand,Santhal Paragana / Dumka,2005,3.19,796.24
chickpea,Jharkhand,Santhal Paragana / Dumka,2006,2.99,862.88
chickpea,Jharkhand,Santhal Paragana / Dumka,2007,2.89,823.53
chickpea,Jharkhand,Santhal Paragana / Dumka,2008,4.49,630.29
chickpea,Jharkhand,Santhal Paragana / Dumka,2009,5.24,706.11
chickpea,Jharkhand,Santhal Paragana / Dumka,2010,4.99,765.53
chickpea,Jharkhand,Santhal Paragana / Dumka,2011,3.01,817.28
chickpea,Jharkhand,Santhal Paragana / Dumka,2012,12.31,935.01
chickpea,Jharkhand,Santhal Paragana / Dumka,2013,10.95,935.16
chickpea,Jharkhand,Santhal Paragana / Dumka,2014,9.18,674.29
chickpea,Jharkhand,Santhal Paragana / Dumka,2015,11.06,883.36
chickpea,Jharkhand,Santhal Paragana / Dumka,2016,7.49,824.1
chickpea,Jharkhand,Santhal Paragana / Dumka,2017,50.59,1208.65
chickpea,Bihar,Shahabad (now part of Bhojpur district),2000,18.0,1000.0
chickpea,Bihar,Shahabad (now part of Bhojpur district),2001,19.0,1210.53
chickpea,Bihar,Shahabad (now part of Bhojpur district),2002,19.0,1105.26
chickpea,Bihar,Shahabad (now part of Bhojpur district),2003,19.0,1157.89
chickpea,Bihar,Shahabad (now part of Bhojpur district),2004,21.2,947.17
chickpea,Bihar,Shahabad (now part of Bhojpur district),2005,15.52,1077.96
chickpea,Bihar,Shahabad (now part of Bhojpur district),2006,19.38,797.73
chickpea,Bihar,Shahabad (now part of Bhojpur district),2007,18.28,1016.41
chickpea,Bihar,Shahabad (now part of Bhojpur district),2008,18.3,1237.16
chickpea,Bihar,Shahabad (now part of Bhojpur district),2009,17.26,1037.66
chickpea,Bihar,Shahabad (now part of Bhojpur district),2010,17.94,1152.17
chickpea,Bihar,Shahabad (now part of Bhojpur district),2011,18.53,1445.76
chickpea,Bihar,Shahabad (now part of Bhojpur district),2012,16.18,1454.26
chickpea,Bihar,Shahabad (now part of Bhojpur district),2013,17.07,1158.17
chickpea,Bihar,Shahabad (now part of Bhojpur district),2014,14.47,785.76
chickpea,Bihar,Shahabad (now part of Bhojpur district),2015,14.4,918.06
chickpea,Bihar,Shahabad (now part of Bhojpur district),2016,16.11,1095.42
chickpea,Bihar,Shahabad (now part of Bhojpur district),2017,13.66,1125.19
chickpea,Bihar,Gaya,2000,17.0,823.53
chickpea,Bihar,Gaya,2001,18.0,944.44
chickpea,Bihar,Gaya,2002,21.0,1000.0
chickpea,Bihar,Gaya,2003,21.0,952.38
chickpea,Bihar,Gaya,2004,14.06,684.21
chickpea,Bihar,Gaya,2005,13.36,687.13
chickpea,Bihar,Gaya,2006,14.67,996.59
chickpea,Bihar,Gaya,2007,15.4,945.45
chickpea,Bihar,Gaya,2008,13.89,956.08
chickpea,Bihar,Gaya,2009,15.58,1022.46
chickpea,Bihar,Gaya,2010,15.39,939.57
chickpea,Bihar,Gaya,2011,16.27,1200.37
chickpea,Bihar,Gaya,2012,15.91,1395.98
chickpea,Bihar,Gaya,2013,17.35,876.08
chickpea,Bihar,Gaya,2014,17.54,942.99
chickpea,Bihar,Gaya,2015,15.82,1018.96
chickpea,Bihar,Gaya,2016,16.77,1063.46
chickpea,Bihar,Gaya,2017,16.6,1234.23
chickpea,Jharkhand,Hazaribagh,2000,6.49,967.6
chickpea,Jharkhand,Hazaribagh,2001,6.26,975.43
chickpea,Jharkhand,Hazaribagh,2002,2.16,842.59
chickpea,Jharkhand,Hazaribagh,2003,2.35,948.94
chickpea,Jharkhand,Hazaribagh,2004,2.87,798.15
chickpea,Jharkhand,Hazaribagh,2005,2.35,746.1
chickpea,Jharkhand,Hazaribagh,2006,1.41,938.52
chickpea,Jharkhand,Hazaribagh,2007,2.25,1204.74
chickpea,Jharkhand,Hazaribagh,2008,2.59,1085.05
chickpea,Jharkhand,Hazaribagh,2009,2.54,834.65
chickpea,Jharkhand,Hazaribagh,2010,2.95,557.69
chickpea,Jharkhand,Hazaribagh,2011,2.48,1118.1
chickpea,Jharkhand,Hazaribagh,2012,3.36,1198.42
chickpea,Jharkhand,Hazaribagh,2013,4.69,1229.74
chickpea,Jharkhand,Hazaribagh,2014,3.45,1015.46
chickpea,Jharkhand,Hazaribagh,2015,9.36,839.45
chickpea,Jharkhand,Hazaribagh,2016,9.18,785.25
chickpea,Jharkhand,Hazaribagh,2017,61.76,1405.27
chickpea,Jharkhand,Dhanbad,2000,0.72,791.68
chickpea,Jharkhand,Dhanbad,2001,1.06,796.27
chickpea,Jharkhand,Dhanbad,2017,7.04,1457.96
chickpea,Jharkhand,Palamau,2002,4.06,802.96
chickpea,Jharkhand,Palamau,2003,8.57,737.46
chickpea,Jharkhand,Palamau,2004,9.39,712.46
chickpea,Jharkhand,Palamau,2005,7.08,588.98
chickpea,Jharkhand,Palamau,2006,8.08,683.17
chickpea,Jharkhand,Palamau,2007,8.13,665.44
chickpea,Jharkhand,Palamau,2008,8.08,680.69
chickpea,Jharkhand,Palamau,2009,5.67,684.3
chickpea,Jharkhand,Palamau,2010,5.75,633.04
chickpea,Jharkhand,Palamau,2011,6.85,929.93
chickpea,Jharkhand,Palamau,2012,13.07,1053.56
chickpea,Jharkhand,Palamau,2013,19.2,1040.1
chickpea,Jharkhand,Palamau,2014,12.07,804.47
chickpea,Jharkhand,Palamau,2015,10.39,833.49
chickpea,Jharkhand,Palamau,2016,17.24,1266.06
chickpea,Jharkhand,Palamau,2017,40.03,761.68
chickpea,Jharkhand,Ranchi,2002,1.66,692.77
chickpea,Jharkhand,Ranchi,2003,1.17,1025.64
chickpea,Jharkhand,Ranchi,2004,1.38,659.42
chickpea,Jharkhand,Ranchi,2005,1.31,664.12
chickpea,Jharkhand,Ranchi,2006,1.32,530.3
chickpea,Jharkhand,Ranchi,2007,1.23,788.62
chickpea,Jharkhand,Ranchi,2008,1.52,631.58
chickpea,Jharkhand,Ranchi,2009,1.3,815.38
chickpea,Jharkhand,Ranchi,2010,1.26,682.54
chickpea,Jharkhand,Ranchi,2011,1.24,838.71
chickpea,Jharkhand,Ranchi,2012,1.72,843.02
chickpea,Jharkhand,Ranchi,2013,1.53,1111.11
chickpea,Jharkhand,Ranchi,2014,1.4,921.43
chickpea,Jharkhand,Ranchi,2015,3.79,804.75
chickpea,Jharkhand,Ranchi,2016,17.99,1274.59
chickpea,Jharkhand,Ranchi,2017,43.27,1347.8
chickpea,Jharkhand,Singhbhum,2010,0.51,627.45
chickpea,Jharkhand,Singhbhum,2012,1.11,1018.02
chickpea,Jharkhand,Singhbhum,2013,1.64,939.02
chickpea,Jharkhand,Singhbhum,2014,1.58,860.76
chickpea,Jharkhand,Singhbhum,2015,1.55,722.58
chickpea,Jharkhand,Singhbhum,2017,29.99,1293.22
rice,Chhattisgarh,Durg,2000,748.76,624.89
rice,Chhattisgarh,Durg,2001,756.26,1294.13
rice,Chhattisgarh,Durg,2002,753.41,643.6
rice,Chhattisgarh,Durg,2003,766.58,1494.73
rice,Chhattisgarh,Durg,2004,775.99,1268.46
rice,Chhattisgarh,Durg,2005,775.99,1268.46
rice,Chhattisgarh,Durg,2006,781.7,1505.81
rice,Chhattisgarh,Durg,2007,799.89,1369.98
rice,Chhattisgarh,Durg,2008,803.37,876.42
rice,Chhattisgarh,Durg,2009,789.04,788.37
rice,Chhattisgarh,Durg,2010,777.92,1695.77
rice,Chhattisgarh,Durg,2011,806.55,1756.23
rice,Chhattisgarh,Durg,2012,807.07,1900.97
rice,Chhattisgarh,Durg,2013,819.44,1581.86
rice,Chhattisgarh,Durg,2014,834.87,1729.89
rice,Chhattisgarh,Durg,2015,817.68,1076.95
rice,Chhattisgarh,Durg,2016,858.91,2085.96
rice,Chhattisgarh,Durg,2017,841.13,1168.92
rice,Chhattisgarh,Bastar,2000,628.03,834.2
rice,Chhattisgarh,Bastar,2001,633.99,1454.52
rice,Chhattisgarh,Bastar,2002,623.9,531.14
rice,Chhattisgarh,Bastar,2003,632.58,1648.41
rice,Chhattisgarh,Bastar,2004,635.47,1241.05
rice,Chhattisgarh,Bastar,2005,635.47,1241.05
rice,Chhattisgarh,Bastar,2006,546.54,1530.61
rice,Chhattisgarh,Bastar,2007,626.07,1481.83
rice,Chhattisgarh,Bastar,2008,627.78,1161.76
rice,Chhattisgarh,Bastar,2009,626.66,1089.04
rice,Chhattisgarh,Bastar,2010,621.89,1905.45
rice,Chhattisgarh,Bastar,2011,627.73,1231.23
rice,Chhattisgarh,Bastar,2012,637.8,2103.06
rice,Chhattisgarh,Bastar,2013,642.79,1969.4
rice,Chhattisgarh,Bastar,2014,646.7,2129.33
rice,Chhattisgarh,Bastar,2015,644.56,1030.87
rice,Chhattisgarh,Bastar,2016,656.26,1973.24
rice,Chhattisgarh,Bastar,2017,660.36,1214.23
rice,Chhattisgarh,Raipur,2000,889.78,518.81
rice,Chhattisgarh,Raipur,2001,902.62,1241.74
rice,Chhattisgarh,Raipur,2002,897.85,734.67
rice,Chhattisgarh,Raipur,2003,912.53,1442.52
rice,Chhattisgarh,Raipur,2004,918.33,1249.64
rice,Chhattisgarh,Raipur,2005,918.33,1249.64
rice,Chhattisgarh,Raipur,2006,918.39,1442.43
rice,Chhattisgarh,Raipur,2007,956.63,1550.53
rice,Chhattisgarh,Raipur,2008,942.24,1329.15
rice,Chhattisgarh,Raipur,2009,928.66,1407.66
rice,Chhattisgarh,Raipur,2010,915.4,1661.71
rice,Chhattisgarh,Raipur,2011,958.01,1483.67
rice,Chhattisgarh,Raipur,2012,993.68,1987.25
rice,Chhattisgarh,Raipur,2013,1009.22,1733.23
rice,Chhattisgarh,Raipur,2014,1034.99,2055.8
rice,Chhattisgarh,Raipur,2015,986.91,1431.57
rice,Chhattisgarh,Raipur,2016,1009.29,2410.09
rice,Chhattisgarh,Raipur,2017,959.01,1585.96
rice,Chhattisgarh,Bilaspur,2000,704.25,621.31
rice,Chhattisgarh,Bilaspur,2001,711.68,1422.13
rice,Chhattisgarh,Bilaspur,2002,704.96,875.59
rice,Chhattisgarh,Bilaspur,2003,710.4,1424.48
rice,Chhattisgarh,Bilaspur,2004,711.59,1228.45
rice,Chhattisgarh,Bilaspur,2005,711.59,1228.45
rice,Chhattisgarh,Bilaspur,2006,712.81,1581.33
rice,Chhattisgarh,Bilaspur,2007,716.37,1619.32
rice,Chhattisgarh,Bilaspur,2008,749.56,1428.76
rice,Chhattisgarh,Bilaspur,2009,696.49,1427.57
rice,Chhattisgarh,Bilaspur,2010,705.67,1889.83
rice,Chhattisgarh,Bilaspur,2011,749.08,2079.01
rice,Chhattisgarh,Bilaspur,2012,747.27,2337.61
rice,Chhattisgarh,Bilaspur,2013,726.15,2171.95
rice,Chhattisgarh,Bilaspur,2014,728.84,2310.43
rice,Chhattisgarh,Bilaspur,2015,731.83,1831.92
rice,Chhattisgarh,Bilaspur,2016,727.5,2554.21
rice,Chhattisgarh,Bilaspur,2017,727.94,1779.97
rice,Chhattisgarh,Raigarh,2000,421.0,564.73
rice,Chhattisgarh,Raigarh,2001,420.68,1252.02
rice,Chhattisgarh,Raigarh,2002,419.69,678.1
rice,Chhattisgarh,Raigarh,2003,422.96,1294.14
rice,Chhattisgarh,Raigarh,2004,421.56,991.22
rice,Chhattisgarh,Raigarh,2005,421.56,991.22
rice,Chhattisgarh,Raigarh,2006,421.04,1040.07
rice,Chhattisgarh,Raigarh,2007,423.06,1259.04
rice,Chhattisgarh,Raigarh,2008,423.29,1183.18
rice,Chhattisgarh,Raigarh,2009,420.75,1118.31
rice,Chhattisgarh,Raigarh,2010,435.05,1375.15
rice,Chhattisgarh,Raigarh,2011,421.32,1430.41
rice,Chhattisgarh,Raigarh,2012,422.65,1517.28
rice,Chhattisgarh,Raigarh,2013,418.44,1387.92
rice,Chhattisgarh,Raigarh,2014,408.9,1608.68
rice,Chhattisgarh,Raigarh,2015,409.45,1013.29
rice,Chhattisgarh,Raigarh,2016,424.24,1800.23
rice,Chhattisgarh,Raigarh,2017,411.12,1516.07
rice,Chhattisgarh,Surguja,2000,377.94,636.58
rice,Chhattisgarh,Surguja,2001,384.88,1333.56
rice,Chhattisgarh,Surguja,2002,377.85,680.51
rice,Chhattisgarh,Surguja,2003,383.94,1311.14
rice,Chhattisgarh,Surguja,2004,380.93,982.46
rice,Chhattisgarh,Surguja,2005,380.93,982.46
rice,Chhattisgarh,Surguja,2006,383.16,1054.18
rice,Chhattisgarh,Surguja,2007,380.88,1143.27
rice,Chhattisgarh,Surguja,2008,382.59,1176.01
rice,Chhattisgarh,Surguja,2009,376.0,720.05
rice,Chhattisgarh,Surguja,2010,371.28,1075.9
rice,Chhattisgarh,Surguja,2011,377.14,1405.53
rice,Chhattisgarh,Surguja,2012,373.71,1632.47
rice,Chhattisgarh,Surguja,2013,371.71,1704.2
rice,Chhattisgarh,Surguja,2014,381.43,1801.22
rice,Chhattisgarh,Surguja,2015,369.32,1193.82
rice,Chhattisgarh,Surguja,2016,376.38,1732.96
rice,Chhattisgarh,Surguja,2017,377.07,1389.84
rice,Madhya Pradesh,Jabalpur,2000,164.3,438.22
rice,Madhya Pradesh,Jabalpur,2001,172.7,839.03
rice,Madhya Pradesh,Jabalpur,2002,170.1,567.31
rice,Madhya Pradesh,Jabalpur,2003,178.2,978.11
rice,Madhya Pradesh,Jabalpur,2004,180.52,901.95
rice,Madhya Pradesh,Jabalpur,2005,168.96,863.52
rice,Madhya Pradesh,Jabalpur,2006,173.4,598.1
rice,Madhya Pradesh,Jabalpur,2007,153.8,347.98
rice,Madhya Pradesh,Jabalpur,2008,173.3,598.33
rice,Madhya Pradesh,Jabalpur,2009,135.2,582.84
rice,Madhya Pradesh,Jabalpur,2010,151.1,1025.81
rice,Madhya Pradesh,Jabalpur,2011,157.6,1297.59
rice,Madhya Pradesh,Jabalpur,2012,182.13,1608.25
rice,Madhya Pradesh,Jabalpur,2013,188.69,1931.0
rice,Madhya Pradesh,Jabalpur,2014,179.0,1273.74
rice,Madhya Pradesh,Jabalpur,2015,169.0,1120.3
rice,Madhya Pradesh,Jabalpur,2016,225.0,2900.71
rice,Madhya Pradesh,Jabalpur,2017,210.2,2503.19
rice,Madhya Pradesh,Balaghat,2000,246.6,849.15
rice,Madhya Pradesh,Balaghat,2001,249.5,1435.67
rice,Madhya Pradesh,Balaghat,2002,247.5,839.6
rice,Madhya Pradesh,Balaghat,2003,252.1,1469.26
rice,Madhya Pradesh,Balaghat,2004,224.8,1096.49
rice,Madhya Pradesh,Balaghat,2005,248.7,1468.76
rice,Madhya Pradesh,Balaghat,2006,248.65,1203.86
rice,Madhya Pradesh,Balaghat,2007,249.8,935.83
rice,Madhya Pradesh,Balaghat,2008,249.8,726.86
rice,Madhya Pradesh,Balaghat,2009,247.8,1364.81
rice,Madhya Pradesh,Balaghat,2010,247.9,1423.96
rice,Madhya Pradesh,Balaghat,2011,246.7,1362.79
rice,Madhya Pradesh,Balaghat,2012,260.77,1865.48
rice,Madhya Pradesh,Balaghat,2013,258.65,1678.25
rice,Madhya Pradesh,Balaghat,2014,245.0,1834.0
rice,Madhya Pradesh,Balaghat,2015,266.0,1674.17
rice,Madhya Pradesh,Balaghat,2016,272.0,2482.83
rice,Madhya Pradesh,Balaghat,2017,220.21,1795.92
rice,Madhya Pradesh,Chhindwara,2000,24.8,443.55
rice,Madhya Pradesh,Chhindwara,2001,25.4,444.88
rice,Madhya Pradesh,Chhindwara,2002,25.4,433.07
rice,Madhya Pradesh,Chhindwara,2003,24.3,868.31
rice,Madhya Pradesh,Chhindwara,2004,22.68,671.08
rice,Madhya Pradesh,Chhindwara,2005,21.57,764.49
rice,Madhya Pradesh,Chhindwara,2006,20.56,810.8
rice,Madhya Pradesh,Chhindwara,2007,20.5,585.85
rice,Madhya Pradesh,Chhindwara,2008,19.3,495.85
rice,Madhya Pradesh,Chhindwara,2009,18.8,755.32
rice,Madhya Pradesh,Chhindwara,2010,18.3,1650.27
rice,Madhya Pradesh,Chhindwara,2011,20.2,2128.71
rice,Madhya Pradesh,Chhindwara,2012,13.94,2752.51
rice,Madhya Pradesh,Chhindwara,2013,13.81,2031.14
rice,Madhya Pradesh,Chhindwara,2014,20.0,2400.0
rice,Madhya Pradesh,Chhindwara,2015,31.0,1741.94
rice,Madhya Pradesh,Chhindwara,2016,35.0,1523.71
rice,Madhya Pradesh,Chhindwara,2017,34.01,1236.7
rice,Madhya Pradesh,Narsinghpur,2000,10.8,842.59
rice,Madhya Pradesh,Narsinghpur,2001,13.2,1166.67
rice,Madhya Pradesh,Narsinghpur,2002,13.0,700.0
rice,Madhya Pradesh,Narsinghpur,2003,13.3,1172.93
rice,Madhya Pradesh,Narsinghpur,2004,14.03,1065.57
rice,Madhya Pradesh,Narsinghpur,2005,13.05,1067.43
rice,Madhya Pradesh,Narsinghpur,2006,13.61,1071.27
rice,Madhya Pradesh,Narsinghpur,2007,12.9,649.61
rice,Madhya Pradesh,Narsinghpur,2008,13.1,614.5
rice,Madhya Pradesh,Narsinghpur,2009,13.4,1111.94
rice,Madhya Pradesh,Narsinghpur,2010,12.5,1560.0
rice,Madhya Pradesh,Narsinghpur,2011,12.0,1791.67
rice,Madhya Pradesh,Narsinghpur,2012,12.91,1333.08
rice,Madhya Pradesh,Narsinghpur,2013,18.36,1361.11
rice,Madhya Pradesh,Narsinghpur,2014,18.0,1407.22
rice,Madhya Pradesh,Narsinghpur,2015,34.0,2627.35
rice,Madhya Pradesh,Narsinghpur,2016,55.0,2812.0
rice,Madhya Pradesh,Narsinghpur,2017,39.1,4636.83
rice,Madhya Pradesh,Seoni / Shivani,2000,111.1,395.14
rice,Madhya Pradesh,Seoni / Shivani,2001,116.0,968.97
rice,Madhya Pradesh,Seoni / Shivani,2002,116.9,686.06
rice,Madhya Pradesh,Seoni / Shivani,2003,120.6,1456.88
rice,Madhya Pradesh,Seoni / Shivani,2004,113.9,738.37
rice,Madhya Pradesh,Seoni / Shivani,2005,118.32,1216.62
rice,Madhya Pradesh,Seoni / Shivani,2006,119.39,1137.53
rice,Madhya Pradesh,Seoni / Shivani,2007,119.0,820.25
rice,Madhya Pradesh,Seoni / Shivani,2008,115.6,669.72
rice,Madhya Pradesh,Seoni / Shivani,2009,116.8,1047.95
rice,Madhya Pradesh,Seoni / Shivani,2010,116.3,1323.3
rice,Madhya Pradesh,Seoni / Shivani,2011,121.2,1455.45
rice,Madhya Pradesh,Seoni / Shivani,2012,136.55,2057.93
rice,Madhya Pradesh,Seoni / Shivani,2013,150.24,2935.24
rice,Madhya Pradesh,Seoni / Shivani,2014,139.0,1434.03
rice,Madhya Pradesh,Seoni / Shivani,2015,169.0,1412.25
rice,Madhya Pradesh,Seoni / Shivani,2016,182.0,2472.53
rice,Madhya Pradesh,Seoni / Shivani,2017,133.13,2403.52
rice,Madhya Pradesh,Mandla,2000,175.2,360.73
rice,Madhya Pradesh,Mandla,2001,186.0,765.59
rice,Madhya Pradesh,Mandla,2002,184.2,529.86
rice,Madhya Pradesh,Mandla,2003,189.9,776.2
rice,Madhya Pradesh,Mandla,2004,192.38,697.16
rice,Madhya Pradesh,Mandla,2005,193.13,736.14
rice,Madhya Pradesh,Mandla,2006,192.71,672.93
rice,Madhya Pradesh,Mandla,2007,193.3,482.46
rice,Madhya Pradesh,Mandla,2008,194.1,465.48
rice,Madhya Pradesh,Mandla,2009,180.1,589.67
rice,Madhya Pradesh,Mandla,2010,191.1,824.18
rice,Madhya Pradesh,Mandla,2011,198.7,1015.6
rice,Madhya Pradesh,Mandla,2012,210.44,1010.69
rice,Madhya Pradesh,Mandla,2013,212.68,1138.56
rice,Madhya Pradesh,Mandla,2014,209.0,1311.0
rice,Madhya Pradesh,Mandla,2015,215.0,1699.21
rice,Madhya Pradesh,Mandla,2016,227.0,1941.23
rice,Madhya Pradesh,Mandla,2017,215.1,3205.25
rice,Madhya Pradesh,Sagar,2000,9.8,540.82
rice,Madhya Pradesh,Sagar,2001,9.6,520.83
rice,Madhya Pradesh,Sagar,2002,9.4,361.7
rice,Madhya Pradesh,Sagar,2003,9.7,618.56
rice,Madhya Pradesh,Sagar,2004,9.5,569.47
rice,Madhya Pradesh,Sagar,2005,8.6,529.07
rice,Madhya Pradesh,Sagar,2006,8.37,513.74
rice,Madhya Pradesh,Sagar,2007,6.6,360.61
rice,Madhya Pradesh,Sagar,2008,6.4,350.0
rice,Madhya Pradesh,Sagar,2009,6.0,616.67
rice,Madhya Pradesh,Sagar,2010,6.0,750.0
rice,Madhya Pradesh,Sagar,2011,3.4,794.12
rice,Madhya Pradesh,Sagar,2012,5.26,633.08
rice,Madhya Pradesh,Sagar,2013,4.78,437.24
rice,Madhya Pradesh,Sagar,2014,5.0,1066.0
rice,Madhya Pradesh,Sagar,2015,7.0,285.71
rice,Madhya Pradesh,Sagar,2016,6.0,1000.0
rice,Madhya Pradesh,Sagar,2017,5.06,1124.51
rice,Madhya Pradesh,Damoh,2000,54.0,425.93
rice,Madhya Pradesh,Damoh,2001,55.1,624.32
rice,Madhya Pradesh,Damoh,2002,51.9,290.94
rice,Madhya Pradesh,Damoh,2003,52.6,779.47
rice,Madhya Pradesh,Damoh,2004,53.23,686.64
rice,Madhya Pradesh,Damoh,2005,53.3,645.4
rice,Madhya Pradesh,Damoh,2006,53.26,540.37
rice,Madhya Pradesh,Damoh,2007,53.9,380.89
rice,Madhya Pradesh,Damoh,2008,56.3,508.7
rice,Madhya Pradesh,Damoh,2009,55.6,674.46
rice,Madhya Pradesh,Damoh,2010,50.2,1033.86
rice,Madhya Pradesh,Damoh,2011,55.8,1066.31
rice,Madhya Pradesh,Damoh,2012,56.3,993.43
rice,Madhya Pradesh,Damoh,2013,55.63,1120.08
rice,Madhya Pradesh,Damoh,2014,66.0,1070.76
rice,Madhya Pradesh,Damoh,2015,73.0,1132.47
rice,Madhya Pradesh,Damoh,2016,80.0,1875.0
rice,Madhya Pradesh,Damoh,2017,75.73,1666.71
rice,Madhya Pradesh,Tikamgarh,2000,22.7,674.01
rice,Madhya Pradesh,Tikamgarh,2001,23.2,689.66
rice,Madhya Pradesh,Tikamgarh,2002,21.5,339.53
rice,Madhya Pradesh,Tikamgarh,2003,22.9,842.79
rice,Madhya Pradesh,Tikamgarh,2004,19.89,471.59
rice,Madhya Pradesh,Tikamgarh,2005,18.37,491.02
rice,Madhya Pradesh,Tikamgarh,2006,14.49,394.75
rice,Madhya Pradesh,Tikamgarh,2007,11.7,112.82
rice,Madhya Pradesh,Tikamgarh,2008,12.9,373.64
rice,Madhya Pradesh,Tikamgarh,2009,12.7,409.45
rice,Madhya Pradesh,Tikamgarh,2010,12.0,450.0
rice,Madhya Pradesh,Tikamgarh,2011,11.7,726.5
rice,Madhya Pradesh,Tikamgarh,2012,11.77,475.79
rice,Madhya Pradesh,Tikamgarh,2013,11.41,351.45
rice,Madhya Pradesh,Tikamgarh,2014,13.0,410.0
rice,Madhya Pradesh,Tikamgarh,2015,6.0,111.67
rice,Madhya Pradesh,Tikamgarh,2016,6.0,1000.0
rice,Madhya Pradesh,Tikamgarh,2017,4.56,359.65
rice,Madhya Pradesh,Chhatarpur,2000,18.7,449.2
rice,Madhya Pradesh,Chhatarpur,2001,17.4,683.91
rice,Madhya Pradesh,Chhatarpur,2002,14.8,445.95
rice,Madhya Pradesh,Chhatarpur,2003,16.2,858.02
rice,Madhya Pradesh,Chhatarpur,2004,15.68,664.54
rice,Madhya Pradesh,Chhatarpur,2005,15.08,643.24
rice,Madhya Pradesh,Chhatarpur,2006,11.87,422.91
rice,Madhya Pradesh,Chhatarpur,2007,11.3,210.62
rice,Madhya Pradesh,Chhatarpur,2008,11.3,431.86
rice,Madhya Pradesh,Chhatarpur,2009,9.7,453.61
rice,Madhya Pradesh,Chhatarpur,2010,8.9,617.98
rice,Madhya Pradesh,Chhatarpur,2011,9.1,868.13
rice,Madhya Pradesh,Chhatarpur,2012,5.79,374.78
rice,Madhya Pradesh,Chhatarpur,2013,5.37,884.54
rice,Madhya Pradesh,Chhatarpur,2014,10.0,867.0
rice,Madhya Pradesh,Chhatarpur,2015,8.0,333.75
rice,Madhya Pradesh,Chhatarpur,2016,8.0,1082.5
rice,Madhya Pradesh,Chhatarpur,2017,6.33,470.77
rice,Madhya Pradesh,Panna,2000,62.5,369.6
rice,Madhya Pradesh,Panna,2001,63.2,547.47
rice,Madhya Pradesh,Panna,2002,60.9,323.48
rice,Madhya Pradesh,Panna,2003,59.5,458.82
rice,Madhya Pradesh,Panna,2004,62.85,395.86
rice,Madhya Pradesh,Panna,2005,60.75,620.58
rice,Madhya Pradesh,Panna,2006,56.22,453.58
rice,Madhya Pradesh,Panna,2007,49.8,307.43
rice,Madhya Pradesh,Panna,2008,57.1,514.36
rice,Madhya Pradesh,Panna,2009,58.3,490.57
rice,Madhya Pradesh,Panna,2010,53.7,960.89
rice,Madhya Pradesh,Panna,2011,61.3,995.11
rice,Madhya Pradesh,Panna,2012,63.64,1019.96
rice,Madhya Pradesh,Panna,2013,80.65,1134.66
rice,Madhya Pradesh,Panna,2014,56.0,1369.11
rice,Madhya Pradesh,Panna,2015,55.0,315.09
rice,Madhya Pradesh,Panna,2016,69.0,2598.99
rice,Madhya Pradesh,Panna,2017,58.4,2400.68
rice,Madhya Pradesh,Rewa,2000,134.8,548.96
rice,Madhya Pradesh,Rewa,2001,145.4,939.48
rice,Madhya Pradesh,Rewa,2002,140.7,683.72
rice,Madhya Pradesh,Rewa,2003,147.1,939.5
rice,Madhya Pradesh,Rewa,2004,141.56,632.45
rice,Madhya Pradesh,Rewa,2005,143.32,963.72
rice,Madhya Pradesh,Rewa,2006,137.69,647.61
rice,Madhya Pradesh,Rewa,2007,131.6,346.05
rice,Madhya Pradesh,Rewa,2008,136.9,644.56
rice,Madhya Pradesh,Rewa,2009,124.9,638.91
rice,Madhya Pradesh,Rewa,2010,102.1,661.12
rice,Madhya Pradesh,Rewa,2011,120.4,1177.74
rice,Madhya Pradesh,Rewa,2012,123.51,1616.47
rice,Madhya Pradesh,Rewa,2013,119.62,1789.92
rice,Madhya Pradesh,Rewa,2014,136.0,1808.82
rice,Madhya Pradesh,Rewa,2015,121.0,947.69
rice,Madhya Pradesh,Rewa,2016,126.0,2793.65
rice,Madhya Pradesh,Rewa,2017,121.3,5159.93
rice,Madhya Pradesh,Sidhi,2000,119.9,437.86
rice,Madhya Pradesh,Sidhi,2001,124.7,712.91
rice,Madhya Pradesh,Sidhi,2002,116.1,621.88
rice,Madhya Pradesh,Sidhi,2003,122.1,1064.7
rice,Madhya Pradesh,Sidhi,2004,121.76,693.25
rice,Madhya Pradesh,Sidhi,2005,124.63,737.3
rice,Madhya Pradesh,Sidhi,2006,127.04,814.86
rice,Madhya Pradesh,Sidhi,2007,122.6,432.3
rice,Madhya Pradesh,Sidhi,2008,122.4,393.06
rice,Madhya Pradesh,Sidhi,2009,116.4,630.58
rice,Madhya Pradesh,Sidhi,2010,102.5,890.73
rice,Madhya Pradesh,Sidhi,2011,87.8,962.41
rice,Madhya Pradesh,Sidhi,2012,115.75,2058.23
rice,Madhya Pradesh,Sidhi,2013,116.25,1485.59
rice,Madhya Pradesh,Sidhi,2014,100.0,1260.0
rice,Madhya Pradesh,Sidhi,2015,118.0,1163.81
rice,Madhya Pradesh,Sidhi,2016,118.0,2949.15
rice,Madhya Pradesh,Sidhi,2017,113.95,2049.14
rice,Madhya Pradesh,Satna,2000,101.2,287.55
rice,Madhya Pradesh,Satna,2001,112.5,1032.0
rice,Madhya Pradesh,Satna,2002,102.0,659.8
rice,Madhya Pradesh,Satna,2003,102.4,951.17
rice,Madhya Pradesh,Satna,2004,102.35,1038.69
rice,Madhya Pradesh,Satna,2005,103.74,1188.55
rice,Madhya Pradesh,Satna,2006,94.92,641.8
rice,Madhya Pradesh,Satna,2007,89.7,249.39
rice,Madhya Pradesh,Satna,2008,90.3,432.0
rice,Madhya Pradesh,Satna,2009,82.6,647.7
rice,Madhya Pradesh,Satna,2010,71.7,1036.26
rice,Madhya Pradesh,Satna,2011,82.4,1649.27
rice,Madhya Pradesh,Satna,2012,85.38,2315.18
rice,Madhya Pradesh,Satna,2013,82.07,2297.55
rice,Madhya Pradesh,Satna,2014,104.0,1935.87
rice,Madhya Pradesh,Satna,2015,104.0,2288.46
rice,Madhya Pradesh,Satna,2016,120.0,3277.75
rice,Madhya Pradesh,Satna,2017,132.0,2460.61
rice,Madhya Pradesh,Shahdol,2000,244.5,639.67
rice,Madhya Pradesh,Shahdol,2001,251.0,845.82
rice,Madhya Pradesh,Shahdol,2002,245.9,492.48
rice,Madhya Pradesh,Shahdol,2003,249.7,778.53
rice,Madhya Pradesh,Shahdol,2004,254.81,567.01
rice,Madhya Pradesh,Shahdol,2005,254.5,983.85
rice,Madhya Pradesh,Shahdol,2006,253.22,825.01
rice,Madhya Pradesh,Shahdol,2007,254.6,393.01
rice,Madhya Pradesh,Shahdol,2008,253.0,592.73
rice,Madhya Pradesh,Shahdol,2009,236.0,702.97
rice,Madhya Pradesh,Shahdol,2010,236.6,959.85
rice,Madhya Pradesh,Shahdol,2011,258.6,1367.75
rice,Madhya Pradesh,Shahdol,2012,257.73,1489.54
rice,Madhya Pradesh,Shahdol,2013,257.18,1885.37
rice,Madhya Pradesh,Shahdol,2014,269.0,1898.4
rice,Madhya Pradesh,Shahdol,2015,229.0,1650.66
rice,Madhya Pradesh,Shahdol,2016,276.0,2113.48
rice,Madhya Pradesh,Shahdol,2017,240.33,1622.35
rice,Madhya Pradesh,Gwalior,2000,38.9,2100.26
rice,Madhya Pradesh,Gwalior,2001,43.4,2274.19
rice,Madhya Pradesh,Gwalior,2002,15.8,898.73
rice,Madhya Pradesh,Gwalior,2003,14.9,2463.09
rice,Madhya Pradesh,Gwalior,2004,14.64,2109.29
rice,Madhya Pradesh,Gwalior,2005,17.54,2312.43
rice,Madhya Pradesh,Gwalior,2006,15.93,2346.52
rice,Madhya Pradesh,Gwalior,2007,11.7,947.86
rice,Madhya Pradesh,Gwalior,2008,31.0,1741.61
rice,Madhya Pradesh,Gwalior,2009,21.0,2576.19
rice,Madhya Pradesh,Gwalior,2010,24.5,2612.24
rice,Madhya Pradesh,Gwalior,2011,34.7,3204.61
rice,Madhya Pradesh,Gwalior,2012,49.16,1819.16
rice,Madhya Pradesh,Gwalior,2013,57.51,2348.98
rice,Madhya Pradesh,Gwalior,2014,49.0,2272.04
rice,Madhya Pradesh,Gwalior,2015,53.0,2830.19
rice,Madhya Pradesh,Gwalior,2016,58.0,1643.62
rice,Madhya Pradesh,Gwalior,2017,9.11,2885.84
rice,Madhya Pradesh,Shivpuri,2000,6.4,859.37
rice,Madhya Pradesh,Shivpuri,2001,6.4,1093.75
rice,Madhya Pradesh,Shivpuri,2002,4.7,404.26
rice,Madhya Pradesh,Shivpuri,2003,6.1,1409.84
rice,Madhya Pradesh,Shivpuri,2004,5.73,1031.41
rice,Madhya Pradesh,Shivpuri,2005,6.16,949.68
rice,Madhya Pradesh,Shivpuri,2006,5.12,927.73
rice,Madhya Pradesh,Shivpuri,2007,5.1,503.92
rice,Madhya Pradesh,Shivpuri,2008,8.0,751.25
rice,Madhya Pradesh,Shivpuri,2009,8.0,1362.5
rice,Madhya Pradesh,Shivpuri,2010,8.3,1590.36
rice,Madhya Pradesh,Shivpuri,2011,9.0,1577.78
rice,Madhya Pradesh,Shivpuri,2012,13.4,1483.58
rice,Madhya Pradesh,Shivpuri,2013,14.63,1166.1
rice,Madhya Pradesh,Shivpuri,2014,14.0,1237.86
rice,Madhya Pradesh,Shivpuri,2015,11.0,2484.55
rice,Madhya Pradesh,Shivpuri,2016,14.0,2809.29
rice,Madhya Pradesh,Shivpuri,2017,4.4,2454.55
rice,Madhya Pradesh,Guna,2000,1.7,764.71
rice,Madhya Pradesh,Guna,2001,1.7,823.53
rice,Madhya Pradesh,Guna,2002,1.6,312.5
rice,Madhya Pradesh,Guna,2003,1.8,944.44
rice,Madhya Pradesh,Guna,2004,1.72,837.21
rice,Madhya Pradesh,Guna,2005,1.64,756.1
rice,Madhya Pradesh,Guna,2006,1.6,756.25
rice,Madhya Pradesh,Guna,2007,1.6,500.0
rice,Madhya Pradesh,Guna,2008,1.4,421.43
rice,Madhya Pradesh,Guna,2009,1.3,846.15
rice,Madhya Pradesh,Guna,2010,1.3,1000.0
rice,Madhya Pradesh,Guna,2011,1.4,1142.86
rice,Madhya Pradesh,Guna,2012,1.87,2417.11
rice,Madhya Pradesh,Guna,2013,1.92,1651.04
rice,Madhya Pradesh,Guna,2014,3.0,2220.0
rice,Madhya Pradesh,Guna,2015,4.0,1500.0
rice,Madhya Pradesh,Guna,2017,5.71,1595.45
rice,Madhya Pradesh,Datia,2000,2.0,950.0
rice,Madhya Pradesh,Datia,2001,2.0,1150.0
rice,Madhya Pradesh,Datia,2002,1.2,666.67
rice,Madhya Pradesh,Datia,2003,1.4,1428.57
rice,Madhya Pradesh,Datia,2004,1.75,657.14
rice,Madhya Pradesh,Datia,2005,1.68,946.43
rice,Madhya Pradesh,Datia,2006,1.46,842.47
rice,Madhya Pradesh,Datia,2007,1.5,613.33
rice,Madhya Pradesh,Datia,2008,4.0,825.0
rice,Madhya Pradesh,Datia,2009,4.3,1162.79
rice,Madhya Pradesh,Datia,2010,5.7,1245.61
rice,Madhya Pradesh,Datia,2011,5.0,1240.0
rice,Madhya Pradesh,Datia,2012,8.08,2045.79
rice,Madhya Pradesh,Datia,2013,12.14,1144.98
rice,Madhya Pradesh,Datia,2014,30.0,977.67
rice,Madhya Pradesh,Datia,2015,14.0,1714.29
rice,Madhya Pradesh,Datia,2016,17.0,2156.47
rice,Madhya Pradesh,Datia,2017,16.6,1818.07
rice,Madhya Pradesh,Morena,2000,8.0,1362.5
rice,Madhya Pradesh,Morena,2001,7.4,2243.24
rice,Madhya Pradesh,Morena,2002,2.7,925.93
rice,Madhya Pradesh,Morena,2003,4.0,2575.0
rice,Madhya Pradesh,Morena,2004,3.61,1720.22
rice,Madhya Pradesh,Morena,2005,4.09,1882.64
rice,Madhya Pradesh,Morena,2006,4.33,2235.57
rice,Madhya Pradesh,Morena,2007,4.8,2475.0
rice,Madhya Pradesh,Morena,2008,7.5,1566.67
rice,Madhya Pradesh,Morena,2009,10.1,2495.05
rice,Madhya Pradesh,Morena,2010,9.7,2969.07
rice,Madhya Pradesh,Morena,2011,15.1,2973.51
rice,Madhya Pradesh,Morena,2012,13.71,3695.84
rice,Madhya Pradesh,Morena,2013,16.11,3639.98
rice,Madhya Pradesh,Morena,2014,20.0,2300.0
rice,Madhya Pradesh,Morena,2015,20.0,3500.0
rice,Madhya Pradesh,Morena,2016,19.0,2455.79
rice,Madhya Pradesh,Morena,2017,21.4,2808.41
rice,Madhya Pradesh,Bhind,2000,14.0,942.86
rice,Madhya Pradesh,Bhind,2001,15.7,2133.76
rice,Madhya Pradesh,Bhind,2002,6.1,2327.87
rice,Madhya Pradesh,Bhind,2003,1.3,2692.31
rice,Madhya Pradesh,Bhind,2004,1.8,2277.78
rice,Madhya Pradesh,Bhind,2005,3.73,2101.88
rice,Madhya Pradesh,Bhind,2008,10.3,1146.6
rice,Madhya Pradesh,Bhind,2009,1.6,2187.5
rice,Madhya Pradesh,Bhind,2010,5.6,2732.14
rice,Madhya Pradesh,Bhind,2012,4.62,2699.13
rice,Madhya Pradesh,Bhind,2013,4.8,4335.42
rice,Madhya Pradesh,Bhind,2014,6.0,3445.0
rice,Madhya Pradesh,Bhind,2015,6.0,4555.0
rice,Madhya Pradesh,Bhind,2016,7.0,2190.0
rice,Madhya Pradesh,Bhind,2017,3.0,1920.0
rice,Madhya Pradesh,Ratlam,2000,2.8,392.86
rice,Madhya Pradesh,Ratlam,2001,2.4,500.0
rice,Madhya Pradesh,Ratlam,2002,2.8,535.71
rice,Madhya Pradesh,Ratlam,2003,2.7,703.7
rice,Madhya Pradesh,Ratlam,2004,2.23,529.15
rice,Madhya Pradesh,Ratlam,2005,2.51,721.12
rice,Madhya Pradesh,Ratlam,2006,2.17,732.72
rice,Madhya Pradesh,Ratlam,2007,2.1,471.43
rice,Madhya Pradesh,Ratlam,2008,1.8,477.78
rice,Madhya Pradesh,Ratlam,2009,1.8,722.22
rice,Madhya Pradesh,Ratlam,2010,1.7,764.71
rice,Madhya Pradesh,Ratlam,2011,1.9,947.37
rice,Madhya Pradesh,Ratlam,2012,1.36,1139.71
rice,Madhya Pradesh,Ratlam,2013,1.29,1201.55
rice,Madhya Pradesh,Ratlam,2016,1.0,660.0
rice,Madhya Pradesh,Mandsaur,2017,0.8,2200.0
rice,Madhya Pradesh,Dewas,2000,0.8,500.0
rice,Madhya Pradesh,Dewas,2001,0.8,625.0
rice,Madhya Pradesh,Dewas,2002,0.8,500.0
rice,Madhya Pradesh,Dewas,2003,0.8,625.0
rice,Madhya Pradesh,Dewas,2004,0.69,594.2
rice,Madhya Pradesh,Dewas,2005,0.6,516.67
rice,Madhya Pradesh,Dewas,2006,0.54,537.04
rice,Madhya Pradesh,Dewas,2007,0.6,433.33
rice,Madhya Pradesh,Dewas,2014,1.0,670.0
rice,Madhya Pradesh,Dhar,2000,2.9,275.86
rice,Madhya Pradesh,Dhar,2001,2.8,392.86
rice,Madhya Pradesh,Dhar,2002,2.7,518.52
rice,Madhya Pradesh,Dhar,2003,2.6,769.23
rice,Madhya Pradesh,Dhar,2004,2.35,519.15
rice,Madhya Pradesh,Dhar,2005,2.26,522.12
rice,Madhya Pradesh,Dhar,2006,1.86,564.52
rice,Madhya Pradesh,Dhar,2007,1.7,388.24
rice,Madhya Pradesh,Dhar,2008,1.4,378.57
rice,Madhya Pradesh,Dhar,2009,1.2,583.33
rice,Madhya Pradesh,Dhar,2010,1.2,750.0
rice,Madhya Pradesh,Dhar,2011,1.3,846.15
rice,Madhya Pradesh,Dhar,2012,0.76,868.42
rice,Madhya Pradesh,Dhar,2013,0.66,757.58
rice,Madhya Pradesh,Dhar,2014,1.0,670.0
rice,Madhya Pradesh,Dhar,2017,0.73,1442.47
rice,Madhya Pradesh,Jhabua,2000,23.7,135.02
rice,Madhya Pradesh,Jhabua,2001,22.5,204.44
rice,Madhya Pradesh,Jhabua,2002,21.8,435.78
rice,Madhya Pradesh,Jhabua,2003,22.4,651.79
rice,Madhya Pradesh,Jhabua,2004,22.71,565.39
rice,Madhya Pradesh,Jhabua,2005,22.5,461.78
rice,Madhya Pradesh,Jhabua,2006,22.89,462.65
rice,Madhya Pradesh,Jhabua,2007,22.8,361.84
rice,Madhya Pradesh,Jhabua,2008,21.9,340.64
rice,Madhya Pradesh,Jhabua,2009,20.4,392.16
rice,Madhya Pradesh,Jhabua,2010,19.9,683.42
rice,Madhya Pradesh,Jhabua,2011,20.9,708.13
rice,Madhya Pradesh,Jhabua,2012,18.98,507.9
rice,Madhya Pradesh,Jhabua,2013,18.82,1292.24
rice,Madhya Pradesh,Jhabua,2014,16.0,708.75
rice,Madhya Pradesh,Jhabua,2015,15.0,755.33
rice,Madhya Pradesh,Jhabua,2016,17.0,1175.88
rice,Madhya Pradesh,Jhabua,2017,13.63,1230.37
rice,Madhya Pradesh,Khargone / West Nimar,2000,8.9,258.43
rice,Madhya Pradesh,Khargone / West Nimar,2001,8.5,400.0
rice,Madhya Pradesh,Khargone / West Nimar,2002,8.1,506.17
rice,Madhya Pradesh,Khargone / West Nimar,2003,7.8,628.21
rice,Madhya Pradesh,Khargone / West Nimar,2004,7.21,428.57
rice,Madhya Pradesh,Khargone / West Nimar,2005,6.58,407.29
rice,Madhya Pradesh,Khargone / West Nimar,2006,6.04,519.87
rice,Madhya Pradesh,Khargone / West Nimar,2007,5.6,387.5
rice,Madhya Pradesh,Khargone / West Nimar,2008,5.5,349.09
rice,Madhya Pradesh,Khargone / West Nimar,2009,5.1,490.2
rice,Madhya Pradesh,Khargone / West Nimar,2010,4.3,767.44
rice,Madhya Pradesh,Khargone / West Nimar,2011,3.6,805.56
rice,Madhya Pradesh,Khargone / West Nimar,2012,3.09,799.35
rice,Madhya Pradesh,Khargone / West Nimar,2013,2.83,427.56
rice,Madhya Pradesh,Khargone / West Nimar,2014,2.0,2000.0
rice,Madhya Pradesh,Khargone / West Nimar,2015,2.0,335.0
rice,Madhya Pradesh,Khargone / West Nimar,2016,1.0,660.0
rice,Madhya Pradesh,Khargone / West Nimar,2017,1.76,1100.0
rice,Madhya Pradesh,Khandwa / East Nimar,2000,23.2,590.52
rice,Madhya Pradesh,Khandwa / East Nimar,2001,22.8,767.54
rice,Madhya Pradesh,Khandwa / East Nimar,2002,20.7,758.45
rice,Madhya Pradesh,Khandwa / East Nimar,2003,19.2,1057.29
rice,Madhya Pradesh,Khandwa / East Nimar,2004,16.46,868.77
rice,Madhya Pradesh,Khandwa / East Nimar,2005,15.65,912.46
rice,Madhya Pradesh,Khandwa / East Nimar,2006,13.4,1024.63
rice,Madhya Pradesh,Khandwa / East Nimar,2007,12.5,749.6
rice,Madhya Pradesh,Khandwa / East Nimar,2008,12.0,670.83
rice,Madhya Pradesh,Khandwa / East Nimar,2009,10.4,826.92
rice,Madhya Pradesh,Khandwa / East Nimar,2010,8.6,1360.47
rice,Madhya Pradesh,Khandwa / East Nimar,2011,7.6,1236.84
rice,Madhya Pradesh,Khandwa / East Nimar,2012,5.1,1515.69
rice,Madhya Pradesh,Khandwa / East Nimar,2013,4.88,803.28
rice,Madhya Pradesh,Khandwa / East Nimar,2014,8.0,1250.0
rice,Madhya Pradesh,Khandwa / East Nimar,2015,7.0,475.71
rice,Madhya Pradesh,Khandwa / East Nimar,2016,8.0,916.25
rice,Madhya Pradesh,Khandwa / East Nimar,2017,5.89,573.85
rice,Madhya Pradesh,Sehore,2000,2.4,541.67
rice,Madhya Pradesh,Sehore,2001,2.3,652.17
rice,Madhya Pradesh,Sehore,2002,2.3,695.65
rice,Madhya Pradesh,Sehore,2003,2.1,761.9
rice,Madhya Pradesh,Sehore,2004,2.0,700.0
rice,Madhya Pradesh,Sehore,2005,1.9,663.16
rice,Madhya Pradesh,Sehore,2006,1.97,664.97
rice,Madhya Pradesh,Sehore,2007,2.9,500.0
rice,Madhya Pradesh,Sehore,2008,5.1,503.92
rice,Madhya Pradesh,Sehore,2009,5.5,1000.0
rice,Madhya Pradesh,Sehore,2010,6.6,1090.91
rice,Madhya Pradesh,Sehore,2011,13.1,1687.02
rice,Madhya Pradesh,Sehore,2012,17.98,2551.17
rice,Madhya Pradesh,Sehore,2013,20.18,3068.38
rice,Madhya Pradesh,Sehore,2014,46.0,3202.83
rice,Madhya Pradesh,Sehore,2015,33.0,3535.45
rice,Madhya Pradesh,Sehore,2016,24.0,3944.58
rice,Madhya Pradesh,Sehore,2017,36.45,1975.03
rice,Madhya Pradesh,Raisen,2000,5.2,557.69
rice,Madhya Pradesh,Raisen,2001,5.4,574.07
rice,Madhya Pradesh,Raisen,2002,5.3,547.17
rice,Madhya Pradesh,Raisen,2003,5.3,622.64
rice,Madhya Pradesh,Raisen,2004,5.91,612.52
rice,Madhya Pradesh,Raisen,2005,8.3,615.66
rice,Madhya Pradesh,Raisen,2006,12.37,669.36
rice,Madhya Pradesh,Raisen,2007,18.0,696.67
rice,Madhya Pradesh,Raisen,2008,22.1,630.32
rice,Madhya Pradesh,Raisen,2009,21.9,968.04
rice,Madhya Pradesh,Raisen,2010,26.2,1267.18
rice,Madhya Pradesh,Raisen,2011,21.5,1427.91
rice,Madhya Pradesh,Raisen,2012,35.34,1284.1
rice,Madhya Pradesh,Raisen,2013,62.69,863.61
rice,Madhya Pradesh,Raisen,2014,137.0,2501.24
rice,Madhya Pradesh,Raisen,2015,99.0,2289.6
rice,Madhya Pradesh,Raisen,2016,135.0,2256.74
rice,Madhya Pradesh,Raisen,2017,112.0,2114.64
rice,Madhya Pradesh,Vidisha,2000,0.7,571.43
rice,Madhya Pradesh,Vidisha,2001,0.8,500.0
rice,Madhya Pradesh,Vidisha,2002,0.7,285.71
rice,Madhya Pradesh,Vidisha,2003,0.7,714.29
rice,Madhya Pradesh,Vidisha,2004,0.66,606.06
rice,Madhya Pradesh,Vidisha,2005,0.62,774.19
rice,Madhya Pradesh,Vidisha,2006,0.57,789.47
rice,Madhya Pradesh,Vidisha,2007,0.5,520.0
rice,Madhya Pradesh,Vidisha,2008,0.5,520.0
rice,Madhya Pradesh,Vidisha,2009,0.6,833.33
rice,Madhya Pradesh,Vidisha,2013,1.5,560.0
rice,Madhya Pradesh,Vidisha,2014,4.0,832.5
rice,Madhya Pradesh,Vidisha,2015,3.0,1333.33
rice,Madhya Pradesh,Vidisha,2016,3.0,1333.33
rice,Madhya Pradesh,Vidisha,2017,10.5,2266.67
rice,Madhya Pradesh,Betul,2000,41.9,606.21
rice,Madhya Pradesh,Betul,2001,43.3,879.91
rice,Madhya Pradesh,Betul,2002,41.0,682.93
rice,Madhya Pradesh,Betul,2003,41.0,1017.07
rice,Madhya Pradesh,Betul,2004,41.16,764.82
rice,Madhya Pradesh,Betul,2005,42.18,900.19
rice,Madhya Pradesh,Betul,2006,40.74,983.55
rice,Madhya Pradesh,Betul,2007,43.9,693.17
rice,Madhya Pradesh,Betul,2008,43.0,693.72
rice,Madhya Pradesh,Betul,2009,44.1,1047.62
rice,Madhya Pradesh,Betul,2010,43.7,1391.3
rice,Madhya Pradesh,Betul,2011,42.1,1562.95
rice,Madhya Pradesh,Betul,2012,44.86,2714.22
rice,Madhya Pradesh,Betul,2013,43.84,2254.79
rice,Madhya Pradesh,Betul,2014,47.0,2241.06
rice,Madhya Pradesh,Betul,2015,42.0,1714.29
rice,Madhya Pradesh,Betul,2016,55.0,1769.64
rice,Madhya Pradesh,Betul,2017,45.0,1758.0
rice,Madhya Pradesh,Rajgarh,2000,1.3,230.77
rice,Madhya Pradesh,Rajgarh,2001,1.2,416.67
rice,Madhya Pradesh,Rajgarh,2002,1.1,272.73
rice,Madhya Pradesh,Rajgarh,2003,1.1,727.27
rice,Madhya Pradesh,Rajgarh,2004,0.96,635.42
rice,Madhya Pradesh,Rajgarh,2005,0.87,494.25
rice,Madhya Pradesh,Rajgarh,2006,0.97,577.32
rice,Madhya Pradesh,Rajgarh,2007,0.9,444.44
rice,Madhya Pradesh,Rajgarh,2008,0.7,371.43
rice,Madhya Pradesh,Rajgarh,2009,0.6,500.0
rice,Madhya Pradesh,Rajgarh,2010,0.5,800.0
rice,Madhya Pradesh,Rajgarh,2011,0.6,833.33
rice,Madhya Pradesh,Rajgarh,2014,1.0,670.0
rice,Madhya Pradesh,Rajgarh,2015,1.0,1330.0
rice,Madhya Pradesh,Rajgarh,2016,1.0,2660.0
rice,Madhya Pradesh,Rajgarh,2017,1.15,648.7
rice,Madhya Pradesh,Shajapur,2000,0.6,500.0
rice,Madhya Pradesh,Shajapur,2001,0.5,400.0
rice,Madhya Pradesh,Hoshangabad,2000,11.5,1121.74
rice,Madhya Pradesh,Hoshangabad,2001,11.4,1210.53
rice,Madhya Pradesh,Hoshangabad,2002,11.0,1263.64
rice,Madhya Pradesh,Hoshangabad,2003,12.4,1298.39
rice,Madhya Pradesh,Hoshangabad,2004,13.48,963.65
rice,Madhya Pradesh,Hoshangabad,2005,15.25,1300.33
rice,Madhya Pradesh,Hoshangabad,2006,15.93,1338.98
rice,Madhya Pradesh,Hoshangabad,2007,17.1,1088.3
rice,Madhya Pradesh,Hoshangabad,2008,17.9,984.36
rice,Madhya Pradesh,Hoshangabad,2009,20.4,1666.67
rice,Madhya Pradesh,Hoshangabad,2010,24.1,2307.05
rice,Madhya Pradesh,Hoshangabad,2011,26.0,2011.54
rice,Madhya Pradesh,Hoshangabad,2012,30.05,2054.58
rice,Madhya Pradesh,Hoshangabad,2013,41.8,1577.03
rice,Madhya Pradesh,Hoshangabad,2014,103.0,1851.17
rice,Madhya Pradesh,Hoshangabad,2015,111.0,2852.88
rice,Madhya Pradesh,Hoshangabad,2016,122.0,2300.49
rice,Madhya Pradesh,Hoshangabad,2017,136.8,2285.45
rice,Andhra Pradesh,Srikakulam,2000,274.6,1862.16
rice,Andhra Pradesh,Srikakulam,2001,235.44,2132.62
rice,Andhra Pradesh,Srikakulam,2002,201.5,1630.27
rice,Andhra Pradesh,Srikakulam,2003,246.96,2210.18
rice,Andhra Pradesh,Srikakulam,2004,256.78,2344.28
rice,Andhra Pradesh,Srikakulam,2005,206.8,1701.41
rice,Andhra Pradesh,Srikakulam,2006,256.64,2496.33
rice,Andhra Pradesh,Srikakulam,2007,266.55,3014.59
rice,Andhra Pradesh,Srikakulam,2008,271.17,2104.12
rice,Andhra Pradesh,Srikakulam,2009,233.89,2128.29
rice,Andhra Pradesh,Srikakulam,2010,279.72,1282.12
rice,Andhra Pradesh,Srikakulam,2011,272.7,1971.75
rice,Andhra Pradesh,Srikakulam,2012,271.63,2537.01
rice,Andhra Pradesh,Srikakulam,2013,261.53,1914.64
rice,Andhra Pradesh,Srikakulam,2014,272.51,2251.58
rice,Andhra Pradesh,Srikakulam,2015,270.13,2459.96
rice,Andhra Pradesh,Srikakulam,2016,268.4,2987.93
rice,Andhra Pradesh,Srikakulam,2017,279.15,2635.76
rice,Andhra Pradesh,Visakhapatnam,2000,184.25,1629.35
rice,Andhra Pradesh,Visakhapatnam,2001,145.4,1770.74
rice,Andhra Pradesh,Visakhapatnam,2002,111.5,1098.65
rice,Andhra Pradesh,Visakhapatnam,2003,145.18,1819.64
rice,Andhra Pradesh,Visakhapatnam,2004,161.6,1931.53
rice,Andhra Pradesh,Visakhapatnam,2005,137.67,1470.2
rice,Andhra Pradesh,Visakhapatnam,2006,154.97,2097.37
rice,Andhra Pradesh,Visakhapatnam,2007,162.44,2371.69
rice,Andhra Pradesh,Visakhapatnam,2008,167.39,1961.56
rice,Andhra Pradesh,Visakhapatnam,2009,122.53,1576.41
rice,Andhra Pradesh,Visakhapatnam,2010,184.32,2040.45
rice,Andhra Pradesh,Visakhapatnam,2011,174.41,1740.86
rice,Andhra Pradesh,Visakhapatnam,2012,166.65,1873.71
rice,Andhra Pradesh,Visakhapatnam,2013,163.79,2015.54
rice,Andhra Pradesh,Visakhapatnam,2014,167.72,2049.37
rice,Andhra Pradesh,Visakhapatnam,2015,170.96,2438.59
rice,Andhra Pradesh,Visakhapatnam,2016,172.56,2531.46
rice,Andhra Pradesh,Visakhapatnam,2017,173.38,2429.45
rice,Andhra Pradesh,East Godavari,2000,416.83,3278.63
rice,Andhra Pradesh,East Godavari,2001,386.59,3440.34
rice,Andhra Pradesh,East Godavari,2002,301.0,3465.12
rice,Andhra Pradesh,East Godavari,2003,399.99,4078.98
rice,Andhra Pradesh,East Godavari,2004,387.42,3897.35
rice,Andhra Pradesh,East Godavari,2005,387.42,2967.45
rice,Andhra Pradesh,East Godavari,2006,396.89,3511.17
rice,Andhra Pradesh,East Godavari,2007,410.78,3696.84
rice,Andhra Pradesh,East Godavari,2008,410.09,3690.07
rice,Andhra Pradesh,East Godavari,2009,306.58,3500.23
rice,Andhra Pradesh,East Godavari,2010,410.53,3306.99
rice,Andhra Pradesh,East Godavari,2011,337.09,3491.14
rice,Andhra Pradesh,East Godavari,2012,401.06,2747.49
rice,Andhra Pradesh,East Godavari,2013,404.68,2994.24
rice,Andhra Pradesh,East Godavari,2014,394.12,3966.38
rice,Andhra Pradesh,East Godavari,2015,381.74,3786.79
rice,Andhra Pradesh,East Godavari,2016,383.96,4237.51
rice,Andhra Pradesh,East Godavari,2017,386.54,4327.61
rice,Andhra Pradesh,West Godavari,2000,471.67,3504.31
rice,Andhra Pradesh,West Godavari,2001,414.2,3556.57
rice,Andhra Pradesh,West Godavari,2002,332.0,3512.05
rice,Andhra Pradesh,West Godavari,2003,410.22,4094.68
rice,Andhra Pradesh,West Godavari,2004,420.0,3927.55
rice,Andhra Pradesh,West Godavari,2005,446.02,3056.52
rice,Andhra Pradesh,West Godavari,2006,434.04,3587.48
rice,Andhra Pradesh,West Godavari,2007,445.32,3680.81
rice,Andhra Pradesh,West Godavari,2008,450.46,3552.77
rice,Andhra Pradesh,West Godavari,2009,328.58,3393.57
rice,Andhra Pradesh,West Godavari,2010,456.52,3264.52
rice,Andhra Pradesh,West Godavari,2011,363.79,3596.77
rice,Andhra Pradesh,West Godavari,2012,422.51,3051.62
rice,Andhra Pradesh,West Godavari,2013,420.62,3191.34
rice,Andhra Pradesh,West Godavari,2014,409.29,3968.63
rice,Andhra Pradesh,West Godavari,2015,403.8,3859.61
rice,Andhra Pradesh,West Godavari,2016,399.41,4171.38
rice,Andhra Pradesh,West Godavari,2017,393.22,4307.75
rice,Andhra Pradesh,Krishna,2000,394.26,3239.23
rice,Andhra Pradesh,Krishna,2001,343.59,3123.32
rice,Andhra Pradesh,Krishna,2002,246.0,3117.89
rice,Andhra Pradesh,Krishna,2003,229.85,2375.11
rice,Andhra Pradesh,Krishna,2004,255.32,3276.01
rice,Andhra Pradesh,Krishna,2005,359.25,3080.31
rice,Andhra Pradesh,Krishna,2006,346.3,2532.08
rice,Andhra Pradesh,Krishna,2007,354.98,3659.45
rice,Andhra Pradesh,Krishna,2008,394.53,3617.72
rice,Andhra Pradesh,Krishna,2009,336.64,3592.23
rice,Andhra Pradesh,Krishna,2010,355.34,3069.43
rice,Andhra Pradesh,Krishna,2011,272.03,3718.49
rice,Andhra Pradesh,Krishna,2012,264.53,3593.24
rice,Andhra Pradesh,Krishna,2013,363.32,3235.49
rice,Andhra Pradesh,Krishna,2014,288.04,3467.57
rice,Andhra Pradesh,Krishna,2015,220.68,3455.86
rice,Andhra Pradesh,Krishna,2016,231.41,3879.35
rice,Andhra Pradesh,Krishna,2017,258.73,3988.57
rice,Andhra Pradesh,Guntur,2000,373.44,3359.95
rice,Andhra Pradesh,Guntur,2001,385.18,3518.86
rice,Andhra Pradesh,Guntur,2002,235.9,3066.81
rice,Andhra Pradesh,Guntur,2003,197.48,2813.59
rice,Andhra Pradesh,Guntur,2004,304.69,3446.8
rice,Andhra Pradesh,Guntur,2005,389.04,3155.03
rice,Andhra Pradesh,Guntur,2006,373.26,2890.78
rice,Andhra Pradesh,Guntur,2007,366.01,3476.82
rice,Andhra Pradesh,Guntur,2008,393.29,3480.46
rice,Andhra Pradesh,Guntur,2009,362.3,3565.11
rice,Andhra Pradesh,Guntur,2010,401.59,2715.51
rice,Andhra Pradesh,Guntur,2011,347.32,3790.21
rice,Andhra Pradesh,Guntur,2012,206.87,3504.99
rice,Andhra Pradesh,Guntur,2013,391.92,3421.25
rice,Andhra Pradesh,Guntur,2014,333.74,3891.24
rice,Andhra Pradesh,Guntur,2015,183.64,3033.49
rice,Andhra Pradesh,Guntur,2016,194.37,4124.67
rice,Andhra Pradesh,Guntur,2017,224.27,4175.12
rice,Andhra Pradesh,S.P.S. Nellore,2000,243.96,2947.09
rice,Andhra Pradesh,S.P.S. Nellore,2001,266.4,3391.1
rice,Andhra Pradesh,S.P.S. Nellore,2002,243.7,2992.94
rice,Andhra Pradesh,S.P.S. Nellore,2003,172.45,2668.68
rice,Andhra Pradesh,S.P.S. Nellore,2004,222.31,3389.14
rice,Andhra Pradesh,S.P.S. Nellore,2005,264.49,3604.45
rice,Andhra Pradesh,S.P.S. Nellore,2006,287.93,3532.66
rice,Andhra Pradesh,S.P.S. Nellore,2007,282.96,3645.23
rice,Andhra Pradesh,S.P.S. Nellore,2008,307.02,3843.64
rice,Andhra Pradesh,S.P.S. Nellore,2009,315.99,3765.82
rice,Andhra Pradesh,S.P.S. Nellore,2010,330.44,3640.34
rice,Andhra Pradesh,S.P.S. Nellore,2011,299.61,3984.22
rice,Andhra Pradesh,S.P.S. Nellore,2012,270.94,4054.89
rice,Andhra Pradesh,S.P.S. Nellore,2013,277.55,4011.42
rice,Andhra Pradesh,S.P.S. Nellore,2014,280.73,4001.19
rice,Andhra Pradesh,S.P.S. Nellore,2015,305.12,4449.4
rice,Andhra Pradesh,S.P.S. Nellore,2016,219.86,4183.55
rice,Andhra Pradesh,S.P.S. Nellore,2017,242.52,4558.52
rice,Andhra Pradesh,Kurnool,2000,130.7,3223.1
rice,Andhra Pradesh,Kurnool,2001,105.36,2880.81
rice,Andhra Pradesh,Kurnool,2002,69.4,2163.69
rice,Andhra Pradesh,Kurnool,2003,46.96,2798.45
rice,Andhra Pradesh,Kurnool,2004,88.49,3376.61
rice,Andhra Pradesh,Kurnool,2005,132.54,3291.3
rice,Andhra Pradesh,Kurnool,2006,112.54,3327.88
rice,Andhra Pradesh,Kurnool,2007,129.08,3539.31
rice,Andhra Pradesh,Kurnool,2008,132.47,3427.84
rice,Andhra Pradesh,Kurnool,2009,147.35,3343.21
rice,Andhra Pradesh,Kurnool,2010,162.16,2961.26
rice,Andhra Pradesh,Kurnool,2011,125.68,3566.47
rice,Andhra Pradesh,Kurnool,2012,97.75,3757.06
rice,Andhra Pradesh,Kurnool,2013,147.06,3696.13
rice,Andhra Pradesh,Kurnool,2014,131.75,3865.01
rice,Andhra Pradesh,Kurnool,2015,62.69,3192.9
rice,Andhra Pradesh,Kurnool,2016,115.13,3977.44
rice,Andhra Pradesh,Kurnool,2017,109.67,3570.06
rice,Andhra Pradesh,Ananthapur,2000,62.0,2821.29
rice,Andhra Pradesh,Ananthapur,2001,71.0,2880.56
rice,Andhra Pradesh,Ananthapur,2002,40.0,2150.0
rice,Andhra Pradesh,Ananthapur,2003,28.34,2482.36
rice,Andhra Pradesh,Ananthapur,2004,33.58,3176.59
rice,Andhra Pradesh,Ananthapur,2005,48.15,2607.68
rice,Andhra Pradesh,Ananthapur,2006,33.2,2993.98
rice,Andhra Pradesh,Ananthapur,2007,44.49,2978.65
rice,Andhra Pradesh,Ananthapur,2008,48.72,2964.49
rice,Andhra Pradesh,Ananthapur,2009,51.65,2873.38
rice,Andhra Pradesh,Ananthapur,2010,59.8,2866.22
rice,Andhra Pradesh,Ananthapur,2011,48.67,2467.02
rice,Andhra Pradesh,Ananthapur,2012,29.05,2631.67
rice,Andhra Pradesh,Ananthapur,2013,40.4,2176.73
rice,Andhra Pradesh,Ananthapur,2014,29.21,2825.4
rice,Andhra Pradesh,Ananthapur,2015,33.62,2904.52
rice,Andhra Pradesh,Ananthapur,2016,22.89,2509.33
rice,Andhra Pradesh,Ananthapur,2017,30.91,2793.52
rice,Andhra Pradesh,Kadapa YSR,2000,67.84,2598.02
rice,Andhra Pradesh,Kadapa YSR,2001,75.77,2575.03
rice,Andhra Pradesh,Kadapa YSR,2002,36.0,2000.0
rice,Andhra Pradesh,Kadapa YSR,2003,34.12,2463.66
rice,Andhra Pradesh,Kadapa YSR,2004,52.62,3060.43
rice,Andhra Pradesh,Kadapa YSR,2005,66.75,2121.65
rice,Andhra Pradesh,Kadapa YSR,2006,46.91,2674.48
rice,Andhra Pradesh,Kadapa YSR,2007,62.56,2942.14
rice,Andhra Pradesh,Kadapa YSR,2008,65.07,1973.87
rice,Andhra Pradesh,Kadapa YSR,2009,65.32,2877.07
rice,Andhra Pradesh,Kadapa YSR,2010,70.38,1840.72
rice,Andhra Pradesh,Kadapa YSR,2011,53.9,2943.6
rice,Andhra Pradesh,Kadapa YSR,2012,30.75,2627.64
rice,Andhra Pradesh,Kadapa YSR,2013,62.71,2843.09
rice,Andhra Pradesh,Kadapa YSR,2014,45.89,3613.86
rice,Andhra Pradesh,Kadapa YSR,2015,40.26,3058.37
rice,Andhra Pradesh,Kadapa YSR,2016,50.33,3291.14
rice,Andhra Pradesh,Kadapa YSR,2017,54.98,2542.13
rice,Andhra Pradesh,Chittoor,2000,75.22,2478.33
rice,Andhra Pradesh,Chittoor,2001,86.43,2613.44
rice,Andhra Pradesh,Chittoor,2002,50.0,2540.0
rice,Andhra Pradesh,Chittoor,2003,45.78,1862.82
rice,Andhra Pradesh,Chittoor,2004,44.88,2506.91
rice,Andhra Pradesh,Chittoor,2005,82.59,2794.41
rice,Andhra Pradesh,Chittoor,2006,46.21,2761.74
rice,Andhra Pradesh,Chittoor,2007,52.44,3002.1
rice,Andhra Pradesh,Chittoor,2008,55.52,2969.74
rice,Andhra Pradesh,Chittoor,2009,54.91,3098.34
rice,Andhra Pradesh,Chittoor,2010,61.58,3006.5
rice,Andhra Pradesh,Chittoor,2011,51.11,3305.22
rice,Andhra Pradesh,Chittoor,2012,47.51,3607.87
rice,Andhra Pradesh,Chittoor,2013,49.86,3389.89
rice,Andhra Pradesh,Chittoor,2014,40.97,3232.12
rice,Andhra Pradesh,Chittoor,2015,88.15,3795.24
rice,Andhra Pradesh,Chittoor,2016,46.7,3644.56
rice,Andhra Pradesh,Chittoor,2017,64.81,3797.99
rice,Telangana,Hyderabad,2000,58.1,2551.12
rice,Telangana,Hyderabad,2001,46.72,2656.25
rice,Telangana,Hyderabad,2002,30.0,2000.0
rice,Telangana,Hyderabad,2003,36.3,2356.75
rice,Telangana,Hyderabad,2004,29.99,2621.54
rice,Telangana,Hyderabad,2005,40.26,2785.64
rice,Telangana,Hyderabad,2006,31.05,2666.99
rice,Telangana,Hyderabad,2007,30.4,2533.55
rice,Telangana,Hyderabad,2008,32.1,2866.67
rice,Telangana,Hyderabad,2009,35.36,2620.48
rice,Telangana,Hyderabad,2010,52.36,2599.31
rice,Telangana,Hyderabad,2011,43.67,2360.89
rice,Telangana,Hyderabad,2012,40.91,2405.28
rice,Telangana,Hyderabad,2013,45.04,2283.97
rice,Telangana,Hyderabad,2014,34.88,2614.97
rice,Telangana,Hyderabad,2015,24.28,2529.24
rice,Telangana,Hyderabad,2016,41.22,2858.43
rice,Telangana,Hyderabad,2017,50.34,2983.71
rice,Telangana,Nizamabad,2000,180.71,2756.02
rice,Telangana,Nizamabad,2001,158.17,2531.33
rice,Telangana,Nizamabad,2002,108.0,1666.67
rice,Telangana,Nizamabad,2003,91.37,3090.29
rice,Telangana,Nizamabad,2004,73.4,2305.72
rice,Telangana,Nizamabad,2005,149.54,3383.64
rice,Telangana,Nizamabad,2006,167.65,3214.2
rice,Telangana,Nizamabad,2007,127.45,3553.94
rice,Telangana,Nizamabad,2008,190.03,3576.33
rice,Telangana,Nizamabad,2009,121.27,3208.21
rice,Telangana,Nizamabad,2010,221.62,3809.4
rice,Telangana,Nizamabad,2011,259.81,3741.97
rice,Telangana,Nizamabad,2012,192.96,3815.25
rice,Telangana,Nizamabad,2013,260.81,4003.64
rice,Telangana,Nizamabad,2014,169.27,3665.92
rice,Telangana,Nizamabad,2015,98.03,2680.71
rice,Telangana,Nizamabad,2016,265.97,4011.74
rice,Telangana,Nizamabad,2017,267.21,3626.14
rice,Telangana,Medak,2000,123.17,2729.8
rice,Telangana,Medak,2001,108.45,2548.18
rice,Telangana,Medak,2002,77.0,2051.95
rice,Telangana,Medak,2003,86.3,2503.01
rice,Telangana,Medak,2004,62.46,1992.96
rice,Telangana,Medak,2005,85.27,2900.55
rice,Telangana,Medak,2006,101.98,2699.06
rice,Telangana,Medak,2007,92.82,3033.29
rice,Telangana,Medak,2008,123.91,2884.67
rice,Telangana,Medak,2009,83.12,2799.45
rice,Telangana,Medak,2010,144.56,3561.98
rice,Telangana,Medak,2011,137.03,2969.86
rice,Telangana,Medak,2012,110.36,3376.22
rice,Telangana,Medak,2013,170.97,3652.63
rice,Telangana,Medak,2014,110.89,3274.24
rice,Telangana,Medak,2015,84.17,2848.76
rice,Telangana,Medak,2016,160.77,3707.62
rice,Telangana,Medak,2017,180.79,3406.18
rice,Telangana,Mahabubnagar,2000,166.46,2591.79
rice,Telangana,Mahabubnagar,2001,137.18,2389.49
rice,Telangana,Mahabubnagar,2002,110.0,2018.18
rice,Telangana,Mahabubnagar,2003,99.5,2317.69
rice,Telangana,Mahabubnagar,2004,83.81,2264.65
rice,Telangana,Mahabubnagar,2005,128.15,2501.29
rice,Telangana,Mahabubnagar,2006,109.64,2444.18
rice,Telangana,Mahabubnagar,2007,147.84,2874.93
rice,Telangana,Mahabubnagar,2008,144.73,2910.32
rice,Telangana,Mahabubnagar,2009,163.86,2447.88
rice,Telangana,Mahabubnagar,2010,196.7,2774.63
rice,Telangana,Mahabubnagar,2011,172.07,2304.64
rice,Telangana,Mahabubnagar,2012,142.03,2679.01
rice,Telangana,Mahabubnagar,2013,168.63,2838.76
rice,Telangana,Mahabubnagar,2014,160.77,2600.61
rice,Telangana,Mahabubnagar,2015,96.28,2233.28
rice,Telangana,Mahabubnagar,2016,143.31,2696.59
rice,Telangana,Mahabubnagar,2017,170.82,2459.12
rice,Telangana,Nalgonda,2000,262.3,3036.29
rice,Telangana,Nalgonda,2001,219.59,2708.46
rice,Telangana,Nalgonda,2002,132.0,2257.58
rice,Telangana,Nalgonda,2003,123.01,2911.47
rice,Telangana,Nalgonda,2004,192.69,2880.95
rice,Telangana,Nalgonda,2005,310.7,3021.15
rice,Telangana,Nalgonda,2006,284.28,2834.88
rice,Telangana,Nalgonda,2007,310.74,3185.43
rice,Telangana,Nalgonda,2008,361.81,3179.32
rice,Telangana,Nalgonda,2009,273.43,3360.9
rice,Telangana,Nalgonda,2010,405.32,3265.84
rice,Telangana,Nalgonda,2011,327.76,2940.57
rice,Telangana,Nalgonda,2012,208.52,3279.64
rice,Telangana,Nalgonda,2013,393.74,3061.13
rice,Telangana,Nalgonda,2014,323.38,3220.24
rice,Telangana,Nalgonda,2015,212.73,2916.61
rice,Telangana,Nalgonda,2016,356.25,3526.82
rice,Telangana,Nalgonda,2017,415.25,3325.09
rice,Telangana,Warangal,2000,225.1,2887.69
rice,Telangana,Warangal,2001,179.53,2868.82
rice,Telangana,Warangal,2002,135.0,2170.37
rice,Telangana,Warangal,2003,170.24,3000.29
rice,Telangana,Warangal,2004,130.32,2729.9
rice,Telangana,Warangal,2005,201.88,3200.81
rice,Telangana,Warangal,2006,208.94,2820.86
rice,Telangana,Warangal,2007,186.78,2995.82
rice,Telangana,Warangal,2008,230.86,2988.69
rice,Telangana,Warangal,2009,124.43,2542.23
rice,Telangana,Warangal,2010,268.06,3209.77
rice,Telangana,Warangal,2011,224.35,2558.23
rice,Telangana,Warangal,2012,209.71,3285.58
rice,Telangana,Warangal,2013,254.85,3141.14
rice,Telangana,Warangal,2014,142.01,3080.35
rice,Telangana,Warangal,2015,181.07,3164.19
rice,Telangana,Warangal,2016,275.02,3539.43
rice,Telangana,Warangal,2017,269.29,2908.75
rice,Telangana,Khammam,2000,183.31,2751.08
rice,Telangana,Khammam,2001,138.26,2839.79
rice,Telangana,Khammam,2002,104.0,1740.38
rice,Telangana,Khammam,2003,142.11,2902.54
rice,Telangana,Khammam,2004,162.6,2915.68
rice,Telangana,Khammam,2005,200.09,2653.61
rice,Telangana,Khammam,2006,178.2,2514.7
rice,Telangana,Khammam,2007,176.28,3109.83
rice,Telangana,Khammam,2008,194.8,3057.55
rice,Telangana,Khammam,2009,103.1,2972.84
rice,Telangana,Khammam,2010,218.25,3225.98
rice,Telangana,Khammam,2011,165.31,2490.41
rice,Telangana,Khammam,2012,153.84,3075.14
rice,Telangana,Khammam,2013,191.78,2999.69
rice,Telangana,Khammam,2014,145.71,3130.74
rice,Telangana,Khammam,2015,121.72,3034.34
rice,Telangana,Khammam,2016,121.0,3683.86
rice,Telangana,Khammam,2017,161.32,3176.26
rice,Telangana,Karimnagar,2000,271.34,3263.06
rice,Telangana,Karimnagar,2001,244.36,3115.61
rice,Telangana,Karimnagar,2002,182.0,2736.26
rice,Telangana,Karimnagar,2003,187.58,3209.56
rice,Telangana,Karimnagar,2004,83.64,2371.71
rice,Telangana,Karimnagar,2005,266.4,3424.59
rice,Telangana,Karimnagar,2006,333.51,3206.98
rice,Telangana,Karimnagar,2007,281.88,3496.17
rice,Telangana,Karimnagar,2008,335.96,3500.42
rice,Telangana,Karimnagar,2009,162.33,3162.63
rice,Telangana,Karimnagar,2010,381.52,3543.35
rice,Telangana,Karimnagar,2011,343.38,3261.84
rice,Telangana,Karimnagar,2012,289.43,3547.94
rice,Telangana,Karimnagar,2013,417.91,3591.3
rice,Telangana,Karimnagar,2014,278.43,3559.1
rice,Telangana,Karimnagar,2015,170.4,3250.94
rice,Telangana,Karimnagar,2016,369.13,3948.09
rice,Telangana,Karimnagar,2017,353.68,3342.24
rice,Telangana,Adilabad,2000,77.47,2159.03
rice,Telangana,Adilabad,2001,77.14,2252.27
rice,Telangana,Adilabad,2002,77.0,1584.42
rice,Telangana,Adilabad,2003,80.92,2480.85
rice,Telangana,Adilabad,2004,39.62,1587.08
rice,Telangana,Adilabad,2005,78.75,2549.59
rice,Telangana,Adilabad,2006,73.76,2411.47
rice,Telangana,Adilabad,2007,52.15,2372.39
rice,Telangana,Adilabad,2008,77.29,2566.7
rice,Telangana,Adilabad,2009,48.12,2046.97
rice,Telangana,Adilabad,2010,90.55,2817.78
rice,Telangana,Adilabad,2011,76.17,2616.91
rice,Telangana,Adilabad,2012,70.75,2646.93
rice,Telangana,Adilabad,2013,90.69,2744.62
rice,Telangana,Adilabad,2014,50.08,2518.57
rice,Telangana,Adilabad,2015,57.5,2636.52
rice,Telangana,Adilabad,2016,95.89,3115.42
rice,Telangana,Adilabad,2017,93.67,2667.68
rice,Karnataka,Bangalore,2000,29.4,2585.03
rice,Karnataka,Bangalore,2001,19.66,2396.74
rice,Karnataka,Bangalore,2002,9.05,2245.3
rice,Karnataka,Bangalore,2003,9.22,2529.28
rice,Karnataka,Bangalore,2004,12.87,3042.74
rice,Karnataka,Bangalore,2005,15.36,2503.26
rice,Karnataka,Bangalore,2006,9.93,2091.64
rice,Karnataka,Bangalore,2007,10.22,2883.56
rice,Karnataka,Bangalore,2008,10.96,3064.78
rice,Karnataka,Bangalore,2009,12.02,3097.34
rice,Karnataka,Bangalore,2010,12.06,2660.86
rice,Karnataka,Bangalore,2011,11.08,2933.21
rice,Karnataka,Bangalore,2012,8.92,2561.66
rice,Karnataka,Bangalore,2013,7.75,2781.94
rice,Karnataka,Bangalore,2014,6.84,2682.75
rice,Karnataka,Bangalore,2015,5.97,2452.26
rice,Karnataka,Bangalore,2016,4.96,1866.88
rice,Karnataka,Bangalore,2017,5.24,2950.57
rice,Karnataka,Kolar,2000,22.8,2631.58
rice,Karnataka,Kolar,2001,24.61,2111.74
rice,Karnataka,Kolar,2002,5.85,1976.07
rice,Karnataka,Kolar,2003,9.06,2296.91
rice,Karnataka,Kolar,2004,7.32,2480.87
rice,Karnataka,Kolar,2005,16.74,3569.3
rice,Karnataka,Kolar,2006,10.26,1905.46
rice,Karnataka,Kolar,2007,11.44,2269.23
rice,Karnataka,Kolar,2008,12.28,2548.05
rice,Karnataka,Kolar,2009,10.46,2039.2
rice,Karnataka,Kolar,2010,19.25,2542.34
rice,Karnataka,Kolar,2011,10.82,2505.55
rice,Karnataka,Kolar,2012,7.2,2466.67
rice,Karnataka,Kolar,2013,4.08,2325.98
rice,Karnataka,Kolar,2014,1.15,2434.78
rice,Karnataka,Kolar,2015,1.73,2445.09
rice,Karnataka,Kolar,2016,2.64,2229.72
rice,Karnataka,Kolar,2017,1.69,3233.55
rice,Karnataka,Tumkur,2000,56.9,2671.35
rice,Karnataka,Tumkur,2001,50.36,2630.46
rice,Karnataka,Tumkur,2002,17.54,2501.71
rice,Karnataka,Tumkur,2003,13.15,2596.96
rice,Karnataka,Tumkur,2004,26.14,2996.56
rice,Karnataka,Tumkur,2005,39.08,2708.03
rice,Karnataka,Tumkur,2006,29.02,2577.53
rice,Karnataka,Tumkur,2007,29.82,2863.85
rice,Karnataka,Tumkur,2008,39.82,2687.34
rice,Karnataka,Tumkur,2009,36.34,2558.06
rice,Karnataka,Tumkur,2010,34.58,2846.44
rice,Karnataka,Tumkur,2011,28.44,2800.28
rice,Karnataka,Tumkur,2012,14.89,2533.24
rice,Karnataka,Tumkur,2013,13.04,2951.69
rice,Karnataka,Tumkur,2014,9.51,2831.76
rice,Karnataka,Tumkur,2015,10.38,2817.92
rice,Karnataka,Tumkur,2016,10.76,2434.88
rice,Karnataka,Tumkur,2017,4.86,2529.02
rice,Karnataka,Mysore,2000,127.8,2918.62
rice,Karnataka,Mysore,2001,133.79,3120.56
rice,Karnataka,Mysore,2002,95.39,2755.53
rice,Karnataka,Mysore,2003,92.97,2981.93
rice,Karnataka,Mysore,2004,134.51,3355.96
rice,Karnataka,Mysore,2005,139.08,2942.05
rice,Karnataka,Mysore,2006,130.67,2782.2
rice,Karnataka,Mysore,2007,142.49,2957.68
rice,Karnataka,Mysore,2008,143.09,2944.16
rice,Karnataka,Mysore,2009,140.76,3038.08
rice,Karnataka,Mysore,2010,143.53,3073.85
rice,Karnataka,Mysore,2011,136.45,3163.43
rice,Karnataka,Mysore,2012,102.1,3184.23
rice,Karnataka,Mysore,2013,117.83,3458.12
rice,Karnataka,Mysore,2014,117.04,3374.91
rice,Karnataka,Mysore,2015,107.4,3408.66
rice,Karnataka,Mysore,2016,72.46,2826.23
rice,Karnataka,Mysore,2017,68.14,3092.59
rice,Karnataka,Mandya,2000,78.9,2965.78
rice,Karnataka,Mandya,2001,71.99,2965.55
rice,Karnataka,Mandya,2002,43.12,2837.66
rice,Karnataka,Mandya,2003,54.56,3241.57
rice,Karnataka,Mandya,2004,91.99,3690.94
rice,Karnataka,Mandya,2005,83.81,3063.48
rice,Karnataka,Mandya,2006,69.54,3015.1
rice,Karnataka,Mandya,2007,86.72,3206.18
rice,Karnataka,Mandya,2008,89.36,3195.5
rice,Karnataka,Mandya,2009,79.96,3294.27
rice,Karnataka,Mandya,2010,81.04,3418.81
rice,Karnataka,Mandya,2011,74.16,3393.2
rice,Karnataka,Mandya,2012,49.95,3116.32
rice,Karnataka,Mandya,2013,65.62,3492.08
rice,Karnataka,Mandya,2014,66.52,3690.02
rice,Karnataka,Mandya,2015,58.49,3665.24
rice,Karnataka,Mandya,2016,43.66,2603.46
rice,Karnataka,Mandya,2017,33.85,2969.07
rice,Karnataka,Hassan,2000,68.2,2492.67
rice,Karnataka,Hassan,2001,57.17,2521.25
rice,Karnataka,Hassan,2002,48.78,1685.12
rice,Karnataka,Hassan,2003,39.53,1712.37
rice,Karnataka,Hassan,2004,53.18,2547.76
rice,Karnataka,Hassan,2005,52.53,2274.13
rice,Karnataka,Hassan,2006,51.74,2444.92
rice,Karnataka,Hassan,2007,52.43,2453.75
rice,Karnataka,Hassan,2008,53.15,2473.94
rice,Karnataka,Hassan,2009,47.66,2683.38
rice,Karnataka,Hassan,2010,51.75,2883.67
rice,Karnataka,Hassan,2011,48.87,2473.09
rice,Karnataka,Hassan,2012,49.29,2186.65
rice,Karnataka,Hassan,2013,51.8,3061.58
rice,Karnataka,Hassan,2014,48.07,3043.27
rice,Karnataka,Hassan,2015,42.82,2734.24
rice,Karnataka,Hassan,2016,26.1,2039.43
rice,Karnataka,Hassan,2017,21.63,3241.2
rice,Karnataka,Shimoge,2000,156.4,2372.12
rice,Karnataka,Shimoge,2001,148.82,1643.53
rice,Karnataka,Shimoge,2002,139.03,1542.69
rice,Karnataka,Shimoge,2003,120.25,2012.14
rice,Karnataka,Shimoge,2004,128.12,2447.24
rice,Karnataka,Shimoge,2005,133.59,2493.6
rice,Karnataka,Shimoge,2006,132.68,2372.02
rice,Karnataka,Shimoge,2007,129.98,2491.61
rice,Karnataka,Shimoge,2008,131.07,2447.55
rice,Karnataka,Shimoge,2009,133.26,2399.9
rice,Karnataka,Shimoge,2010,132.39,2769.02
rice,Karnataka,Shimoge,2011,128.98,2919.68
rice,Karnataka,Shimoge,2012,123.31,2667.26
rice,Karnataka,Shimoge,2013,124.62,3055.77
rice,Karnataka,Shimoge,2014,121.87,3036.1
rice,Karnataka,Shimoge,2015,110.03,2606.2
rice,Karnataka,Shimoge,2016,104.44,2092.95
rice,Karnataka,Shimoge,2017,93.52,2513.97
rice,Karnataka,Chickmagalur,2000,49.2,2459.35
rice,Karnataka,Chickmagalur,2001,47.55,2352.89
rice,Karnataka,Chickmagalur,2002,43.98,1987.95
rice,Karnataka,Chickmagalur,2003,41.49,1926.97
rice,Karnataka,Chickmagalur,2004,45.66,2673.68
rice,Karnataka,Chickmagalur,2005,44.83,2405.98
rice,Karnataka,Chickmagalur,2006,45.68,2457.09
rice,Karnataka,Chickmagalur,2007,42.01,2641.99
rice,Karnataka,Chickmagalur,2008,43.79,2472.25
rice,Karnataka,Chickmagalur,2009,43.64,2478.69
rice,Karnataka,Chickmagalur,2010,44.06,2620.97
rice,Karnataka,Chickmagalur,2011,45.38,2572.94
rice,Karnataka,Chickmagalur,2012,37.99,2302.45
rice,Karnataka,Chickmagalur,2013,41.05,2730.82
rice,Karnataka,Chickmagalur,2014,40.34,2610.31
rice,Karnataka,Chickmagalur,2015,33.04,2673.12
rice,Karnataka,Chickmagalur,2016,29.93,2400.32
rice,Karnataka,Chickmagalur,2017,26.9,2402.86
rice,Karnataka,Chitradurga,2000,131.9,3457.16
rice,Karnataka,Chitradurga,2001,119.29,3165.4
rice,Karnataka,Chitradurga,2002,84.7,2832.35
rice,Karnataka,Chitradurga,2003,63.92,3234.51
rice,Karnataka,Chitradurga,2004,111.25,3742.83
rice,Karnataka,Chitradurga,2005,141.22,3426.29
rice,Karnataka,Chitradurga,2006,133.17,3366.97
rice,Karnataka,Chitradurga,2007,84.8,3393.28
rice,Karnataka,Chitradurga,2008,138.88,3349.8
rice,Karnataka,Chitradurga,2009,148.53,3308.69
rice,Karnataka,Chitradurga,2010,156.47,3400.08
rice,Karnataka,Chitradurga,2011,151.32,3416.34
rice,Karnataka,Chitradurga,2012,120.43,3283.07
rice,Karnataka,Chitradurga,2013,129.79,3515.91
rice,Karnataka,Chitradurga,2014,138.71,3634.63
rice,Karnataka,Chitradurga,2015,99.56,3732.02
rice,Karnataka,Chitradurga,2016,78.72,3204.37
rice,Karnataka,Chitradurga,2017,65.99,3762.79
rice,Karnataka,Bellary,2000,84.1,3258.03
rice,Karnataka,Bellary,2001,83.81,3032.1
rice,Karnataka,Bellary,2002,71.3,3270.41
rice,Karnataka,Bellary,2003,55.97,3892.98
rice,Karnataka,Bellary,2004,66.81,3704.98
rice,Karnataka,Bellary,2005,102.81,3203.87
rice,Karnataka,Bellary,2006,105.92,3286.16
rice,Karnataka,Bellary,2007,117.85,3535.26
rice,Karnataka,Bellary,2008,122.72,3600.64
rice,Karnataka,Bellary,2009,120.41,3163.52
rice,Karnataka,Bellary,2010,130.68,3542.85
rice,Karnataka,Bellary,2011,116.17,3534.73
rice,Karnataka,Bellary,2012,109.15,3552.73
rice,Karnataka,Bellary,2013,110.55,3786.7
rice,Karnataka,Bellary,2014,118.64,3440.07
rice,Karnataka,Bellary,2015,93.67,3645.14
rice,Karnataka,Bellary,2016,87.01,3882.34
rice,Karnataka,Bellary,2017,101.93,3809.74
rice,Karnataka,Dharwad,2000,97.3,1808.84
rice,Karnataka,Dharwad,2001,98.48,431.46
rice,Karnataka,Dharwad,2002,97.28,399.88
rice,Karnataka,Dharwad,2003,67.97,601.44
rice,Karnataka,Dharwad,2004,62.48,1264.88
rice,Karnataka,Dharwad,2005,57.25,2142.88
rice,Karnataka,Dharwad,2006,66.51,1773.42
rice,Karnataka,Dharwad,2007,69.81,2219.31
rice,Karnataka,Dharwad,2008,86.41,1186.21
rice,Karnataka,Dharwad,2009,78.97,1208.94
rice,Karnataka,Dharwad,2010,81.43,1643.25
rice,Karnataka,Dharwad,2011,77.22,1784.25
rice,Karnataka,Dharwad,2012,79.78,936.32
rice,Karnataka,Dharwad,2013,73.73,2110.0
rice,Karnataka,Dharwad,2014,68.9,2283.74
rice,Karnataka,Dharwad,2015,70.59,957.22
rice,Karnataka,Dharwad,2016,59.82,948.88
rice,Karnataka,Dharwad,2017,52.59,1423.5
rice,Karnataka,Belgaum,2000,63.8,1645.77
rice,Karnataka,Belgaum,2001,63.74,887.2
rice,Karnataka,Belgaum,2002,66.01,579.91
rice,Karnataka,Belgaum,2003,68.13,723.32
rice,Karnataka,Belgaum,2004,71.34,1619.99
rice,Karnataka,Belgaum,2005,66.83,2184.35
rice,Karnataka,Belgaum,2006,67.06,1480.02
rice,Karnataka,Belgaum,2007,69.42,1448.0
rice,Karnataka,Belgaum,2008,71.24,1311.2
rice,Karnataka,Belgaum,2009,71.89,1169.01
rice,Karnataka,Belgaum,2010,68.47,1984.52
rice,Karnataka,Belgaum,2011,68.31,1939.69
rice,Karnataka,Belgaum,2012,63.7,1492.62
rice,Karnataka,Belgaum,2013,58.67,2110.79
rice,Karnataka,Belgaum,2014,59.94,2947.78
rice,Karnataka,Belgaum,2015,61.23,666.34
rice,Karnataka,Belgaum,2016,65.59,1886.84
rice,Karnataka,Belgaum,2017,64.58,2301.29
rice,Karnataka,Bidar,2000,11.5,869.57
rice,Karnataka,Bidar,2001,11.25,808.0
rice,Karnataka,Bidar,2002,10.11,564.79
rice,Karnataka,Bidar,2003,8.77,403.65
rice,Karnataka,Bidar,2004,8.0,436.25
rice,Karnataka,Bidar,2005,7.55,561.59
rice,Karnataka,Bidar,2006,7.14,638.66
rice,Karnataka,Bidar,2007,6.84,624.27
rice,Karnataka,Bidar,2008,5.5,743.64
rice,Karnataka,Bidar,2009,5.04,765.87
rice,Karnataka,Bidar,2010,4.93,784.99
rice,Karnataka,Bidar,2011,6.49,687.21
rice,Karnataka,Bidar,2012,4.94,987.85
rice,Karnataka,Bidar,2013,3.57,1551.82
rice,Karnataka,Bidar,2014,2.06,966.02
rice,Karnataka,Bidar,2015,1.55,851.61
rice,Karnataka,Bidar,2016,0.52,1198.1
rice,Karnataka,Bidar,2017,1.02,1864.44
rice,Karnataka,Raichur,2000,215.0,3251.16
rice,Karnataka,Raichur,2001,196.49,3082.7
rice,Karnataka,Raichur,2002,130.36,3481.59
rice,Karnataka,Raichur,2003,122.23,3212.55
rice,Karnataka,Raichur,2004,170.45,3138.69
rice,Karnataka,Raichur,2005,257.05,2718.5
rice,Karnataka,Raichur,2006,213.97,3063.56
rice,Karnataka,Raichur,2007,235.42,3156.36
rice,Karnataka,Raichur,2008,240.15,3274.95
rice,Karnataka,Raichur,2009,250.4,2946.29
rice,Karnataka,Raichur,2010,252.89,3114.24
rice,Karnataka,Raichur,2011,218.77,3018.7
rice,Karnataka,Raichur,2012,228.59,3216.68
rice,Karnataka,Raichur,2013,254.24,3288.23
rice,Karnataka,Raichur,2014,237.74,3085.93
rice,Karnataka,Raichur,2015,166.0,3177.47
rice,Karnataka,Raichur,2016,169.29,3727.77
rice,Karnataka,Raichur,2017,167.4,3265.36
rice,Karnataka,Gulbarga / Kalaburagi,2000,32.2,1894.41
rice,Karnataka,Gulbarga / Kalaburagi,2001,41.63,1574.59
rice,Karnataka,Gulbarga / Kalaburagi,2002,47.61,2132.12
rice,Karnataka,Gulbarga / Kalaburagi,2003,65.69,2883.54
rice,Karnataka,Gulbarga / Kalaburagi,2004,77.41,3257.72
rice,Karnataka,Gulbarga / Kalaburagi,2005,90.14,2767.81
rice,Karnataka,Gulbarga / Kalaburagi,2006,87.24,2164.26
rice,Karnataka,Gulbarga / Kalaburagi,2007,90.81,2458.43
rice,Karnataka,Gulbarga / Kalaburagi,2008,92.74,2335.67
rice,Karnataka,Gulbarga / Kalaburagi,2009,79.47,2273.69
rice,Karnataka,Gulbarga / Kalaburagi,2010,100.31,2046.76
rice,Karnataka,Gulbarga / Kalaburagi,2011,73.06,1904.19
rice,Karnataka,Gulbarga / Kalaburagi,2012,67.09,1355.49
rice,Karnataka,Gulbarga / Kalaburagi,2013,74.68,1980.99
rice,Karnataka,Gulbarga / Kalaburagi,2014,87.77,2568.87
rice,Karnataka,Gulbarga / Kalaburagi,2015,53.56,2016.62
rice,Karnataka,Gulbarga / Kalaburagi,2016,96.88,3329.87
rice,Karnataka,Gulbarga / Kalaburagi,2017,113.28,3203.49
rice,Karnataka,Dakshina Kannada,2000,130.1,2029.21
rice,Karnataka,Dakshina Kannada,2001,127.62,2149.27
rice,Karnataka,Dakshina Kannada,2002,123.04,2111.67
rice,Karnataka,Dakshina Kannada,2003,121.2,2622.52
rice,Karnataka,Dakshina Kannada,2004,121.13,2632.21
rice,Karnataka,Dakshina Kannada,2005,119.4,2394.14
rice,Karnataka,Dakshina Kannada,2006,119.19,2453.31
rice,Karnataka,Dakshina Kannada,2007,117.95,2333.96
rice,Karnataka,Dakshina Kannada,2008,116.88,2347.62
rice,Karnataka,Dakshina Kannada,2009,112.41,2333.78
rice,Karnataka,Dakshina Kannada,2010,110.97,2353.61
rice,Karnataka,Dakshina Kannada,2011,110.5,2425.97
rice,Karnataka,Dakshina Kannada,2012,105.81,2540.97
rice,Karnataka,Dakshina Kannada,2013,106.93,2695.5
rice,Karnataka,Dakshina Kannada,2014,101.9,2653.09
rice,Karnataka,Dakshina Kannada,2015,98.3,2577.42
rice,Karnataka,Dakshina Kannada,2016,87.13,2835.18
rice,Karnataka,Dakshina Kannada,2017,80.26,2904.74
rice,Karnataka,Uttara Kannada,2000,90.5,1745.86
rice,Karnataka,Uttara Kannada,2001,85.01,1111.87
rice,Karnataka,Uttara Kannada,2002,86.14,1202.58
rice,Karnataka,Uttara Kannada,2003,83.57,1648.08
rice,Karnataka,Uttara Kannada,2004,82.2,1836.74
rice,Karnataka,Uttara Kannada,2005,82.31,2024.66
rice,Karnataka,Uttara Kannada,2006,81.18,2008.13
rice,Karnataka,Uttara Kannada,2007,80.98,2016.42
rice,Karnataka,Uttara Kannada,2008,80.49,1521.18
rice,Karnataka,Uttara Kannada,2009,80.27,1934.1
rice,Karnataka,Uttara Kannada,2010,79.02,1907.37
rice,Karnataka,Uttara Kannada,2011,75.75,2051.49
rice,Karnataka,Uttara Kannada,2012,74.28,2020.33
rice,Karnataka,Uttara Kannada,2013,69.97,2434.19
rice,Karnataka,Uttara Kannada,2014,68.51,2228.87
rice,Karnataka,Uttara Kannada,2015,67.34,1657.86
rice,Karnataka,Uttara Kannada,2016,66.67,1962.86
rice,Karnataka,Uttara Kannada,2017,62.87,1976.12
rice,Karnataka,Kodagu / Coorg,2000,37.0,2297.3
rice,Karnataka,Kodagu / Coorg,2001,36.26,2496.69
rice,Karnataka,Kodagu / Coorg,2002,35.35,1979.35
rice,Karnataka,Kodagu / Coorg,2003,36.11,1998.89
rice,Karnataka,Kodagu / Coorg,2004,37.23,2398.33
rice,Karnataka,Kodagu / Coorg,2005,35.31,2300.2
rice,Karnataka,Kodagu / Coorg,2006,34.62,2464.47
rice,Karnataka,Kodagu / Coorg,2007,37.2,2566.67
rice,Karnataka,Kodagu / Coorg,2008,35.36,2397.62
rice,Karnataka,Kodagu / Coorg,2009,34.84,2443.74
rice,Karnataka,Kodagu / Coorg,2010,35.44,2636.85
rice,Karnataka,Kodagu / Coorg,2011,34.22,2724.43
rice,Karnataka,Kodagu / Coorg,2012,31.37,2479.44
rice,Karnataka,Kodagu / Coorg,2013,32.03,2878.86
rice,Karnataka,Kodagu / Coorg,2014,30.96,2806.85
rice,Karnataka,Kodagu / Coorg,2015,28.34,2699.01
rice,Karnataka,Kodagu / Coorg,2016,27.93,2431.41
rice,Karnataka,Kodagu / Coorg,2017,27.17,2364.95
rice,Tamil Nadu,Chengalpattu MGR / Kanchipuram,2000,225.92,3385.27
rice,Tamil Nadu,Chengalpattu MGR / Kanchipuram,2001,229.58,3487.02
rice,Tamil Nadu,Chengalpattu MGR / Kanchipuram,2002,185.18,3011.18
rice,Tamil Nadu,Chengalpattu MGR / Kanchipuram,2003,172.06,2854.7
rice,Tamil Nadu,Chengalpattu MGR / Kanchipuram,2004,168.4,3010.69
rice,Tamil Nadu,Chengalpattu MGR / Kanchipuram,2005,211.71,2670.92
rice,Tamil Nadu,Chengalpattu MGR / Kanchipuram,2006,192.78,3701.63
rice,Tamil Nadu,Chengalpattu MGR / Kanchipuram,2007,170.07,3711.06
rice,Tamil Nadu,Chengalpattu MGR / Kanchipuram,2008,173.11,3726.36
rice,Tamil Nadu,Chengalpattu MGR / Kanchipuram,2009,171.96,3417.77
rice,Tamil Nadu,Chengalpattu MGR / Kanchipuram,2010,178.96,3513.86
rice,Tamil Nadu,Chengalpattu MGR / Kanchipuram,2011,169.64,4176.2
rice,Tamil Nadu,Chengalpattu MGR / Kanchipuram,2012,156.12,4133.62
rice,Tamil Nadu,Chengalpattu MGR / Kanchipuram,2013,181.39,4649.43
rice,Tamil Nadu,Chengalpattu MGR / Kanchipuram,2014,158.23,4525.69
rice,Tamil Nadu,Chengalpattu MGR / Kanchipuram,2015,199.14,3758.66
rice,Tamil Nadu,Chengalpattu MGR / Kanchipuram,2016,169.58,3450.65
rice,Tamil Nadu,Chengalpattu MGR / Kanchipuram,2017,193.22,4178.74
rice,Tamil Nadu,South Arcot / Cuddalore,2000,267.83,3473.7
rice,Tamil Nadu,South Arcot / Cuddalore,2001,263.94,3652.12
rice,Tamil Nadu,South Arcot / Cuddalore,2002,182.97,2858.39
rice,Tamil Nadu,South Arcot / Cuddalore,2003,179.44,3078.52
rice,Tamil Nadu,South Arcot / Cuddalore,2004,278.3,3023.9
rice,Tamil Nadu,South Arcot / Cuddalore,2005,282.73,2582.96
rice,Tamil Nadu,South Arcot / Cuddalore,2006,250.22,3550.84
rice,Tamil Nadu,South Arcot / Cuddalore,2007,248.2,3285.46
rice,Tamil Nadu,South Arcot / Cuddalore,2008,254.46,2652.75
rice,Tamil Nadu,South Arcot / Cuddalore,2009,259.97,3041.85
rice,Tamil Nadu,South Arcot / Cuddalore,2010,265.75,3061.22
rice,Tamil Nadu,South Arcot / Cuddalore,2011,250.84,2869.8
rice,Tamil Nadu,South Arcot / Cuddalore,2012,227.55,3233.66
rice,Tamil Nadu,South Arcot / Cuddalore,2013,297.93,4573.46
rice,Tamil Nadu,South Arcot / Cuddalore,2014,306.16,4816.27
rice,Tamil Nadu,South Arcot / Cuddalore,2015,322.29,3972.94
rice,Tamil Nadu,South Arcot / Cuddalore,2016,314.21,3924.87
rice,Tamil Nadu,South Arcot / Cuddalore,2017,294.85,4299.84
rice,Tamil Nadu,North Arcot / Vellore,2000,134.08,3420.79
rice,Tamil Nadu,North Arcot / Vellore,2001,182.8,3310.12
rice,Tamil Nadu,North Arcot / Vellore,2002,70.16,2926.31
rice,Tamil Nadu,North Arcot / Vellore,2003,101.63,3017.02
rice,Tamil Nadu,North Arcot / Vellore,2004,146.22,2876.76
rice,Tamil Nadu,North Arcot / Vellore,2005,200.9,2792.33
rice,Tamil Nadu,North Arcot / Vellore,2006,153.15,3233.69
rice,Tamil Nadu,North Arcot / Vellore,2007,156.48,3414.37
rice,Tamil Nadu,North Arcot / Vellore,2008,149.31,3280.49
rice,Tamil Nadu,North Arcot / Vellore,2009,144.95,3179.1
rice,Tamil Nadu,North Arcot / Vellore,2010,168.71,3026.02
rice,Tamil Nadu,North Arcot / Vellore,2011,101.93,4451.58
rice,Tamil Nadu,North Arcot / Vellore,2012,127.48,3752.04
rice,Tamil Nadu,North Arcot / Vellore,2013,122.0,4523.77
rice,Tamil Nadu,North Arcot / Vellore,2014,129.71,4887.52
rice,Tamil Nadu,North Arcot / Vellore,2015,190.65,3949.44
rice,Tamil Nadu,North Arcot / Vellore,2016,183.45,4021.55
rice,Tamil Nadu,North Arcot / Vellore,2017,216.65,4428.49
rice,Tamil Nadu,Salem,2000,123.33,3937.81
rice,Tamil Nadu,Salem,2001,121.92,4030.68
rice,Tamil Nadu,Salem,2002,50.65,3004.15
rice,Tamil Nadu,Salem,2003,37.07,2881.58
rice,Tamil Nadu,Salem,2004,67.88,3082.5
rice,Tamil Nadu,Salem,2005,107.16,3259.89
rice,Tamil Nadu,Salem,2006,81.65,3485.61
rice,Tamil Nadu,Salem,2007,67.7,3477.84
rice,Tamil Nadu,Salem,2008,78.83,4030.32
rice,Tamil Nadu,Salem,2009,71.87,4133.44
rice,Tamil Nadu,Salem,2010,86.56,4217.65
rice,Tamil Nadu,Salem,2011,83.06,4584.04
rice,Tamil Nadu,Salem,2012,48.23,4127.31
rice,Tamil Nadu,Salem,2013,85.72,4945.99
rice,Tamil Nadu,Salem,2014,67.32,5129.68
rice,Tamil Nadu,Salem,2015,92.85,4681.42
rice,Tamil Nadu,Salem,2016,80.0,4676.96
rice,Tamil Nadu,Salem,2017,73.11,4929.77
rice,Tamil Nadu,Coimbatore,2000,108.9,3426.26
rice,Tamil Nadu,Coimbatore,2001,94.05,2741.1
rice,Tamil Nadu,Coimbatore,2002,83.02,2174.54
rice,Tamil Nadu,Coimbatore,2003,83.42,1884.92
rice,Tamil Nadu,Coimbatore,2004,101.27,2979.46
rice,Tamil Nadu,Coimbatore,2005,103.4,2449.13
rice,Tamil Nadu,Coimbatore,2006,99.59,3092.68
rice,Tamil Nadu,Coimbatore,2007,95.15,1933.89
rice,Tamil Nadu,Coimbatore,2008,104.49,1865.15
rice,Tamil Nadu,Coimbatore,2009,104.1,2146.21
rice,Tamil Nadu,Coimbatore,2010,101.47,2392.48
rice,Tamil Nadu,Coimbatore,2011,100.52,3672.92
rice,Tamil Nadu,Coimbatore,2012,85.87,2894.67
rice,Tamil Nadu,Coimbatore,2013,78.57,1931.27
rice,Tamil Nadu,Coimbatore,2014,74.8,4278.88
rice,Tamil Nadu,Coimbatore,2015,80.98,3593.32
rice,Tamil Nadu,Coimbatore,2016,70.87,3749.48
rice,Tamil Nadu,Coimbatore,2017,90.17,2166.46
rice,Tamil Nadu,Tiruchirapalli / Trichy,2000,193.19,3881.85
rice,Tamil Nadu,Tiruchirapalli / Trichy,2001,170.91,3688.49
rice,Tamil Nadu,Tiruchirapalli / Trichy,2002,111.82,2715.18
rice,Tamil Nadu,Tiruchirapalli / Trichy,2003,89.95,2684.55
rice,Tamil Nadu,Tiruchirapalli / Trichy,2004,164.48,3132.58
rice,Tamil Nadu,Tiruchirapalli / Trichy,2005,173.54,3005.87
rice,Tamil Nadu,Tiruchirapalli / Trichy,2006,153.61,3727.38
rice,Tamil Nadu,Tiruchirapalli / Trichy,2007,137.92,3454.82
rice,Tamil Nadu,Tiruchirapalli / Trichy,2008,154.76,3727.25
rice,Tamil Nadu,Tiruchirapalli / Trichy,2009,147.36,3912.95
rice,Tamil Nadu,Tiruchirapalli / Trichy,2010,150.38,3981.63
rice,Tamil Nadu,Tiruchirapalli / Trichy,2011,144.77,4412.36
rice,Tamil Nadu,Tiruchirapalli / Trichy,2012,85.54,3032.89
rice,Tamil Nadu,Tiruchirapalli / Trichy,2013,115.8,5094.65
rice,Tamil Nadu,Tiruchirapalli / Trichy,2014,125.77,4849.1
rice,Tamil Nadu,Tiruchirapalli / Trichy,2015,137.32,4380.47
rice,Tamil Nadu,Tiruchirapalli / Trichy,2016,123.55,4285.73
rice,Tamil Nadu,Tiruchirapalli / Trichy,2017,99.63,4782.99
rice,Tamil Nadu,Thanjavur,2000,551.95,3644.38
rice,Tamil Nadu,Thanjavur,2001,551.3,2764.57
rice,Tamil Nadu,Thanjavur,2002,413.31,1485.06
rice,Tamil Nadu,Thanjavur,2003,381.39,2062.94
rice,Tamil Nadu,Thanjavur,2004,480.07,1851.78
rice,Tamil Nadu,Thanjavur,2005,483.03,1732.86
rice,Tamil Nadu,Thanjavur,2006,519.19,3595.75
rice,Tamil Nadu,Thanjavur,2007,468.18,2421.46
rice,Tamil Nadu,Thanjavur,2008,539.92,1583.66
rice,Tamil Nadu,Thanjavur,2009,501.16,2794.29
rice,Tamil Nadu,Thanjavur,2010,496.12,2299.56
rice,Tamil Nadu,Thanjavur,2011,450.12,4027.91
rice,Tamil Nadu,Thanjavur,2012,450.22,1854.48
rice,Tamil Nadu,Thanjavur,2013,507.5,4564.48
rice,Tamil Nadu,Thanjavur,2014,543.51,4039.75
rice,Tamil Nadu,Thanjavur,2015,548.65,3092.72
rice,Tamil Nadu,Thanjavur,2016,541.98,2502.07
rice,Tamil Nadu,Thanjavur,2017,520.25,3537.05
rice,Tamil Nadu,Madurai,2000,118.06,4350.16
rice,Tamil Nadu,Madurai,2001,101.66,4188.47
rice,Tamil Nadu,Madurai,2002,73.11,3006.84
rice,Tamil Nadu,Madurai,2003,49.6,3077.22
rice,Tamil Nadu,Madurai,2004,98.04,3446.76
rice,Tamil Nadu,Madurai,2005,110.43,3396.54
rice,Tamil Nadu,Madurai,2006,100.76,4098.65
rice,Tamil Nadu,Madurai,2007,93.54,3681.63
rice,Tamil Nadu,Madurai,2008,101.92,4122.65
rice,Tamil Nadu,Madurai,2009,83.01,4339.0
rice,Tamil Nadu,Madurai,2010,94.77,4559.67
rice,Tamil Nadu,Madurai,2011,99.54,4889.99
rice,Tamil Nadu,Madurai,2012,37.82,3792.97
rice,Tamil Nadu,Madurai,2013,52.0,4625.77
rice,Tamil Nadu,Madurai,2014,73.63,4618.77
rice,Tamil Nadu,Madurai,2015,85.6,4147.08
rice,Tamil Nadu,Madurai,2016,77.18,4056.26
rice,Tamil Nadu,Madurai,2017,36.78,4656.49
rice,Tamil Nadu,Ramananthapuram,2000,234.24,2255.89
rice,Tamil Nadu,Ramananthapuram,2001,231.16,1824.62
rice,Tamil Nadu,Ramananthapuram,2002,237.5,1624.38
rice,Tamil Nadu,Ramananthapuram,2003,217.13,527.7
rice,Tamil Nadu,Ramananthapuram,2004,241.46,2158.66
rice,Tamil Nadu,Ramananthapuram,2005,248.1,2169.69
rice,Tamil Nadu,Ramananthapuram,2006,244.55,2007.16
rice,Tamil Nadu,Ramananthapuram,2007,228.71,882.82
rice,Tamil Nadu,Ramananthapuram,2008,242.13,1816.05
rice,Tamil Nadu,Ramananthapuram,2009,237.84,1840.31
rice,Tamil Nadu,Ramananthapuram,2010,245.9,2183.57
rice,Tamil Nadu,Ramananthapuram,2011,242.4,3576.28
rice,Tamil Nadu,Ramananthapuram,2012,210.11,1139.12
rice,Tamil Nadu,Ramananthapuram,2013,196.9,752.46
rice,Tamil Nadu,Ramananthapuram,2014,201.57,3618.84
rice,Tamil Nadu,Ramananthapuram,2015,212.4,2794.49
rice,Tamil Nadu,Ramananthapuram,2016,215.67,2072.3
rice,Tamil Nadu,Ramananthapuram,2017,217.34,2017.36
rice,Tamil Nadu,Thirunelveli,2000,91.91,4427.48
rice,Tamil Nadu,Thirunelveli,2001,82.18,4050.99
rice,Tamil Nadu,Thirunelveli,2002,80.93,4087.36
rice,Tamil Nadu,Thirunelveli,2003,66.01,3859.11
rice,Tamil Nadu,Thirunelveli,2004,103.25,4134.14
rice,Tamil Nadu,Thirunelveli,2005,106.33,3676.2
rice,Tamil Nadu,Thirunelveli,2006,113.26,4231.68
rice,Tamil Nadu,Thirunelveli,2007,101.77,3819.2
rice,Tamil Nadu,Thirunelveli,2008,113.72,4241.73
rice,Tamil Nadu,Thirunelveli,2009,105.54,4288.04
rice,Tamil Nadu,Thirunelveli,2010,99.77,4422.77
rice,Tamil Nadu,Thirunelveli,2011,121.6,3634.62
rice,Tamil Nadu,Thirunelveli,2012,51.63,4010.27
rice,Tamil Nadu,Thirunelveli,2013,74.01,5653.83
rice,Tamil Nadu,Thirunelveli,2014,101.1,5117.01
rice,Tamil Nadu,Thirunelveli,2015,117.07,4809.17
rice,Tamil Nadu,Thirunelveli,2016,48.44,3710.76
rice,Tamil Nadu,Thirunelveli,2017,77.0,4612.54
rice,Tamil Nadu,The Nilgiris,2000,2.03,4113.3
rice,Tamil Nadu,The Nilgiris,2001,2.15,3925.58
rice,Tamil Nadu,The Nilgiris,2002,1.85,3367.57
rice,Tamil Nadu,The Nilgiris,2003,1.64,3298.78
rice,Tamil Nadu,The Nilgiris,2004,1.44,3305.56
rice,Tamil Nadu,The Nilgiris,2005,1.43,3300.7
rice,Tamil Nadu,The Nilgiris,2006,1.25,3200.0
rice,Tamil Nadu,The Nilgiris,2007,1.11,3864.86
rice,Tamil Nadu,The Nilgiris,2008,0.78,3910.26
rice,Tamil Nadu,The Nilgiris,2009,0.51,3490.2
rice,Tamil Nadu,Kanyakumari,2000,28.59,4721.93
rice,Tamil Nadu,Kanyakumari,2001,28.23,4300.04
rice,Tamil Nadu,Kanyakumari,2002,26.05,3780.04
rice,Tamil Nadu,Kanyakumari,2003,17.32,3054.27
rice,Tamil Nadu,Kanyakumari,2004,22.02,3927.79
rice,Tamil Nadu,Kanyakumari,2005,21.71,3801.01
rice,Tamil Nadu,Kanyakumari,2006,21.41,4396.54
rice,Tamil Nadu,Kanyakumari,2007,20.35,4432.92
rice,Tamil Nadu,Kanyakumari,2008,18.19,4599.23
rice,Tamil Nadu,Kanyakumari,2009,17.31,4404.39
rice,Tamil Nadu,Kanyakumari,2010,16.99,4731.61
rice,Tamil Nadu,Kanyakumari,2011,16.62,5421.78
rice,Tamil Nadu,Kanyakumari,2012,12.41,4663.98
rice,Tamil Nadu,Kanyakumari,2013,13.62,4897.21
rice,Tamil Nadu,Kanyakumari,2014,13.18,5078.91
rice,Tamil Nadu,Kanyakumari,2015,12.96,4304.78
rice,Tamil Nadu,Kanyakumari,2016,12.16,4003.78
rice,Tamil Nadu,Kanyakumari,2017,9.63,3431.03
rice,Maharashtra,Thane,2000,141.7,1237.12
rice,Maharashtra,Thane,2001,141.0,2447.52
rice,Maharashtra,Thane,2002,140.4,1138.18
rice,Maharashtra,Thane,2003,140.9,2821.15
rice,Maharashtra,Thane,2004,141.0,2378.72
rice,Maharashtra,Thane,2005,139.5,2226.52
rice,Maharashtra,Thane,2006,140.2,1835.95
rice,Maharashtra,Thane,2007,140.6,2199.5
rice,Maharashtra,Thane,2008,140.6,2157.89
rice,Maharashtra,Thane,2009,138.6,2097.84
rice,Maharashtra,Thane,2010,138.3,2028.78
rice,Maharashtra,Thane,2011,140.4,2450.0
rice,Maharashtra,Thane,2012,139.6,2599.86
rice,Maharashtra,Thane,2013,139.6,2392.55
rice,Maharashtra,Thane,2014,132.8,2475.15
rice,Maharashtra,Thane,2015,133.9,2289.02
rice,Maharashtra,Thane,2016,132.7,2828.18
rice,Maharashtra,Thane,2017,132.68,1856.37
rice,Maharashtra,Raigad,2000,134.7,2165.55
rice,Maharashtra,Raigad,2001,133.7,2668.66
rice,Maharashtra,Raigad,2002,133.2,2085.59
rice,Maharashtra,Raigad,2003,133.1,2827.2
rice,Maharashtra,Raigad,2004,133.0,2234.59
rice,Maharashtra,Raigad,2005,129.5,2277.99
rice,Maharashtra,Raigad,2006,132.2,2378.97
rice,Maharashtra,Raigad,2007,133.1,2514.05
rice,Maharashtra,Raigad,2008,132.3,2719.58
rice,Maharashtra,Raigad,2009,130.4,2526.3
rice,Maharashtra,Raigad,2010,126.2,2369.89
rice,Maharashtra,Raigad,2011,126.8,2414.51
rice,Maharashtra,Raigad,2012,127.9,2606.18
rice,Maharashtra,Raigad,2013,127.9,2860.83
rice,Maharashtra,Raigad,2014,125.3,2799.68
rice,Maharashtra,Raigad,2015,115.6,2940.31
rice,Maharashtra,Raigad,2016,113.3,2728.16
rice,Maharashtra,Raigad,2017,114.24,2720.66
rice,Maharashtra,Ratnagiri,2000,158.6,2298.87
rice,Maharashtra,Ratnagiri,2001,157.3,2591.23
rice,Maharashtra,Ratnagiri,2002,157.7,2038.05
rice,Maharashtra,Ratnagiri,2003,158.4,3058.71
rice,Maharashtra,Ratnagiri,2004,158.1,2571.16
rice,Maharashtra,Ratnagiri,2005,155.9,2690.19
rice,Maharashtra,Ratnagiri,2006,156.8,2808.67
rice,Maharashtra,Ratnagiri,2007,155.9,2633.03
rice,Maharashtra,Ratnagiri,2008,156.0,2673.72
rice,Maharashtra,Ratnagiri,2009,155.9,2614.18
rice,Maharashtra,Ratnagiri,2010,156.0,2757.12
rice,Maharashtra,Ratnagiri,2011,155.5,2813.12
rice,Maharashtra,Ratnagiri,2012,150.7,2841.27
rice,Maharashtra,Ratnagiri,2013,148.9,3032.91
rice,Maharashtra,Ratnagiri,2014,142.5,3145.96
rice,Maharashtra,Ratnagiri,2015,138.2,2678.73
rice,Maharashtra,Ratnagiri,2016,139.34,3195.78
rice,Maharashtra,Ratnagiri,2017,139.25,3093.02
rice,Maharashtra,Nasik,2000,45.6,872.81
rice,Maharashtra,Nasik,2001,46.6,1208.15
rice,Maharashtra,Nasik,2002,49.1,894.09
rice,Maharashtra,Nasik,2003,50.6,1310.28
rice,Maharashtra,Nasik,2004,50.8,1381.89
rice,Maharashtra,Nasik,2005,50.3,1167.0
rice,Maharashtra,Nasik,2006,49.0,1012.24
rice,Maharashtra,Nasik,2007,50.6,1351.78
rice,Maharashtra,Nasik,2008,51.2,1285.16
rice,Maharashtra,Nasik,2009,48.1,391.68
rice,Maharashtra,Nasik,2010,59.1,406.6
rice,Maharashtra,Nasik,2011,62.9,1236.88
rice,Maharashtra,Nasik,2012,67.9,1189.84
rice,Maharashtra,Nasik,2013,72.6,1285.12
rice,Maharashtra,Nasik,2014,71.2,1217.7
rice,Maharashtra,Nasik,2015,69.6,1452.59
rice,Maharashtra,Nasik,2016,71.9,2027.82
rice,Maharashtra,Nasik,2017,72.5,2118.62
rice,Maharashtra,Dhule,2000,25.9,258.69
rice,Maharashtra,Dhule,2001,24.9,718.88
rice,Maharashtra,Dhule,2002,25.0,748.0
rice,Maharashtra,Dhule,2003,27.4,897.81
rice,Maharashtra,Dhule,2004,26.3,574.14
rice,Maharashtra,Dhule,2005,24.8,1447.58
rice,Maharashtra,Dhule,2006,25.1,756.97
rice,Maharashtra,Dhule,2007,25.4,1367.72
rice,Maharashtra,Dhule,2008,25.8,965.12
rice,Maharashtra,Dhule,2009,23.6,645.76
rice,Maharashtra,Dhule,2010,28.4,1104.93
rice,Maharashtra,Dhule,2011,27.3,1355.31
rice,Maharashtra,Dhule,2012,27.2,1314.71
rice,Maharashtra,Dhule,2013,30.2,993.38
rice,Maharashtra,Dhule,2014,18.3,491.8
rice,Maharashtra,Dhule,2015,21.2,943.4
rice,Maharashtra,Dhule,2016,31.7,1258.68
rice,Maharashtra,Dhule,2017,33.6,1315.48
rice,Maharashtra,Jalgaon,2000,1.7,1235.29
rice,Maharashtra,Jalgaon,2001,1.2,583.33
rice,Maharashtra,Jalgaon,2002,0.9,888.89
rice,Maharashtra,Jalgaon,2003,0.9,1222.22
rice,Maharashtra,Ahmednagar,2000,5.5,690.91
rice,Maharashtra,Ahmednagar,2001,7.3,561.64
rice,Maharashtra,Ahmednagar,2002,7.4,229.73
rice,Maharashtra,Ahmednagar,2003,7.6,776.32
rice,Maharashtra,Ahmednagar,2004,8.0,725.0
rice,Maharashtra,Ahmednagar,2005,8.0,437.5
rice,Maharashtra,Ahmednagar,2006,8.4,785.71
rice,Maharashtra,Ahmednagar,2007,8.6,1190.7
rice,Maharashtra,Ahmednagar,2008,9.3,978.49
rice,Maharashtra,Ahmednagar,2009,7.4,378.38
rice,Maharashtra,Ahmednagar,2010,7.5,937.33
rice,Maharashtra,Ahmednagar,2011,7.9,987.34
rice,Maharashtra,Ahmednagar,2012,7.5,614.67
rice,Maharashtra,Ahmednagar,2013,7.9,2405.06
rice,Maharashtra,Ahmednagar,2014,8.6,255.81
rice,Maharashtra,Ahmednagar,2015,14.0,1228.57
rice,Maharashtra,Ahmednagar,2016,15.0,1746.67
rice,Maharashtra,Ahmednagar,2017,16.2,2302.47
rice,Maharashtra,Pune,2000,64.0,1175.0
rice,Maharashtra,Pune,2001,59.1,1461.93
rice,Maharashtra,Pune,2002,57.7,693.24
rice,Maharashtra,Pune,2003,60.4,1402.32
rice,Maharashtra,Pune,2004,67.6,1258.88
rice,Maharashtra,Pune,2005,64.5,1144.19
rice,Maharashtra,Pune,2006,63.9,1078.25
rice,Maharashtra,Pune,2007,62.8,1245.22
rice,Maharashtra,Pune,2008,61.2,1233.66
rice,Maharashtra,Pune,2009,62.6,817.57
rice,Maharashtra,Pune,2010,60.9,1180.95
rice,Maharashtra,Pune,2011,62.0,1380.65
rice,Maharashtra,Pune,2012,77.6,1368.04
rice,Maharashtra,Pune,2013,82.1,1866.02
rice,Maharashtra,Pune,2014,82.1,1657.73
rice,Maharashtra,Pune,2015,54.6,1965.2
rice,Maharashtra,Pune,2016,53.5,2157.01
rice,Maharashtra,Pune,2017,52.0,2384.62
rice,Maharashtra,Satara,2000,43.9,1168.56
rice,Maharashtra,Satara,2001,44.6,1730.94
rice,Maharashtra,Satara,2002,45.4,1568.28
rice,Maharashtra,Satara,2003,44.2,1660.63
rice,Maharashtra,Satara,2004,44.1,1653.06
rice,Maharashtra,Satara,2005,43.6,1683.49
rice,Maharashtra,Satara,2006,45.0,2073.33
rice,Maharashtra,Satara,2007,49.6,2064.52
rice,Maharashtra,Satara,2008,49.7,2199.2
rice,Maharashtra,Satara,2009,50.6,1519.76
rice,Maharashtra,Satara,2010,50.8,1618.9
rice,Maharashtra,Satara,2011,50.5,1643.56
rice,Maharashtra,Satara,2012,51.0,1373.33
rice,Maharashtra,Satara,2013,50.4,1500.0
rice,Maharashtra,Satara,2014,52.9,1790.17
rice,Maharashtra,Satara,2015,52.7,1512.33
rice,Maharashtra,Satara,2016,47.0,1746.81
rice,Maharashtra,Satara,2017,45.8,1812.23
rice,Maharashtra,Sangli,2000,18.6,2172.04
rice,Maharashtra,Sangli,2001,17.7,2666.67
rice,Maharashtra,Sangli,2002,18.5,1535.14
rice,Maharashtra,Sangli,2003,15.6,2532.05
rice,Maharashtra,Sangli,2004,17.7,2497.18
rice,Maharashtra,Sangli,2005,18.1,2182.32
rice,Maharashtra,Sangli,2006,18.1,1596.69
rice,Maharashtra,Sangli,2007,18.7,2332.09
rice,Maharashtra,Sangli,2008,18.7,2069.52
rice,Maharashtra,Sangli,2009,18.7,1875.4
rice,Maharashtra,Sangli,2010,20.2,2666.83
rice,Maharashtra,Sangli,2011,18.1,1861.88
rice,Maharashtra,Sangli,2012,17.5,1928.0
rice,Maharashtra,Sangli,2013,14.5,1758.62
rice,Maharashtra,Sangli,2014,15.5,2025.81
rice,Maharashtra,Sangli,2015,22.6,1920.35
rice,Maharashtra,Sangli,2016,16.8,2553.57
rice,Maharashtra,Sangli,2017,17.0,2311.76
rice,Maharashtra,Solapur,2000,3.0,1133.33
rice,Maharashtra,Solapur,2001,0.6,1333.33
rice,Maharashtra,Solapur,2002,0.5,600.0
rice,Maharashtra,Solapur,2010,0.7,328.57
rice,Maharashtra,Solapur,2011,0.7,285.71
rice,Maharashtra,Solapur,2017,0.6,116.67
rice,Maharashtra,Kolhapur,2000,106.7,2190.25
rice,Maharashtra,Kolhapur,2001,106.3,2732.83
rice,Maharashtra,Kolhapur,2002,106.1,2212.06
rice,Maharashtra,Kolhapur,2003,106.9,2322.73
rice,Maharashtra,Kolhapur,2004,111.1,2531.95
rice,Maharashtra,Kolhapur,2005,108.9,2275.48
rice,Maharashtra,Kolhapur,2006,110.4,2594.2
rice,Maharashtra,Kolhapur,2007,112.5,3004.62
rice,Maharashtra,Kolhapur,2008,114.4,2510.49
rice,Maharashtra,Kolhapur,2009,113.3,2588.44
rice,Maharashtra,Kolhapur,2010,112.0,2885.0
rice,Maharashtra,Kolhapur,2011,104.9,2677.6
rice,Maharashtra,Kolhapur,2012,108.5,2617.14
rice,Maharashtra,Kolhapur,2013,109.6,3118.61
rice,Maharashtra,Kolhapur,2014,111.8,3028.62
rice,Maharashtra,Kolhapur,2015,112.4,2460.85
rice,Maharashtra,Kolhapur,2016,114.2,3483.36
rice,Maharashtra,Kolhapur,2017,109.46,3054.2
rice,Maharashtra,Aurangabad,2000,1.8,611.11
rice,Maharashtra,Aurangabad,2001,1.1,636.36
rice,Maharashtra,Aurangabad,2002,1.2,250.0
rice,Maharashtra,Aurangabad,2003,1.3,384.62
rice,Maharashtra,Aurangabad,2004,0.8,500.0
rice,Maharashtra,Aurangabad,2016,6.5,476.92
rice,Maharashtra,Parbhani,2000,24.3,502.06
rice,Maharashtra,Parbhani,2001,24.1,622.41
rice,Maharashtra,Parbhani,2002,25.3,553.36
rice,Maharashtra,Parbhani,2003,19.1,439.79
rice,Maharashtra,Parbhani,2004,17.7,276.84
rice,Maharashtra,Parbhani,2005,11.5,365.22
rice,Maharashtra,Parbhani,2006,12.1,429.75
rice,Maharashtra,Parbhani,2007,11.3,419.47
rice,Maharashtra,Parbhani,2008,6.3,349.21
rice,Maharashtra,Parbhani,2009,4.3,351.16
rice,Maharashtra,Parbhani,2010,5.1,484.31
rice,Maharashtra,Parbhani,2011,2.3,347.83
rice,Maharashtra,Parbhani,2012,2.0,165.0
rice,Maharashtra,Parbhani,2013,0.7,428.57
rice,Maharashtra,Beed,2000,3.4,588.24
rice,Maharashtra,Beed,2001,2.4,625.0
rice,Maharashtra,Beed,2002,2.4,250.0
rice,Maharashtra,Beed,2003,2.5,400.0
rice,Maharashtra,Beed,2004,2.3,260.87
rice,Maharashtra,Beed,2005,2.2,409.09
rice,Maharashtra,Beed,2006,2.0,750.0
rice,Maharashtra,Beed,2007,1.5,466.67
rice,Maharashtra,Beed,2008,1.0,400.0
rice,Maharashtra,Beed,2009,0.6,283.33
rice,Maharashtra,Beed,2010,0.8,425.0
rice,Maharashtra,Beed,2011,0.6,466.67
rice,Maharashtra,Beed,2012,0.6,450.0
rice,Maharashtra,Beed,2013,0.5,600.0
rice,Maharashtra,Nanded,2000,26.7,752.81
rice,Maharashtra,Nanded,2001,23.9,1020.92
rice,Maharashtra,Nanded,2002,24.1,634.85
rice,Maharashtra,Nanded,2003,23.3,575.11
rice,Maharashtra,Nanded,2004,16.4,500.0
rice,Maharashtra,Nanded,2005,15.6,429.49
rice,Maharashtra,Nanded,2006,15.6,602.56
rice,Maharashtra,Nanded,2007,14.5,720.69
rice,Maharashtra,Nanded,2008,8.0,525.0
rice,Maharashtra,Nanded,2009,5.6,266.07
rice,Maharashtra,Nanded,2010,5.2,521.15
rice,Maharashtra,Nanded,2011,4.0,375.0
rice,Maharashtra,Nanded,2012,4.0,522.5
rice,Maharashtra,Nanded,2013,0.8,500.0
rice,Maharashtra,Nanded,2014,0.8,125.0
rice,Maharashtra,Nanded,2016,0.7,1857.14
rice,Maharashtra,Nanded,2017,0.81,1485.15
rice,Maharashtra,Osmanabad,2000,38.0,563.16
rice,Maharashtra,Osmanabad,2001,36.5,432.88
rice,Maharashtra,Osmanabad,2002,37.4,385.03
rice,Maharashtra,Osmanabad,2003,38.5,241.56
rice,Maharashtra,Osmanabad,2004,38.4,335.94
rice,Maharashtra,Osmanabad,2005,35.2,417.61
rice,Maharashtra,Osmanabad,2006,33.4,398.2
rice,Maharashtra,Osmanabad,2007,29.2,438.36
rice,Maharashtra,Osmanabad,2008,8.9,359.55
rice,Maharashtra,Osmanabad,2009,9.3,534.41
rice,Maharashtra,Osmanabad,2010,17.5,353.71
rice,Maharashtra,Osmanabad,2011,17.4,419.54
rice,Maharashtra,Osmanabad,2012,19.8,392.42
rice,Maharashtra,Osmanabad,2013,20.7,555.56
rice,Maharashtra,Osmanabad,2014,18.9,190.48
rice,Maharashtra,Osmanabad,2015,10.0,90.0
rice,Maharashtra,Osmanabad,2016,9.6,218.75
rice,Maharashtra,Osmanabad,2017,10.3,291.26
rice,Maharashtra,Akola,2000,2.0,400.0
rice,Maharashtra,Akola,2001,1.3,1000.0
rice,Maharashtra,Akola,2002,1.1,636.36
rice,Maharashtra,Akola,2003,0.9,333.33
rice,Maharashtra,Akola,2004,0.5,400.0
rice,Maharashtra,Amarawati,2000,8.9,494.38
rice,Maharashtra,Amarawati,2001,10.3,941.75
rice,Maharashtra,Amarawati,2002,11.0,654.55
rice,Maharashtra,Amarawati,2003,10.2,588.24
rice,Maharashtra,Amarawati,2004,9.6,437.5
rice,Maharashtra,Amarawati,2005,10.2,490.2
rice,Maharashtra,Amarawati,2006,8.5,541.18
rice,Maharashtra,Amarawati,2007,6.3,822.22
rice,Maharashtra,Amarawati,2008,4.5,400.0
rice,Maharashtra,Amarawati,2009,4.3,1448.84
rice,Maharashtra,Amarawati,2010,3.8,726.32
rice,Maharashtra,Amarawati,2011,4.1,756.1
rice,Maharashtra,Amarawati,2012,3.8,407.89
rice,Maharashtra,Amarawati,2013,4.7,170.21
rice,Maharashtra,Amarawati,2014,5.3,301.89
rice,Maharashtra,Amarawati,2015,5.6,214.29
rice,Maharashtra,Amarawati,2016,6.9,666.67
rice,Maharashtra,Amarawati,2017,8.9,337.08
rice,Maharashtra,Yeotmal,2000,5.2,826.92
rice,Maharashtra,Yeotmal,2001,4.8,1000.0
rice,Maharashtra,Yeotmal,2002,3.7,648.65
rice,Maharashtra,Yeotmal,2003,3.3,606.06
rice,Maharashtra,Yeotmal,2004,2.4,333.33
rice,Maharashtra,Yeotmal,2005,1.8,500.0
rice,Maharashtra,Yeotmal,2006,0.6,500.0
rice,Maharashtra,Yeotmal,2007,0.6,666.67
rice,Maharashtra,Yeotmal,2008,0.5,400.0
rice,Maharashtra,Wardha,2000,0.6,500.0
rice,Maharashtra,Wardha,2001,0.5,600.0
rice,Maharashtra,Wardha,2002,0.5,600.0
rice,Maharashtra,Nagpur,2000,37.7,992.04
rice,Maharashtra,Nagpur,2001,42.7,1290.4
rice,Maharashtra,Nagpur,2002,43.5,967.82
rice,Maharashtra,Nagpur,2003,44.9,1454.34
rice,Maharashtra,Nagpur,2004,43.3,960.74
rice,Maharashtra,Nagpur,2005,45.8,1373.36
rice,Maharashtra,Nagpur,2006,46.8,1508.55
rice,Maharashtra,Nagpur,2007,49.7,1521.13
rice,Maharashtra,Nagpur,2008,57.5,949.57
rice,Maharashtra,Nagpur,2009,70.9,1146.26
rice,Maharashtra,Nagpur,2010,71.5,983.22
rice,Maharashtra,Nagpur,2011,77.5,1514.84
rice,Maharashtra,Nagpur,2012,67.1,1497.02
rice,Maharashtra,Nagpur,2013,77.8,1352.18
rice,Maharashtra,Nagpur,2014,78.8,1211.93
rice,Maharashtra,Nagpur,2015,88.7,1209.7
rice,Maharashtra,Nagpur,2016,87.7,1942.99
rice,Maharashtra,Nagpur,2017,97.28,1887.43
rice,Maharashtra,Bhandara,2000,325.7,941.36
rice,Maharashtra,Bhandara,2001,327.6,1349.21
rice,Maharashtra,Bhandara,2002,344.5,1077.79
rice,Maharashtra,Bhandara,2003,349.9,1539.87
rice,Maharashtra,Bhandara,2004,329.7,680.92
rice,Maharashtra,Bhandara,2005,361.5,1597.51
rice,Maharashtra,Bhandara,2006,378.1,1307.33
rice,Maharashtra,Bhandara,2007,387.0,1738.22
rice,Maharashtra,Bhandara,2008,363.9,729.32
rice,Maharashtra,Bhandara,2009,361.7,1055.63
rice,Maharashtra,Bhandara,2010,378.6,1604.99
rice,Maharashtra,Bhandara,2011,365.8,1732.7
rice,Maharashtra,Bhandara,2012,370.7,1982.65
rice,Maharashtra,Bhandara,2013,396.1,1639.96
rice,Maharashtra,Bhandara,2014,383.8,1822.56
rice,Maharashtra,Bhandara,2015,370.4,1549.14
rice,Maharashtra,Bhandara,2016,391.7,2268.83
rice,Maharashtra,Bhandara,2017,315.89,1421.69
rice,Maharashtra,Chandrapur,2000,287.1,804.25
rice,Maharashtra,Chandrapur,2001,298.3,1306.74
rice,Maharashtra,Chandrapur,2002,286.6,651.43
rice,Maharashtra,Chandrapur,2003,289.5,1335.75
rice,Maharashtra,Chandrapur,2004,288.9,811.7
rice,Maharashtra,Chandrapur,2005,284.4,1539.38
rice,Maharashtra,Chandrapur,2006,282.2,1435.15
rice,Maharashtra,Chandrapur,2007,316.1,1528.44
rice,Maharashtra,Chandrapur,2008,311.5,849.12
rice,Maharashtra,Chandrapur,2009,264.1,705.87
rice,Maharashtra,Chandrapur,2010,275.5,1453.65
rice,Maharashtra,Chandrapur,2011,315.0,1239.02
rice,Maharashtra,Chandrapur,2012,315.1,1557.54
rice,Maharashtra,Chandrapur,2013,319.4,1409.52
rice,Maharashtra,Chandrapur,2014,301.5,1060.03
rice,Maharashtra,Chandrapur,2015,292.4,847.81
rice,Maharashtra,Chandrapur,2016,296.5,1790.22
rice,Maharashtra,Chandrapur,2017,284.38,1010.26
rice,Gujarat,Ahmedabad,2000,92.17,657.47
rice,Gujarat,Ahmedabad,2001,86.72,1794.4
rice,Gujarat,Ahmedabad,2002,75.51,976.63
rice,Gujarat,Ahmedabad,2003,90.93,2401.52
rice,Gujarat,Ahmedabad,2004,86.79,2228.06
rice,Gujarat,Ahmedabad,2005,101.88,2502.81
rice,Gujarat,Ahmedabad,2006,108.54,1907.9
rice,Gujarat,Ahmedabad,2007,117.32,2105.39
rice,Gujarat,Ahmedabad,2008,105.95,1866.61
rice,Gujarat,Ahmedabad,2009,95.25,2513.26
rice,Gujarat,Ahmedabad,2010,122.94,2701.08
rice,Gujarat,Ahmedabad,2011,138.29,2729.43
rice,Gujarat,Ahmedabad,2012,114.57,2011.77
rice,Gujarat,Ahmedabad,2013,122.39,2370.66
rice,Gujarat,Ahmedabad,2014,130.4,2666.66
rice,Gujarat,Ahmedabad,2015,130.69,2574.07
rice,Gujarat,Ahmedabad,2016,153.19,2704.69
rice,Gujarat,Ahmedabad,2017,157.76,2222.13
rice,Gujarat,Bharuch,2000,21.7,543.78
rice,Gujarat,Bharuch,2001,26.0,930.77
rice,Gujarat,Bharuch,2002,23.3,1051.5
rice,Gujarat,Bharuch,2003,27.2,1202.21
rice,Gujarat,Bharuch,2004,24.7,1121.46
rice,Gujarat,Bharuch,2005,23.9,1146.44
rice,Gujarat,Bharuch,2006,23.9,1087.87
rice,Gujarat,Bharuch,2007,26.2,1225.19
rice,Gujarat,Bharuch,2008,30.6,1326.8
rice,Gujarat,Bharuch,2009,27.5,1040.0
rice,Gujarat,Bharuch,2010,25.2,1396.83
rice,Gujarat,Bharuch,2011,31.0,1293.55
rice,Gujarat,Bharuch,2012,23.4,1423.08
rice,Gujarat,Bharuch,2013,22.65,1253.86
rice,Gujarat,Bharuch,2014,20.79,1400.19
rice,Gujarat,Bharuch,2015,17.74,1102.03
rice,Gujarat,Bharuch,2016,22.4,1008.35
rice,Gujarat,Bharuch,2017,19.52,1315.44
rice,Gujarat,Vadodara / Baroda,2000,54.4,198.53
rice,Gujarat,Vadodara / Baroda,2001,54.8,937.96
rice,Gujarat,Vadodara / Baroda,2002,56.2,1032.03
rice,Gujarat,Vadodara / Baroda,2003,47.2,1258.47
rice,Gujarat,Vadodara / Baroda,2004,52.1,1042.23
rice,Gujarat,Vadodara / Baroda,2005,53.1,1154.43
rice,Gujarat,Vadodara / Baroda,2006,49.5,1159.6
rice,Gujarat,Vadodara / Baroda,2007,61.4,1361.56
rice,Gujarat,Vadodara / Baroda,2008,60.4,1110.93
rice,Gujarat,Vadodara / Baroda,2009,52.5,908.57
rice,Gujarat,Vadodara / Baroda,2010,55.1,1235.93
rice,Gujarat,Vadodara / Baroda,2011,44.4,1245.5
rice,Gujarat,Vadodara / Baroda,2012,44.6,1417.04
rice,Gujarat,Vadodara / Baroda,2013,38.07,1331.76
rice,Gujarat,Vadodara / Baroda,2014,41.68,1603.17
rice,Gujarat,Vadodara / Baroda,2015,39.6,1612.88
rice,Gujarat,Vadodara / Baroda,2016,40.6,1789.73
rice,Gujarat,Vadodara / Baroda,2017,45.0,1598.48
rice,Gujarat,Valsad,2000,114.8,1809.23
rice,Gujarat,Valsad,2001,116.9,2236.95
rice,Gujarat,Valsad,2002,124.5,1934.14
rice,Gujarat,Valsad,2003,85.9,2284.05
rice,Gujarat,Valsad,2004,97.0,2031.96
rice,Gujarat,Valsad,2005,89.7,2285.4
rice,Gujarat,Valsad,2006,94.6,2140.59
rice,Gujarat,Valsad,2007,109.2,2394.69
rice,Gujarat,Valsad,2008,113.5,2285.46
rice,Gujarat,Valsad,2009,120.0,2225.83
rice,Gujarat,Valsad,2010,155.6,2465.3
rice,Gujarat,Valsad,2011,149.6,2462.57
rice,Gujarat,Valsad,2012,124.0,2425.0
rice,Gujarat,Valsad,2013,150.35,2319.32
rice,Gujarat,Valsad,2014,139.23,2431.37
rice,Gujarat,Valsad,2015,118.98,2471.26
rice,Gujarat,Valsad,2016,142.31,2682.63
rice,Gujarat,Valsad,2017,121.65,2526.81
rice,Gujarat,Dangs,2000,12.7,1007.87
rice,Gujarat,Dangs,2001,12.0,1258.33
rice,Gujarat,Dangs,2002,12.2,754.1
rice,Gujarat,Dangs,2003,14.0,1221.43
rice,Gujarat,Dangs,2004,12.6,2420.63
rice,Gujarat,Dangs,2005,15.5,1348.39
rice,Gujarat,Dangs,2006,16.9,1207.1
rice,Gujarat,Dangs,2007,16.8,1357.14
rice,Gujarat,Dangs,2008,17.9,1268.16
rice,Gujarat,Dangs,2009,15.8,1101.27
rice,Gujarat,Dangs,2010,18.0,1300.0
rice,Gujarat,Dangs,2011,18.0,1705.56
rice,Gujarat,Dangs,2012,13.8,1579.71
rice,Gujarat,Dangs,2013,16.81,2568.71
rice,Gujarat,Dangs,2014,14.46,1493.78
rice,Gujarat,Dangs,2015,21.11,1973.47
rice,Gujarat,Dangs,2016,22.2,2415.72
rice,Gujarat,Dangs,2017,20.83,2398.34
rice,Gujarat,Kheda,2000,131.5,590.11
rice,Gujarat,Kheda,2001,139.2,1625.0
rice,Gujarat,Kheda,2002,98.5,1326.9
rice,Gujarat,Kheda,2003,170.7,2001.17
rice,Gujarat,Kheda,2004,183.1,2231.02
rice,Gujarat,Kheda,2005,182.9,2348.82
rice,Gujarat,Kheda,2006,178.8,1863.53
rice,Gujarat,Kheda,2007,195.7,2391.93
rice,Gujarat,Kheda,2008,193.8,2054.18
rice,Gujarat,Kheda,2009,168.6,2441.87
rice,Gujarat,Kheda,2010,186.6,2280.81
rice,Gujarat,Kheda,2011,201.3,2241.93
rice,Gujarat,Kheda,2012,179.4,2474.36
rice,Gujarat,Kheda,2013,228.11,2477.4
rice,Gujarat,Kheda,2014,220.87,2645.17
rice,Gujarat,Kheda,2015,219.25,2621.91
rice,Gujarat,Kheda,2016,222.46,2647.59
rice,Gujarat,Kheda,2017,235.19,2594.81
rice,Gujarat,Mehsana,2000,16.73,1386.77
rice,Gujarat,Mehsana,2001,14.58,2070.57
rice,Gujarat,Mehsana,2002,14.99,1644.94
rice,Gujarat,Mehsana,2003,12.57,1919.66
rice,Gujarat,Mehsana,2004,9.91,2303.37
rice,Gujarat,Mehsana,2005,10.22,2457.3
rice,Gujarat,Mehsana,2006,13.96,2200.24
rice,Gujarat,Mehsana,2007,14.78,2435.51
rice,Gujarat,Mehsana,2008,11.15,2074.72
rice,Gujarat,Mehsana,2009,10.55,2351.79
rice,Gujarat,Mehsana,2010,14.76,2203.86
rice,Gujarat,Mehsana,2011,9.01,1991.67
rice,Gujarat,Mehsana,2012,2.83,2300.18
rice,Gujarat,Mehsana,2013,9.06,2164.91
rice,Gujarat,Mehsana,2014,10.29,2525.58
rice,Gujarat,Mehsana,2015,11.58,2271.73
rice,Gujarat,Mehsana,2016,8.49,1879.08
rice,Gujarat,Mehsana,2017,12.08,2030.04
rice,Gujarat,Panchmahal,2000,114.5,65.5
rice,Gujarat,Panchmahal,2001,112.8,208.33
rice,Gujarat,Panchmahal,2002,112.6,311.72
rice,Gujarat,Panchmahal,2003,116.2,1185.03
rice,Gujarat,Panchmahal,2004,119.5,771.55
rice,Gujarat,Panchmahal,2005,117.4,871.38
rice,Gujarat,Panchmahal,2006,116.8,769.69
rice,Gujarat,Panchmahal,2007,117.7,1041.63
rice,Gujarat,Panchmahal,2008,108.5,715.21
rice,Gujarat,Panchmahal,2009,91.1,419.32
rice,Gujarat,Panchmahal,2010,106.7,871.6
rice,Gujarat,Panchmahal,2011,115.3,1149.18
rice,Gujarat,Panchmahal,2012,99.3,1565.96
rice,Gujarat,Panchmahal,2013,120.49,1323.26
rice,Gujarat,Panchmahal,2014,110.17,962.05
rice,Gujarat,Panchmahal,2015,105.67,885.67
rice,Gujarat,Panchmahal,2016,126.38,1207.35
rice,Gujarat,Panchmahal,2017,127.96,1126.36
rice,Gujarat,Sabarkantha,2000,22.1,904.98
rice,Gujarat,Sabarkantha,2001,21.5,1497.67
rice,Gujarat,Sabarkantha,2002,14.9,1288.59
rice,Gujarat,Sabarkantha,2003,6.5,1676.92
rice,Gujarat,Sabarkantha,2004,9.7,1731.96
rice,Gujarat,Sabarkantha,2005,5.8,2413.79
rice,Gujarat,Sabarkantha,2006,8.1,1790.12
rice,Gujarat,Sabarkantha,2007,10.3,2174.76
rice,Gujarat,Sabarkantha,2008,10.1,1821.78
rice,Gujarat,Sabarkantha,2009,6.7,2447.76
rice,Gujarat,Sabarkantha,2010,5.6,2142.86
rice,Gujarat,Sabarkantha,2011,6.7,2373.13
rice,Gujarat,Sabarkantha,2012,3.7,2216.22
rice,Gujarat,Sabarkantha,2013,1.68,2119.05
rice,Gujarat,Sabarkantha,2014,5.89,1723.26
rice,Gujarat,Sabarkantha,2015,4.73,2678.65
rice,Gujarat,Sabarkantha,2016,7.67,2756.13
rice,Gujarat,Sabarkantha,2017,8.66,3448.97
rice,Gujarat,Surat,2000,107.8,1710.58
rice,Gujarat,Surat,2001,112.7,2014.2
rice,Gujarat,Surat,2002,95.2,2325.63
rice,Gujarat,Surat,2003,80.0,1935.0
rice,Gujarat,Surat,2004,84.0,1823.81
rice,Gujarat,Surat,2005,72.0,1970.83
rice,Gujarat,Surat,2006,77.7,2041.18
rice,Gujarat,Surat,2007,88.4,1997.74
rice,Gujarat,Surat,2008,94.5,2085.71
rice,Gujarat,Surat,2009,90.9,2212.32
rice,Gujarat,Surat,2010,117.6,2213.44
rice,Gujarat,Surat,2011,121.2,2462.05
rice,Gujarat,Surat,2012,95.3,2448.06
rice,Gujarat,Surat,2013,110.55,2432.11
rice,Gujarat,Surat,2014,100.68,2397.99
rice,Gujarat,Surat,2015,104.13,2181.89
rice,Gujarat,Surat,2016,101.53,2598.74
rice,Gujarat,Surat,2017,105.79,2589.32
rice,Gujarat,Surendranagar,2000,0.7,1000.0
rice,Gujarat,Surendranagar,2001,0.7,1285.71
rice,Gujarat,Surendranagar,2002,0.5,1400.0
rice,Gujarat,Surendranagar,2005,0.5,2200.0
rice,Gujarat,Surendranagar,2006,0.5,1800.0
rice,Gujarat,Surendranagar,2007,0.8,1875.0
rice,Gujarat,Surendranagar,2008,0.9,1111.11
rice,Gujarat,Surendranagar,2009,0.6,1000.0
rice,Gujarat,Surendranagar,2011,0.5,2400.0
rice,Gujarat,Surendranagar,2015,0.66,2515.15
rice,Gujarat,Surendranagar,2017,0.85,1853.77
rice,Rajasthan,Alwar,2012,0.79,1759.49
rice,Rajasthan,Banswara,2000,40.59,58.88
rice,Rajasthan,Banswara,2001,37.61,343.53
rice,Rajasthan,Banswara,2002,27.08,298.38
rice,Rajasthan,Banswara,2003,28.58,829.6
rice,Rajasthan,Banswara,2004,31.97,659.37
rice,Rajasthan,Banswara,2005,33.18,656.12
rice,Rajasthan,Banswara,2006,33.25,564.21
rice,Rajasthan,Banswara,2007,35.85,1302.37
rice,Rajasthan,Banswara,2008,32.03,414.99
rice,Rajasthan,Banswara,2009,28.64,425.4
rice,Rajasthan,Banswara,2010,27.47,673.37
rice,Rajasthan,Banswara,2011,28.93,1297.65
rice,Rajasthan,Banswara,2012,30.07,1071.85
rice,Rajasthan,Banswara,2013,30.27,982.68
rice,Rajasthan,Banswara,2014,28.05,657.08
rice,Rajasthan,Banswara,2015,27.54,520.72
rice,Rajasthan,Banswara,2016,29.52,1055.47
rice,Rajasthan,Banswara,2017,28.87,1022.5
rice,Rajasthan,Bharatpur,2000,3.76,1156.91
rice,Rajasthan,Bharatpur,2001,3.06,1300.65
rice,Rajasthan,Bharatpur,2002,1.11,738.74
rice,Rajasthan,Bharatpur,2003,2.82,1319.15
rice,Rajasthan,Bharatpur,2004,2.0,1085.0
rice,Rajasthan,Bharatpur,2005,4.21,2038.0
rice,Rajasthan,Bharatpur,2006,1.42,1049.3
rice,Rajasthan,Bharatpur,2007,1.16,1801.72
rice,Rajasthan,Bharatpur,2008,2.85,1336.84
rice,Rajasthan,Bharatpur,2009,2.44,1704.92
rice,Rajasthan,Bharatpur,2010,2.22,2018.02
rice,Rajasthan,Bharatpur,2011,2.92,2380.14
rice,Rajasthan,Bharatpur,2012,1.49,1959.73
rice,Rajasthan,Bharatpur,2013,2.36,2004.24
rice,Rajasthan,Bharatpur,2014,2.64,2193.18
rice,Rajasthan,Bharatpur,2015,2.61,2291.19
rice,Rajasthan,Bharatpur,2016,1.78,2283.62
rice,Rajasthan,Bharatpur,2017,1.36,2209.1
rice,Rajasthan,Bhilwara,2014,0.51,2196.08
rice,Rajasthan,Bhilwara,2015,0.57,2000.0
rice,Rajasthan,Bhilwara,2016,0.51,2289.32
rice,Rajasthan,Bhilwara,2017,0.58,2366.32
rice,Rajasthan,Bundi,2000,47.88,785.92
rice,Rajasthan,Bundi,2001,29.3,1060.75
rice,Rajasthan,Bundi,2002,9.26,428.73
rice,Rajasthan,Bundi,2003,7.44,1983.87
rice,Rajasthan,Bundi,2004,6.05,1851.24
rice,Rajasthan,Bundi,2005,8.79,1420.93
rice,Rajasthan,Bundi,2006,9.42,1720.81
rice,Rajasthan,Bundi,2007,16.97,2330.58
rice,Rajasthan,Bundi,2008,24.51,1849.86
rice,Rajasthan,Bundi,2009,36.15,867.5
rice,Rajasthan,Bundi,2010,22.9,1876.42
rice,Rajasthan,Bundi,2011,20.97,1631.86
rice,Rajasthan,Bundi,2012,19.31,1977.21
rice,Rajasthan,Bundi,2013,29.47,2441.47
rice,Rajasthan,Bundi,2014,34.55,2220.84
rice,Rajasthan,Bundi,2015,39.86,2228.3
rice,Rajasthan,Bundi,2016,44.35,2672.73
rice,Rajasthan,Bundi,2017,47.01,2831.55
rice,Rajasthan,Chittorgarh,2000,0.86,930.23
rice,Rajasthan,Chittorgarh,2001,0.73,1246.58
rice,Rajasthan,Chittorgarh,2002,0.73,808.22
rice,Rajasthan,Chittorgarh,2003,0.78,1641.03
rice,Rajasthan,Chittorgarh,2004,0.71,1478.87
rice,Rajasthan,Chittorgarh,2005,0.66,1469.7
rice,Rajasthan,Chittorgarh,2006,0.61,1573.77
rice,Rajasthan,Chittorgarh,2007,0.86,2034.88
rice,Rajasthan,Chittorgarh,2008,0.87,1810.61
rice,Rajasthan,Chittorgarh,2009,1.25,1510.56
rice,Rajasthan,Chittorgarh,2010,1.28,2018.19
rice,Rajasthan,Chittorgarh,2011,0.91,1882.79
rice,Rajasthan,Chittorgarh,2012,0.7,1761.85
rice,Rajasthan,Chittorgarh,2013,0.69,2133.93
rice,Rajasthan,Chittorgarh,2014,0.88,2178.02
rice,Rajasthan,Chittorgarh,2015,1.26,2015.79
rice,Rajasthan,Chittorgarh,2016,1.13,1590.23
rice,Rajasthan,Chittorgarh,2017,1.35,2314.17
rice,Rajasthan,Dungarpur,2000,15.14,99.08
rice,Rajasthan,Dungarpur,2001,20.58,413.99
rice,Rajasthan,Dungarpur,2002,8.44,165.88
rice,Rajasthan,Dungarpur,2003,19.19,1048.98
rice,Rajasthan,Dungarpur,2004,25.15,805.96
rice,Rajasthan,Dungarpur,2005,21.88,330.44
rice,Rajasthan,Dungarpur,2006,27.16,669.0
rice,Rajasthan,Dungarpur,2007,29.98,1308.87
rice,Rajasthan,Dungarpur,2008,14.84,221.7
rice,Rajasthan,Dungarpur,2009,13.96,362.46
rice,Rajasthan,Dungarpur,2010,13.73,659.87
rice,Rajasthan,Dungarpur,2011,22.03,777.58
rice,Rajasthan,Dungarpur,2012,22.73,945.01
rice,Rajasthan,Dungarpur,2013,22.89,1096.11
rice,Rajasthan,Dungarpur,2014,16.33,696.88
rice,Rajasthan,Dungarpur,2015,16.36,673.59
rice,Rajasthan,Dungarpur,2016,17.68,1268.54
rice,Rajasthan,Dungarpur,2017,17.17,1149.47
rice,Rajasthan,Ganganagar,2000,38.13,2487.54
rice,Rajasthan,Ganganagar,2001,31.86,2959.2
rice,Rajasthan,Ganganagar,2002,24.72,1774.68
rice,Rajasthan,Ganganagar,2003,24.84,3111.92
rice,Rajasthan,Ganganagar,2004,19.97,3525.79
rice,Rajasthan,Ganganagar,2005,19.87,3531.96
rice,Rajasthan,Ganganagar,2006,18.33,4416.8
rice,Rajasthan,Ganganagar,2007,21.75,4109.43
rice,Rajasthan,Ganganagar,2008,30.66,3412.92
rice,Rajasthan,Ganganagar,2009,33.38,3228.58
rice,Rajasthan,Ganganagar,2010,30.34,3576.14
rice,Rajasthan,Ganganagar,2011,31.32,3165.71
rice,Rajasthan,Ganganagar,2012,29.01,2746.64
rice,Rajasthan,Ganganagar,2013,32.28,3800.81
rice,Rajasthan,Ganganagar,2014,39.42,3529.17
rice,Rajasthan,Ganganagar,2015,45.9,2898.91
rice,Rajasthan,Ganganagar,2016,48.22,2908.67
rice,Rajasthan,Ganganagar,2017,42.18,3017.4
rice,Rajasthan,Jhalawar,2005,0.72,1472.22
rice,Rajasthan,Jhalawar,2006,0.72,1583.33
rice,Rajasthan,Jhalawar,2007,1.18,2025.42
rice,Rajasthan,Jhalawar,2008,1.68,1803.57
rice,Rajasthan,Jhalawar,2009,2.4,1512.5
rice,Rajasthan,Jhalawar,2010,2.29,2558.95
rice,Rajasthan,Jhalawar,2011,1.78,4101.12
rice,Rajasthan,Jhalawar,2012,1.62,1765.43
rice,Rajasthan,Jhalawar,2013,2.06,2145.63
rice,Rajasthan,Jhalawar,2014,3.23,2185.76
rice,Rajasthan,Jhalawar,2015,3.26,2021.47
rice,Rajasthan,Jhalawar,2016,4.42,1818.72
rice,Rajasthan,Jhalawar,2017,4.45,2884.81
rice,Rajasthan,Kota,2000,10.73,1022.37
rice,Rajasthan,Kota,2001,11.11,1708.37
rice,Rajasthan,Kota,2002,6.87,1091.7
rice,Rajasthan,Kota,2003,7.74,1759.69
rice,Rajasthan,Kota,2004,6.88,2229.65
rice,Rajasthan,Kota,2005,9.36,2394.23
rice,Rajasthan,Kota,2006,8.35,2553.29
rice,Rajasthan,Kota,2007,11.81,2646.06
rice,Rajasthan,Kota,2008,18.41,3088.0
rice,Rajasthan,Kota,2009,25.65,2191.81
rice,Rajasthan,Kota,2010,22.2,2795.5
rice,Rajasthan,Kota,2011,16.72,2297.25
rice,Rajasthan,Kota,2012,12.3,2691.06
rice,Rajasthan,Kota,2013,17.18,2377.76
rice,Rajasthan,Kota,2014,33.61,2787.86
rice,Rajasthan,Kota,2015,36.14,2592.14
rice,Rajasthan,Kota,2016,41.19,2716.4
rice,Rajasthan,Kota,2017,39.05,2781.65
rice,Rajasthan,Swami Madhopur,2000,2.06,189.32
rice,Rajasthan,Swami Madhopur,2001,2.8,360.71
rice,Rajasthan,Swami Madhopur,2002,0.88,181.82
rice,Rajasthan,Swami Madhopur,2003,2.22,1202.7
rice,Rajasthan,Swami Madhopur,2004,2.13,1572.77
rice,Rajasthan,Swami Madhopur,2005,2.51,1243.03
rice,Rajasthan,Swami Madhopur,2006,1.87,2336.9
rice,Rajasthan,Swami Madhopur,2007,1.94,989.69
rice,Rajasthan,Swami Madhopur,2008,2.51,1916.33
rice,Rajasthan,Swami Madhopur,2009,1.15,1078.26
rice,Rajasthan,Swami Madhopur,2010,2.48,1431.45
rice,Rajasthan,Swami Madhopur,2011,2.09,1411.48
rice,Rajasthan,Swami Madhopur,2012,2.21,1497.74
rice,Rajasthan,Swami Madhopur,2013,2.37,1518.99
rice,Rajasthan,Swami Madhopur,2014,2.87,1554.01
rice,Rajasthan,Swami Madhopur,2015,3.91,1711.0
rice,Rajasthan,Swami Madhopur,2016,3.5,1859.1
rice,Rajasthan,Swami Madhopur,2017,2.87,1773.14
rice,Rajasthan,Udaipur,2000,6.04,299.67
rice,Rajasthan,Udaipur,2001,6.52,1127.3
rice,Rajasthan,Udaipur,2002,3.77,254.64
rice,Rajasthan,Udaipur,2003,5.23,1189.29
rice,Rajasthan,Udaipur,2004,5.63,758.44
rice,Rajasthan,Udaipur,2005,5.87,783.65
rice,Rajasthan,Udaipur,2006,6.29,938.0
rice,Rajasthan,Udaipur,2007,5.92,775.34
rice,Rajasthan,Udaipur,2008,4.32,727.23
rice,Rajasthan,Udaipur,2009,4.83,718.15
rice,Rajasthan,Udaipur,2010,5.42,1172.07
rice,Rajasthan,Udaipur,2011,5.9,1110.24
rice,Rajasthan,Udaipur,2012,5.14,1097.17
rice,Rajasthan,Udaipur,2013,5.29,1226.4
rice,Rajasthan,Udaipur,2014,5.27,1158.6
rice,Rajasthan,Udaipur,2015,5.18,1023.02
rice,Rajasthan,Udaipur,2016,5.17,1197.52
rice,Rajasthan,Udaipur,2017,5.51,1210.68
rice,Punjab,Gurdaspur,2000,191.0,2979.06
rice,Punjab,Gurdaspur,2001,194.0,2943.3
rice,Punjab,Gurdaspur,2002,189.0,2894.18
rice,Punjab,Gurdaspur,2003,193.0,3041.45
rice,Punjab,Gurdaspur,2004,202.0,3173.27
rice,Punjab,Gurdaspur,2005,190.0,3105.26
rice,Punjab,Gurdaspur,2006,201.0,3164.18
rice,Punjab,Gurdaspur,2007,191.0,3230.37
rice,Punjab,Gurdaspur,2008,201.0,3298.51
rice,Punjab,Gurdaspur,2009,204.0,3137.25
rice,Punjab,Gurdaspur,2010,204.0,3455.88
rice,Punjab,Gurdaspur,2011,174.39,3721.54
rice,Punjab,Gurdaspur,2012,201.0,3074.63
rice,Punjab,Gurdaspur,2013,202.0,2896.04
rice,Punjab,Gurdaspur,2014,202.0,2594.06
rice,Punjab,Gurdaspur,2015,203.0,2896.55
rice,Punjab,Gurdaspur,2016,203.0,3123.15
rice,Punjab,Gurdaspur,2017,204.0,3573.53
rice,Punjab,Amritsar,2000,319.0,3047.02
rice,Punjab,Amritsar,2001,319.0,3003.13
rice,Punjab,Amritsar,2002,311.0,2826.37
rice,Punjab,Amritsar,2003,326.0,2674.85
rice,Punjab,Amritsar,2004,334.0,3095.81
rice,Punjab,Amritsar,2005,345.0,2907.25
rice,Punjab,Amritsar,2006,351.0,2997.15
rice,Punjab,Amritsar,2007,349.0,3108.88
rice,Punjab,Amritsar,2008,352.0,3002.84
rice,Punjab,Amritsar,2009,357.0,2887.96
rice,Punjab,Amritsar,2010,358.0,2801.68
rice,Punjab,Amritsar,2011,357.0,2722.69
rice,Punjab,Amritsar,2012,364.0,3140.11
rice,Punjab,Amritsar,2013,359.0,3097.49
rice,Punjab,Amritsar,2014,358.0,2918.99
rice,Punjab,Amritsar,2015,359.0,2832.87
rice,Punjab,Amritsar,2016,366.0,3245.9
rice,Punjab,Amritsar,2017,362.0,3966.85
rice,Punjab,Kapurthala,2000,103.0,3475.73
rice,Punjab,Kapurthala,2001,105.0,3466.67
rice,Punjab,Kapurthala,2002,102.0,3549.02
rice,Punjab,Kapurthala,2003,104.0,3471.15
rice,Punjab,Kapurthala,2004,105.0,4028.57
rice,Punjab,Kapurthala,2005,108.0,3907.41
rice,Punjab,Kapurthala,2006,110.0,3763.64
rice,Punjab,Kapurthala,2007,110.0,3890.91
rice,Punjab,Kapurthala,2008,114.0,3754.39
rice,Punjab,Kapurthala,2009,115.0,3930.43
rice,Punjab,Kapurthala,2010,118.0,3889.83
rice,Punjab,Kapurthala,2011,118.0,3669.49
rice,Punjab,Kapurthala,2012,117.0,3803.42
rice,Punjab,Kapurthala,2013,117.0,3854.7
rice,Punjab,Kapurthala,2014,117.0,3752.14
rice,Punjab,Kapurthala,2015,118.0,4016.95
rice,Punjab,Kapurthala,2016,118.0,4093.22
rice,Punjab,Kapurthala,2017,118.0,4347.46
rice,Punjab,Jalandhar,2000,164.67,3548.79
rice,Punjab,Jalandhar,2001,159.45,3337.91
rice,Punjab,Jalandhar,2002,159.23,3687.18
rice,Punjab,Jalandhar,2003,166.67,3415.79
rice,Punjab,Jalandhar,2004,175.5,3757.21
rice,Punjab,Jalandhar,2005,180.89,3484.49
rice,Punjab,Jalandhar,2006,179.33,3577.15
rice,Punjab,Jalandhar,2007,179.5,3745.63
rice,Punjab,Jalandhar,2008,186.72,3844.95
rice,Punjab,Jalandhar,2009,195.16,3984.01
rice,Punjab,Jalandhar,2010,198.38,3674.31
rice,Punjab,Jalandhar,2011,199.77,3608.45
rice,Punjab,Jalandhar,2012,199.77,3849.23
rice,Punjab,Jalandhar,2013,201.16,3575.36
rice,Punjab,Jalandhar,2014,201.77,3736.23
rice,Punjab,Jalandhar,2015,203.99,3954.7
rice,Punjab,Jalandhar,2016,206.6,4151.02
rice,Punjab,Jalandhar,2017,207.6,4272.74
rice,Punjab,Hoshiarpur,2000,81.33,3118.41
rice,Punjab,Hoshiarpur,2001,77.55,2924.18
rice,Punjab,Hoshiarpur,2002,72.77,2994.23
rice,Punjab,Hoshiarpur,2003,76.33,3218.79
rice,Punjab,Hoshiarpur,2004,77.5,3207.87
rice,Punjab,Hoshiarpur,2005,80.11,3104.36
rice,Punjab,Hoshiarpur,2006,76.67,3110.86
rice,Punjab,Hoshiarpur,2007,75.5,3452.45
rice,Punjab,Hoshiarpur,2008,80.28,3638.14
rice,Punjab,Hoshiarpur,2009,91.84,3685.54
rice,Punjab,Hoshiarpur,2010,95.62,3671.72
rice,Punjab,Hoshiarpur,2011,96.23,3711.32
rice,Punjab,Hoshiarpur,2012,92.23,3730.24
rice,Punjab,Hoshiarpur,2013,91.84,3601.7
rice,Punjab,Hoshiarpur,2014,93.23,3562.59
rice,Punjab,Hoshiarpur,2015,95.01,3718.35
rice,Punjab,Hoshiarpur,2016,97.4,3987.68
rice,Punjab,Hoshiarpur,2017,98.4,4085.16
rice,Punjab,Roopnagar / Ropar,2000,49.0,3326.53
rice,Punjab,Roopnagar / Ropar,2001,51.0,3196.08
rice,Punjab,Roopnagar / Ropar,2002,44.0,3204.55
rice,Punjab,Roopnagar / Ropar,2003,51.0,3333.33
rice,Punjab,Roopnagar / Ropar,2004,51.0,3450.98
rice,Punjab,Roopnagar / Ropar,2005,52.0,3528.85
rice,Punjab,Roopnagar / Ropar,2006,52.5,3409.52
rice,Punjab,Roopnagar / Ropar,2007,47.5,3652.63
rice,Punjab,Roopnagar / Ropar,2008,49.5,3696.97
rice,Punjab,Roopnagar / Ropar,2009,53.0,3471.7
rice,Punjab,Roopnagar / Ropar,2010,56.5,3725.66
rice,Punjab,Roopnagar / Ropar,2011,54.0,3453.7
rice,Punjab,Roopnagar / Ropar,2012,53.5,3803.74
rice,Punjab,Roopnagar / Ropar,2013,50.5,3475.25
rice,Punjab,Roopnagar / Ropar,2014,50.5,3485.15
rice,Punjab,Roopnagar / Ropar,2015,51.5,4252.43
rice,Punjab,Roopnagar / Ropar,2016,53.5,4261.68
rice,Punjab,Roopnagar / Ropar,2017,55.5,4036.04
rice,Punjab,Ludhiana,2000,250.6,3956.5
rice,Punjab,Ludhiana,2001,247.15,3902.89
rice,Punjab,Ludhiana,2002,248.0,4301.61
rice,Punjab,Ludhiana,2003,253.45,4346.42
rice,Punjab,Ludhiana,2004,259.75,4618.48
rice,Punjab,Ludhiana,2005,262.75,4506.76
rice,Punjab,Ludhiana,2006,260.6,4355.33
rice,Punjab,Ludhiana,2007,262.6,4533.32
rice,Punjab,Ludhiana,2008,266.75,4459.04
rice,Punjab,Ludhiana,2009,269.9,4685.62
rice,Punjab,Ludhiana,2010,269.3,4401.6
rice,Punjab,Ludhiana,2011,269.9,4255.65
rice,Punjab,Ludhiana,2012,269.9,4544.65
rice,Punjab,Ludhiana,2013,269.9,4407.74
rice,Punjab,Ludhiana,2014,269.9,4353.83
rice,Punjab,Ludhiana,2015,269.9,4589.11
rice,Punjab,Ludhiana,2016,271.9,4809.67
rice,Punjab,Ludhiana,2017,270.9,4736.99
rice,Punjab,Ferozpur,2000,498.12,3607.77
rice,Punjab,Ferozpur,2001,442.38,3769.7
rice,Punjab,Ferozpur,2002,469.32,3504.35
rice,Punjab,Ferozpur,2003,491.16,3801.65
rice,Punjab,Ferozpur,2004,488.12,4053.27
rice,Punjab,Ferozpur,2005,480.2,4105.12
rice,Punjab,Ferozpur,2006,472.54,4074.87
rice,Punjab,Ferozpur,2007,482.76,4212.07
rice,Punjab,Ferozpur,2008,529.36,4244.45
rice,Punjab,Ferozpur,2009,535.8,4026.91
rice,Punjab,Ferozpur,2010,542.16,3924.38
rice,Punjab,Ferozpur,2011,544.12,3763.58
rice,Punjab,Ferozpur,2012,560.04,4145.53
rice,Punjab,Ferozpur,2013,567.3,4103.83
rice,Punjab,Ferozpur,2014,595.32,3905.46
rice,Punjab,Ferozpur,2015,624.74,3985.63
rice,Punjab,Ferozpur,2016,642.84,4121.43
rice,Punjab,Ferozpur,2017,641.06,4253.24
rice,Punjab,Bhatinda,2000,270.88,3587.94
rice,Punjab,Bhatinda,2001,224.62,3701.18
rice,Punjab,Bhatinda,2002,277.68,3321.59
rice,Punjab,Bhatinda,2003,269.84,3916.32
rice,Punjab,Bhatinda,2004,264.88,4101.93
rice,Punjab,Bhatinda,2005,250.8,4117.7
rice,Punjab,Bhatinda,2006,232.46,4131.72
rice,Punjab,Bhatinda,2007,231.24,4236.2
rice,Punjab,Bhatinda,2008,262.64,4352.57
rice,Punjab,Bhatinda,2009,277.2,4398.92
rice,Punjab,Bhatinda,2010,284.84,4091.28
rice,Punjab,Bhatinda,2011,275.88,4016.82
rice,Punjab,Bhatinda,2012,287.96,4248.3
rice,Punjab,Bhatinda,2013,294.7,4346.45
rice,Punjab,Bhatinda,2014,309.68,4133.3
rice,Punjab,Bhatinda,2015,347.26,4310.95
rice,Punjab,Bhatinda,2016,376.16,4377.34
rice,Punjab,Bhatinda,2017,388.94,4585.33
rice,Punjab,Sangrur,2000,363.72,3766.63
rice,Punjab,Sangrur,2001,355.48,3904.35
rice,Punjab,Sangrur,2002,358.4,4056.81
rice,Punjab,Sangrur,2003,372.64,4280.59
rice,Punjab,Sangrur,2004,373.8,4654.04
rice,Punjab,Sangrur,2005,373.8,4424.51
rice,Punjab,Sangrur,2006,368.72,4513.45
rice,Punjab,Sangrur,2007,367.72,4632.98
rice,Punjab,Sangrur,2008,375.8,4648.86
rice,Punjab,Sangrur,2009,381.88,4714.26
rice,Punjab,Sangrur,2010,383.56,4374.6
rice,Punjab,Sangrur,2011,385.88,4343.63
rice,Punjab,Sangrur,2012,388.88,4679.39
rice,Punjab,Sangrur,2013,386.88,4699.34
rice,Punjab,Sangrur,2014,385.88,4711.1
rice,Punjab,Sangrur,2015,390.88,4798.71
rice,Punjab,Sangrur,2016,396.88,4795.91
rice,Punjab,Sangrur,2017,403.88,5047.54
rice,Punjab,Patiala,2000,320.68,3512.85
rice,Punjab,Patiala,2001,313.37,3693.65
rice,Punjab,Patiala,2002,298.6,3544.01
rice,Punjab,Patiala,2003,309.91,3969.8
rice,Punjab,Patiala,2004,315.45,3964.72
rice,Punjab,Patiala,2005,318.45,3998.96
rice,Punjab,Patiala,2006,316.18,4085.65
rice,Punjab,Patiala,2007,313.18,4295.96
rice,Punjab,Patiala,2008,316.95,4204.16
rice,Punjab,Patiala,2009,321.22,4268.32
rice,Punjab,Patiala,2010,315.64,3818.37
rice,Punjab,Patiala,2011,316.22,3930.11
rice,Punjab,Patiala,2012,314.72,4054.97
rice,Punjab,Patiala,2013,310.72,4109.07
rice,Punjab,Patiala,2014,310.72,3987.45
rice,Punjab,Patiala,2015,311.72,4053.89
rice,Punjab,Patiala,2016,313.72,4309.1
rice,Punjab,Patiala,2017,314.72,4318.6
rice,Haryana,Hissar,2000,140.15,2762.73
rice,Haryana,Hissar,2001,121.15,2846.87
rice,Haryana,Hissar,2002,138.02,2909.03
rice,Haryana,Hissar,2003,147.83,3100.41
rice,Haryana,Hissar,2004,147.48,3457.66
rice,Haryana,Hissar,2005,158.78,3304.99
rice,Haryana,Hissar,2006,161.56,3735.3
rice,Haryana,Hissar,2007,169.51,3742.6
rice,Haryana,Hissar,2008,198.85,3514.93
rice,Haryana,Hissar,2009,199.49,3109.13
rice,Haryana,Hissar,2010,208.82,3291.02
rice,Haryana,Hissar,2011,205.52,3268.02
rice,Haryana,Hissar,2012,207.57,3518.88
rice,Haryana,Hissar,2013,217.36,3560.22
rice,Haryana,Hissar,2014,243.91,3371.33
rice,Haryana,Hissar,2015,282.25,3297.18
rice,Haryana,Hissar,2016,289.75,3560.75
rice,Haryana,Hissar,2017,305.38,3529.46
rice,Haryana,Gurgaon,2000,36.8,2717.39
rice,Haryana,Gurgaon,2001,38.7,2816.54
rice,Haryana,Gurgaon,2002,20.7,2705.31
rice,Haryana,Gurgaon,2003,35.8,2709.5
rice,Haryana,Gurgaon,2004,34.51,2492.03
rice,Haryana,Gurgaon,2005,37.2,2768.82
rice,Haryana,Gurgaon,2006,37.8,2777.78
rice,Haryana,Gurgaon,2007,40.3,3126.55
rice,Haryana,Gurgaon,2008,46.1,2603.04
rice,Haryana,Gurgaon,2009,50.7,2781.07
rice,Haryana,Gurgaon,2010,54.0,2592.59
rice,Haryana,Gurgaon,2011,54.8,2718.98
rice,Haryana,Gurgaon,2012,49.23,2721.92
rice,Haryana,Gurgaon,2013,55.0,2709.09
rice,Haryana,Gurgaon,2014,57.0,2789.47
rice,Haryana,Gurgaon,2015,59.0,2338.98
rice,Haryana,Gurgaon,2016,62.1,2673.11
rice,Haryana,Gurgaon,2017,64.2,2710.28
rice,Haryana,Jind,2000,141.16,2071.33
rice,Haryana,Jind,2001,133.26,2208.88
rice,Haryana,Jind,2002,99.94,2100.54
rice,Haryana,Jind,2003,119.32,2412.26
rice,Haryana,Jind,2004,118.37,2304.9
rice,Haryana,Jind,2005,123.81,2777.36
rice,Haryana,Jind,2006,120.81,2757.6
rice,Haryana,Jind,2007,122.68,2782.41
rice,Haryana,Jind,2008,135.03,2372.59
rice,Haryana,Jind,2009,136.79,2771.76
rice,Haryana,Jind,2010,142.47,2544.33
rice,Haryana,Jind,2011,143.4,2649.75
rice,Haryana,Jind,2012,143.25,2863.19
rice,Haryana,Jind,2013,148.44,2813.26
rice,Haryana,Jind,2014,151.98,2787.21
rice,Haryana,Jind,2015,158.14,2536.96
rice,Haryana,Jind,2016,164.16,2731.24
rice,Haryana,Jind,2017,165.65,2966.34
rice,Haryana,Mahendragarh / Narnaul,2000,2.96,2843.14
rice,Haryana,Mahendragarh / Narnaul,2001,2.75,3157.89
rice,Haryana,Mahendragarh / Narnaul,2002,2.15,2567.57
rice,Haryana,Mahendragarh / Narnaul,2003,3.39,2735.04
rice,Haryana,Mahendragarh / Narnaul,2004,3.73,1789.88
rice,Haryana,Mahendragarh / Narnaul,2005,4.15,2377.62
rice,Haryana,Mahendragarh / Narnaul,2006,4.64,2187.5
rice,Haryana,Mahendragarh / Narnaul,2007,4.99,2848.84
rice,Haryana,Mahendragarh / Narnaul,2008,7.89,2205.88
rice,Haryana,Mahendragarh / Narnaul,2009,7.34,2332.02
rice,Haryana,Mahendragarh / Narnaul,2010,8.53,2312.93
rice,Haryana,Mahendragarh / Narnaul,2011,7.95,2664.23
rice,Haryana,Mahendragarh / Narnaul,2012,6.09,2903.38
rice,Haryana,Mahendragarh / Narnaul,2013,6.38,2545.45
rice,Haryana,Mahendragarh / Narnaul,2014,7.83,1777.78
rice,Haryana,Mahendragarh / Narnaul,2015,8.99,2290.32
rice,Haryana,Mahendragarh / Narnaul,2016,10.24,2124.65
rice,Haryana,Mahendragarh / Narnaul,2017,10.59,2410.96
rice,Haryana,Ambala,2000,133.6,2986.53
rice,Haryana,Ambala,2001,135.6,3053.1
rice,Haryana,Ambala,2002,117.4,2981.26
rice,Haryana,Ambala,2003,136.9,3067.93
rice,Haryana,Ambala,2004,139.08,3178.03
rice,Haryana,Ambala,2005,142.0,3316.9
rice,Haryana,Ambala,2006,142.4,3525.28
rice,Haryana,Ambala,2007,141.6,3700.57
rice,Haryana,Ambala,2008,161.5,3170.28
rice,Haryana,Ambala,2009,164.2,3629.72
rice,Haryana,Ambala,2010,165.6,3357.49
rice,Haryana,Ambala,2011,164.5,3738.6
rice,Haryana,Ambala,2012,162.13,3978.29
rice,Haryana,Ambala,2013,158.0,3797.47
rice,Haryana,Ambala,2014,163.0,3656.44
rice,Haryana,Ambala,2015,167.8,3802.15
rice,Haryana,Ambala,2016,167.3,3855.35
rice,Haryana,Ambala,2017,170.6,3991.79
rice,Haryana,Karnal,2000,481.84,2715.86
rice,Haryana,Karnal,2001,481.24,2821.14
rice,Haryana,Karnal,2002,469.56,2815.55
rice,Haryana,Karnal,2003,480.38,2766.92
rice,Haryana,Karnal,2004,486.69,3135.81
rice,Haryana,Karnal,2005,474.09,3183.22
rice,Haryana,Karnal,2006,469.49,3354.39
rice,Haryana,Karnal,2007,480.02,3497.05
rice,Haryana,Karnal,2008,496.47,2744.64
rice,Haryana,Karnal,2009,496.31,3138.87
rice,Haryana,Karnal,2010,499.53,2753.61
rice,Haryana,Karnal,2011,492.5,3124.93
rice,Haryana,Karnal,2012,489.8,3427.62
rice,Haryana,Karnal,2013,484.56,3461.7
rice,Haryana,Karnal,2014,489.02,3221.55
rice,Haryana,Karnal,2015,488.46,3160.56
rice,Haryana,Karnal,2016,498.94,3408.51
rice,Haryana,Karnal,2017,508.45,3791.18
rice,Haryana,Rohtak,2000,117.79,1692.74
rice,Haryana,Rohtak,2001,114.79,1719.56
rice,Haryana,Rohtak,2002,57.94,2122.92
rice,Haryana,Rohtak,2003,91.58,2057.15
rice,Haryana,Rohtak,2004,94.38,1762.93
rice,Haryana,Rohtak,2005,106.58,2180.47
rice,Haryana,Rohtak,2006,105.3,2339.8
rice,Haryana,Rohtak,2007,113.4,2534.21
rice,Haryana,Rohtak,2008,165.36,1618.59
rice,Haryana,Rohtak,2009,151.57,2089.09
rice,Haryana,Rohtak,2010,164.35,1971.63
rice,Haryana,Rohtak,2011,165.43,2304.13
rice,Haryana,Rohtak,2012,148.18,2192.65
rice,Haryana,Rohtak,2013,174.26,2335.07
rice,Haryana,Rohtak,2014,164.26,2427.74
rice,Haryana,Rohtak,2015,188.46,2503.34
rice,Haryana,Rohtak,2016,192.71,2280.71
rice,Haryana,Rohtak,2017,197.13,2549.79
rice,Uttar Pradesh,Saharanpur,2000,94.79,2312.9
rice,Uttar Pradesh,Saharanpur,2001,86.39,2217.5
rice,Uttar Pradesh,Saharanpur,2002,74.12,2279.41
rice,Uttar Pradesh,Saharanpur,2003,73.26,2029.07
rice,Uttar Pradesh,Saharanpur,2004,51.46,2156.04
rice,Uttar Pradesh,Saharanpur,2005,74.53,2277.87
rice,Uttar Pradesh,Saharanpur,2006,59.67,2151.0
rice,Uttar Pradesh,Saharanpur,2007,57.18,2267.23
rice,Uttar Pradesh,Saharanpur,2008,66.74,2221.16
rice,Uttar Pradesh,Saharanpur,2009,77.86,2252.5
rice,Uttar Pradesh,Saharanpur,2010,73.61,2041.16
rice,Uttar Pradesh,Saharanpur,2011,73.32,2222.86
rice,Uttar Pradesh,Saharanpur,2012,67.62,2545.1
rice,Uttar Pradesh,Saharanpur,2013,69.58,2365.62
rice,Uttar Pradesh,Saharanpur,2014,75.58,2442.97
rice,Uttar Pradesh,Saharanpur,2015,86.82,2259.73
rice,Uttar Pradesh,Saharanpur,2016,72.43,2383.63
rice,Uttar Pradesh,Saharanpur,2017,70.55,2628.49
rice,Uttar Pradesh,Muzaffarnagar,2000,41.84,2235.66
rice,Uttar Pradesh,Muzaffarnagar,2001,38.25,2662.75
rice,Uttar Pradesh,Muzaffarnagar,2002,19.08,2341.72
rice,Uttar Pradesh,Muzaffarnagar,2003,26.43,2522.51
rice,Uttar Pradesh,Muzaffarnagar,2004,24.47,2596.65
rice,Uttar Pradesh,Muzaffarnagar,2005,27.9,2275.99
rice,Uttar Pradesh,Muzaffarnagar,2006,23.48,2235.52
rice,Uttar Pradesh,Muzaffarnagar,2007,21.03,2490.25
rice,Uttar Pradesh,Muzaffarnagar,2008,29.66,2368.85
rice,Uttar Pradesh,Muzaffarnagar,2009,37.16,2603.88
rice,Uttar Pradesh,Muzaffarnagar,2010,36.0,2236.67
rice,Uttar Pradesh,Muzaffarnagar,2011,35.44,2347.63
rice,Uttar Pradesh,Muzaffarnagar,2012,35.44,2549.38
rice,Uttar Pradesh,Muzaffarnagar,2013,30.84,2532.1
rice,Uttar Pradesh,Muzaffarnagar,2014,33.7,2570.33
rice,Uttar Pradesh,Muzaffarnagar,2015,34.15,2539.09
rice,Uttar Pradesh,Muzaffarnagar,2016,32.18,2605.58
rice,Uttar Pradesh,Muzaffarnagar,2017,32.93,2833.89
rice,Uttar Pradesh,Meerut,2000,56.34,2155.86
rice,Uttar Pradesh,Meerut,2001,54.57,2347.03
rice,Uttar Pradesh,Meerut,2002,34.79,2299.93
rice,Uttar Pradesh,Meerut,2003,46.69,2255.3
rice,Uttar Pradesh,Meerut,2004,37.7,2496.96
rice,Uttar Pradesh,Meerut,2005,54.83,2256.62
rice,Uttar Pradesh,Meerut,2006,50.9,2236.86
rice,Uttar Pradesh,Meerut,2007,51.86,2415.89
rice,Uttar Pradesh,Meerut,2008,59.47,2256.98
rice,Uttar Pradesh,Meerut,2009,63.75,2584.26
rice,Uttar Pradesh,Meerut,2010,65.39,2295.87
rice,Uttar Pradesh,Meerut,2011,65.75,2547.97
rice,Uttar Pradesh,Meerut,2012,49.51,2913.95
rice,Uttar Pradesh,Meerut,2013,56.25,2769.01
rice,Uttar Pradesh,Meerut,2014,60.99,2841.15
rice,Uttar Pradesh,Meerut,2015,68.4,2750.77
rice,Uttar Pradesh,Meerut,2016,55.67,2559.65
rice,Uttar Pradesh,Meerut,2017,52.41,2772.12
rice,Uttar Pradesh,Buland Shahar,2000,53.9,2028.37
rice,Uttar Pradesh,Buland Shahar,2001,47.74,2292.06
rice,Uttar Pradesh,Buland Shahar,2002,44.94,2301.85
rice,Uttar Pradesh,Buland Shahar,2003,53.18,2265.33
rice,Uttar Pradesh,Buland Shahar,2004,51.63,2450.6
rice,Uttar Pradesh,Buland Shahar,2005,66.61,2264.07
rice,Uttar Pradesh,Buland Shahar,2006,68.89,2208.21
rice,Uttar Pradesh,Buland Shahar,2007,70.21,2285.74
rice,Uttar Pradesh,Buland Shahar,2008,74.83,2323.77
rice,Uttar Pradesh,Buland Shahar,2009,90.6,2310.29
rice,Uttar Pradesh,Buland Shahar,2010,86.59,2269.81
rice,Uttar Pradesh,Buland Shahar,2011,99.69,2403.27
rice,Uttar Pradesh,Buland Shahar,2012,21.19,2738.59
rice,Uttar Pradesh,Buland Shahar,2013,105.21,2640.75
rice,Uttar Pradesh,Buland Shahar,2014,119.04,2588.11
rice,Uttar Pradesh,Buland Shahar,2015,116.05,2688.13
rice,Uttar Pradesh,Buland Shahar,2016,93.81,2525.21
rice,Uttar Pradesh,Buland Shahar,2017,102.1,2983.12
rice,Uttar Pradesh,Aligarh,2000,44.64,2011.42
rice,Uttar Pradesh,Aligarh,2001,43.95,1805.01
rice,Uttar Pradesh,Aligarh,2002,39.99,1695.42
rice,Uttar Pradesh,Aligarh,2003,37.87,2034.06
rice,Uttar Pradesh,Aligarh,2004,41.12,2248.54
rice,Uttar Pradesh,Aligarh,2005,54.39,2080.53
rice,Uttar Pradesh,Aligarh,2006,58.75,2030.98
rice,Uttar Pradesh,Aligarh,2007,59.46,1994.62
rice,Uttar Pradesh,Aligarh,2008,72.73,2122.65
rice,Uttar Pradesh,Aligarh,2009,84.21,1725.69
rice,Uttar Pradesh,Aligarh,2010,81.9,1982.05
rice,Uttar Pradesh,Aligarh,2011,106.14,2165.82
rice,Uttar Pradesh,Aligarh,2012,39.59,2443.8
rice,Uttar Pradesh,Aligarh,2013,110.75,2264.83
rice,Uttar Pradesh,Aligarh,2014,119.89,2159.98
rice,Uttar Pradesh,Aligarh,2015,113.81,2258.94
rice,Uttar Pradesh,Aligarh,2016,101.27,2458.22
rice,Uttar Pradesh,Aligarh,2017,107.56,2585.37
rice,Uttar Pradesh,Mathura,2000,38.82,2086.55
rice,Uttar Pradesh,Mathura,2001,36.96,2054.11
rice,Uttar Pradesh,Mathura,2002,25.1,1733.47
rice,Uttar Pradesh,Mathura,2003,33.05,2053.25
rice,Uttar Pradesh,Mathura,2004,33.58,2555.99
rice,Uttar Pradesh,Mathura,2005,39.34,2503.05
rice,Uttar Pradesh,Mathura,2006,39.12,2153.37
rice,Uttar Pradesh,Mathura,2007,40.63,2433.42
rice,Uttar Pradesh,Mathura,2008,42.81,2643.77
rice,Uttar Pradesh,Mathura,2009,45.46,2143.2
rice,Uttar Pradesh,Mathura,2010,42.27,2130.83
rice,Uttar Pradesh,Mathura,2011,48.02,2262.18
rice,Uttar Pradesh,Mathura,2012,19.3,2835.75
rice,Uttar Pradesh,Mathura,2013,52.65,2404.18
rice,Uttar Pradesh,Mathura,2014,49.4,2323.08
rice,Uttar Pradesh,Mathura,2015,48.72,2224.14
rice,Uttar Pradesh,Mathura,2016,47.92,2313.99
rice,Uttar Pradesh,Mathura,2017,46.13,1811.0
rice,Uttar Pradesh,Agra,2000,8.63,1641.55
rice,Uttar Pradesh,Agra,2001,7.84,1779.7
rice,Uttar Pradesh,Agra,2002,5.87,1865.76
rice,Uttar Pradesh,Agra,2003,5.54,1904.91
rice,Uttar Pradesh,Agra,2004,5.4,2751.29
rice,Uttar Pradesh,Agra,2005,6.6,2913.87
rice,Uttar Pradesh,Agra,2006,6.88,2726.17
rice,Uttar Pradesh,Agra,2007,6.86,2782.03
rice,Uttar Pradesh,Agra,2008,10.72,2673.14
rice,Uttar Pradesh,Agra,2009,11.26,2401.56
rice,Uttar Pradesh,Agra,2010,11.41,2453.39
rice,Uttar Pradesh,Agra,2011,12.25,2695.22
rice,Uttar Pradesh,Agra,2012,10.15,2726.38
rice,Uttar Pradesh,Agra,2013,16.03,2660.53
rice,Uttar Pradesh,Agra,2014,18.09,2403.74
rice,Uttar Pradesh,Agra,2015,17.4,2397.9
rice,Uttar Pradesh,Agra,2016,13.08,2611.16
rice,Uttar Pradesh,Agra,2017,12.91,2638.98
rice,Uttar Pradesh,Mainpuri,2000,78.93,1941.78
rice,Uttar Pradesh,Mainpuri,2001,80.09,2040.17
rice,Uttar Pradesh,Mainpuri,2002,61.6,1918.48
rice,Uttar Pradesh,Mainpuri,2003,67.14,1656.66
rice,Uttar Pradesh,Mainpuri,2004,61.49,2293.14
rice,Uttar Pradesh,Mainpuri,2005,86.17,2459.64
rice,Uttar Pradesh,Mainpuri,2006,77.4,2580.42
rice,Uttar Pradesh,Mainpuri,2007,93.78,2490.35
rice,Uttar Pradesh,Mainpuri,2008,101.04,2564.07
rice,Uttar Pradesh,Mainpuri,2009,61.42,2453.09
rice,Uttar Pradesh,Mainpuri,2010,77.41,2450.29
rice,Uttar Pradesh,Mainpuri,2011,76.91,2582.8
rice,Uttar Pradesh,Mainpuri,2012,72.72,2669.52
rice,Uttar Pradesh,Mainpuri,2013,79.43,2659.47
rice,Uttar Pradesh,Mainpuri,2014,88.63,2576.74
rice,Uttar Pradesh,Mainpuri,2015,88.43,2594.1
rice,Uttar Pradesh,Mainpuri,2016,78.27,2528.67
rice,Uttar Pradesh,Mainpuri,2017,76.61,2957.82
rice,Uttar Pradesh,Etah,2000,40.2,1805.97
rice,Uttar Pradesh,Etah,2001,51.8,1497.68
rice,Uttar Pradesh,Etah,2002,41.1,1536.01
rice,Uttar Pradesh,Etah,2003,36.05,1802.5
rice,Uttar Pradesh,Etah,2004,36.43,2012.9
rice,Uttar Pradesh,Etah,2005,36.74,2201.69
rice,Uttar Pradesh,Etah,2006,37.38,2165.6
rice,Uttar Pradesh,Etah,2007,38.2,2268.85
rice,Uttar Pradesh,Etah,2008,38.18,2217.92
rice,Uttar Pradesh,Etah,2009,34.48,2150.52
rice,Uttar Pradesh,Etah,2010,35.85,2124.97
rice,Uttar Pradesh,Etah,2011,34.46,2553.4
rice,Uttar Pradesh,Etah,2012,20.83,2690.35
rice,Uttar Pradesh,Etah,2013,36.32,2284.69
rice,Uttar Pradesh,Etah,2014,37.39,2300.62
rice,Uttar Pradesh,Etah,2015,47.21,1685.45
rice,Uttar Pradesh,Etah,2016,32.5,2356.95
rice,Uttar Pradesh,Etah,2017,28.79,2476.44
rice,Uttar Pradesh,Bareilly,2000,179.88,1936.62
rice,Uttar Pradesh,Bareilly,2001,175.94,2068.94
rice,Uttar Pradesh,Bareilly,2002,123.04,1868.9
rice,Uttar Pradesh,Bareilly,2003,160.14,2118.58
rice,Uttar Pradesh,Bareilly,2004,173.31,1918.93
rice,Uttar Pradesh,Bareilly,2005,177.12,1884.82
rice,Uttar Pradesh,Bareilly,2006,158.73,1786.74
rice,Uttar Pradesh,Bareilly,2007,152.82,1920.3
rice,Uttar Pradesh,Bareilly,2008,176.56,1755.95
rice,Uttar Pradesh,Bareilly,2009,163.08,1779.07
rice,Uttar Pradesh,Bareilly,2010,165.69,1650.37
rice,Uttar Pradesh,Bareilly,2011,162.32,2509.67
rice,Uttar Pradesh,Bareilly,2012,83.83,2282.95
rice,Uttar Pradesh,Bareilly,2013,162.92,2249.94
rice,Uttar Pradesh,Bareilly,2014,163.95,2058.98
rice,Uttar Pradesh,Bareilly,2015,158.63,2063.99
rice,Uttar Pradesh,Bareilly,2016,160.28,2236.0
rice,Uttar Pradesh,Bareilly,2017,145.23,2460.99
rice,Uttar Pradesh,Budaun,2000,110.23,1535.79
rice,Uttar Pradesh,Budaun,2001,103.91,1563.08
rice,Uttar Pradesh,Budaun,2002,56.75,1342.2
rice,Uttar Pradesh,Budaun,2003,73.37,1993.59
rice,Uttar Pradesh,Budaun,2004,56.76,1548.1
rice,Uttar Pradesh,Budaun,2005,85.94,1754.25
rice,Uttar Pradesh,Budaun,2006,85.44,1839.3
rice,Uttar Pradesh,Budaun,2007,80.74,1784.49
rice,Uttar Pradesh,Budaun,2008,87.28,1762.95
rice,Uttar Pradesh,Budaun,2009,68.67,2010.05
rice,Uttar Pradesh,Budaun,2010,76.87,1885.13
rice,Uttar Pradesh,Budaun,2011,94.4,2153.34
rice,Uttar Pradesh,Budaun,2012,63.44,1889.91
rice,Uttar Pradesh,Budaun,2013,95.23,2218.83
rice,Uttar Pradesh,Budaun,2014,94.6,2072.08
rice,Uttar Pradesh,Budaun,2015,79.57,1920.98
rice,Uttar Pradesh,Budaun,2016,84.13,2138.13
rice,Uttar Pradesh,Budaun,2017,88.35,2133.41
rice,Uttar Pradesh,Moradabad,2000,162.96,2302.53
rice,Uttar Pradesh,Moradabad,2001,166.01,2288.54
rice,Uttar Pradesh,Moradabad,2002,121.39,2231.07
rice,Uttar Pradesh,Moradabad,2003,146.09,2351.22
rice,Uttar Pradesh,Moradabad,2004,162.54,2360.77
rice,Uttar Pradesh,Moradabad,2005,165.64,2048.6
rice,Uttar Pradesh,Moradabad,2006,158.43,2087.99
rice,Uttar Pradesh,Moradabad,2007,155.34,2312.67
rice,Uttar Pradesh,Moradabad,2008,162.96,2166.97
rice,Uttar Pradesh,Moradabad,2009,156.94,2277.62
rice,Uttar Pradesh,Moradabad,2010,158.55,1817.16
rice,Uttar Pradesh,Moradabad,2011,141.48,2074.95
rice,Uttar Pradesh,Moradabad,2012,135.89,2291.01
rice,Uttar Pradesh,Moradabad,2013,148.26,2187.98
rice,Uttar Pradesh,Moradabad,2014,133.38,2372.63
rice,Uttar Pradesh,Moradabad,2015,139.57,2317.32
rice,Uttar Pradesh,Moradabad,2016,143.02,2242.87
rice,Uttar Pradesh,Moradabad,2017,140.63,2326.88
rice,Uttar Pradesh,Shahjahanpur,2000,197.25,2265.25
rice,Uttar Pradesh,Shahjahanpur,2001,215.17,2380.44
rice,Uttar Pradesh,Shahjahanpur,2002,143.19,2074.03
rice,Uttar Pradesh,Shahjahanpur,2003,190.94,2254.32
rice,Uttar Pradesh,Shahjahanpur,2004,150.91,2377.97
rice,Uttar Pradesh,Shahjahanpur,2005,196.08,2121.33
rice,Uttar Pradesh,Shahjahanpur,2006,216.74,2206.51
rice,Uttar Pradesh,Shahjahanpur,2007,216.26,2396.79
rice,Uttar Pradesh,Shahjahanpur,2008,213.17,2262.0
rice,Uttar Pradesh,Shahjahanpur,2009,201.51,2647.36
rice,Uttar Pradesh,Shahjahanpur,2010,201.47,2138.04
rice,Uttar Pradesh,Shahjahanpur,2011,213.18,2604.0
rice,Uttar Pradesh,Shahjahanpur,2012,161.54,2771.02
rice,Uttar Pradesh,Shahjahanpur,2013,198.11,2683.91
rice,Uttar Pradesh,Shahjahanpur,2014,209.33,2804.95
rice,Uttar Pradesh,Shahjahanpur,2015,155.99,3149.05
rice,Uttar Pradesh,Shahjahanpur,2016,210.85,2974.0
rice,Uttar Pradesh,Shahjahanpur,2017,210.76,3259.0
rice,Uttar Pradesh,Pilibhit,2000,151.39,2679.9
rice,Uttar Pradesh,Pilibhit,2001,140.85,3034.58
rice,Uttar Pradesh,Pilibhit,2002,145.11,2810.28
rice,Uttar Pradesh,Pilibhit,2003,158.68,2714.9
rice,Uttar Pradesh,Pilibhit,2004,159.86,2525.02
rice,Uttar Pradesh,Pilibhit,2005,166.17,2506.23
rice,Uttar Pradesh,Pilibhit,2006,151.13,2412.16
rice,Uttar Pradesh,Pilibhit,2007,150.4,2853.92
rice,Uttar Pradesh,Pilibhit,2008,162.54,2413.99
rice,Uttar Pradesh,Pilibhit,2009,163.42,2598.09
rice,Uttar Pradesh,Pilibhit,2010,162.79,2485.72
rice,Uttar Pradesh,Pilibhit,2011,155.15,2807.03
rice,Uttar Pradesh,Pilibhit,2012,51.51,2524.17
rice,Uttar Pradesh,Pilibhit,2013,135.91,2797.0
rice,Uttar Pradesh,Pilibhit,2014,128.99,2626.02
rice,Uttar Pradesh,Pilibhit,2015,145.07,3010.0
rice,Uttar Pradesh,Pilibhit,2016,153.58,3132.0
rice,Uttar Pradesh,Pilibhit,2017,140.74,3276.0
rice,Uttar Pradesh,Rampur,2000,136.82,2254.13
rice,Uttar Pradesh,Rampur,2001,138.95,2400.29
rice,Uttar Pradesh,Rampur,2002,134.6,2253.34
rice,Uttar Pradesh,Rampur,2003,138.53,2117.52
rice,Uttar Pradesh,Rampur,2004,139.11,2225.94
rice,Uttar Pradesh,Rampur,2005,145.54,1993.68
rice,Uttar Pradesh,Rampur,2006,144.71,2098.2
rice,Uttar Pradesh,Rampur,2007,142.49,2247.81
rice,Uttar Pradesh,Rampur,2008,144.2,1973.99
rice,Uttar Pradesh,Rampur,2009,139.88,2239.06
rice,Uttar Pradesh,Rampur,2010,144.8,1921.82
rice,Uttar Pradesh,Rampur,2011,144.99,2185.25
rice,Uttar Pradesh,Rampur,2012,137.54,2273.01
rice,Uttar Pradesh,Rampur,2013,136.97,2241.0
rice,Uttar Pradesh,Rampur,2014,132.69,2260.0
rice,Uttar Pradesh,Rampur,2015,129.98,2259.89
rice,Uttar Pradesh,Rampur,2016,148.54,2440.0
rice,Uttar Pradesh,Rampur,2017,138.67,2369.0
rice,Uttar Pradesh,Bijnor,2000,65.83,2785.36
rice,Uttar Pradesh,Bijnor,2001,64.58,3012.85
rice,Uttar Pradesh,Bijnor,2002,52.94,2681.9
rice,Uttar Pradesh,Bijnor,2003,55.65,2564.96
rice,Uttar Pradesh,Bijnor,2004,44.72,2856.22
rice,Uttar Pradesh,Bijnor,2005,57.58,2613.75
rice,Uttar Pradesh,Bijnor,2006,53.27,2582.88
rice,Uttar Pradesh,Bijnor,2007,48.7,2575.56
rice,Uttar Pradesh,Bijnor,2008,56.94,2523.01
rice,Uttar Pradesh,Bijnor,2009,60.57,2402.18
rice,Uttar Pradesh,Bijnor,2010,59.18,2242.65
rice,Uttar Pradesh,Bijnor,2011,57.9,2394.82
rice,Uttar Pradesh,Bijnor,2012,16.12,2746.28
rice,Uttar Pradesh,Bijnor,2013,52.94,2329.05
rice,Uttar Pradesh,Bijnor,2014,54.81,2615.95
rice,Uttar Pradesh,Bijnor,2015,51.35,2590.07
rice,Uttar Pradesh,Bijnor,2016,53.39,2527.0
rice,Uttar Pradesh,Bijnor,2017,50.88,2511.02
rice,Uttar Pradesh,Farrukhabad,2000,34.44,1787.75
rice,Uttar Pradesh,Farrukhabad,2001,37.23,2018.0
rice,Uttar Pradesh,Farrukhabad,2002,25.59,2110.2
rice,Uttar Pradesh,Farrukhabad,2003,31.6,1837.34
rice,Uttar Pradesh,Farrukhabad,2004,33.72,2353.8
rice,Uttar Pradesh,Farrukhabad,2005,34.47,2334.78
rice,Uttar Pradesh,Farrukhabad,2006,33.29,2346.65
rice,Uttar Pradesh,Farrukhabad,2007,32.51,2481.08
rice,Uttar Pradesh,Farrukhabad,2008,35.77,2620.07
rice,Uttar Pradesh,Farrukhabad,2009,26.06,2439.75
rice,Uttar Pradesh,Farrukhabad,2010,30.14,2215.99
rice,Uttar Pradesh,Farrukhabad,2011,31.11,2627.45
rice,Uttar Pradesh,Farrukhabad,2012,32.56,2909.4
rice,Uttar Pradesh,Farrukhabad,2013,37.91,2832.23
rice,Uttar Pradesh,Farrukhabad,2014,33.91,2523.44
rice,Uttar Pradesh,Farrukhabad,2015,41.55,2322.98
rice,Uttar Pradesh,Farrukhabad,2016,37.59,2657.33
rice,Uttar Pradesh,Farrukhabad,2017,34.62,3122.12
rice,Uttar Pradesh,Etawah,2000,95.95,1912.66
rice,Uttar Pradesh,Etawah,2001,99.78,2325.72
rice,Uttar Pradesh,Etawah,2002,75.96,2263.69
rice,Uttar Pradesh,Etawah,2003,85.25,2306.28
rice,Uttar Pradesh,Etawah,2004,89.08,2782.44
rice,Uttar Pradesh,Etawah,2005,92.44,2552.79
rice,Uttar Pradesh,Etawah,2006,96.5,2723.32
rice,Uttar Pradesh,Etawah,2007,95.43,2646.65
rice,Uttar Pradesh,Etawah,2008,98.8,2929.45
rice,Uttar Pradesh,Etawah,2009,80.1,2704.37
rice,Uttar Pradesh,Etawah,2010,92.75,2614.02
rice,Uttar Pradesh,Etawah,2011,97.45,2800.41
rice,Uttar Pradesh,Etawah,2012,101.82,3045.08
rice,Uttar Pradesh,Etawah,2013,111.84,3090.75
rice,Uttar Pradesh,Etawah,2014,108.55,2878.21
rice,Uttar Pradesh,Etawah,2015,107.19,2642.5
rice,Uttar Pradesh,Etawah,2016,102.76,2895.75
rice,Uttar Pradesh,Etawah,2017,101.35,2913.67
rice,Uttar Pradesh,Kanpur,2000,79.78,1753.82
rice,Uttar Pradesh,Kanpur,2001,102.65,1942.72
rice,Uttar Pradesh,Kanpur,2002,83.84,1838.74
rice,Uttar Pradesh,Kanpur,2003,89.15,2064.83
rice,Uttar Pradesh,Kanpur,2004,81.1,2220.59
rice,Uttar Pradesh,Kanpur,2005,92.38,2152.09
rice,Uttar Pradesh,Kanpur,2006,93.86,1805.45
rice,Uttar Pradesh,Kanpur,2007,88.25,2021.08
rice,Uttar Pradesh,Kanpur,2008,88.56,2320.69
rice,Uttar Pradesh,Kanpur,2009,68.45,2297.88
rice,Uttar Pradesh,Kanpur,2010,73.48,2307.98
rice,Uttar Pradesh,Kanpur,2011,74.54,2692.25
rice,Uttar Pradesh,Kanpur,2012,71.56,2711.85
rice,Uttar Pradesh,Kanpur,2013,75.03,2642.14
rice,Uttar Pradesh,Kanpur,2014,67.39,2403.47
rice,Uttar Pradesh,Kanpur,2015,69.58,2473.27
rice,Uttar Pradesh,Kanpur,2016,77.92,3064.24
rice,Uttar Pradesh,Kanpur,2017,73.99,2990.0
rice,Uttar Pradesh,Fatehpur,2000,91.78,1772.83
rice,Uttar Pradesh,Fatehpur,2001,97.3,2037.92
rice,Uttar Pradesh,Fatehpur,2002,69.09,1662.9
rice,Uttar Pradesh,Fatehpur,2003,85.35,1819.92
rice,Uttar Pradesh,Fatehpur,2004,55.06,1855.07
rice,Uttar Pradesh,Fatehpur,2005,86.57,1624.12
rice,Uttar Pradesh,Fatehpur,2006,79.46,1596.27
rice,Uttar Pradesh,Fatehpur,2007,78.86,1885.49
rice,Uttar Pradesh,Fatehpur,2008,87.04,2307.9
rice,Uttar Pradesh,Fatehpur,2009,62.42,2182.95
rice,Uttar Pradesh,Fatehpur,2010,71.47,2107.32
rice,Uttar Pradesh,Fatehpur,2011,79.78,2338.18
rice,Uttar Pradesh,Fatehpur,2012,77.16,2456.19
rice,Uttar Pradesh,Fatehpur,2013,86.46,2605.02
rice,Uttar Pradesh,Fatehpur,2014,80.7,1946.1
rice,Uttar Pradesh,Fatehpur,2015,81.95,2046.98
rice,Uttar Pradesh,Fatehpur,2016,86.79,2485.0
rice,Uttar Pradesh,Fatehpur,2017,82.06,2640.0
rice,Uttar Pradesh,Allahabad,2000,241.57,1872.75
rice,Uttar Pradesh,Allahabad,2001,231.6,2038.99
rice,Uttar Pradesh,Allahabad,2002,189.59,1859.86
rice,Uttar Pradesh,Allahabad,2003,216.54,2244.67
rice,Uttar Pradesh,Allahabad,2004,211.26,1806.45
rice,Uttar Pradesh,Allahabad,2005,211.59,1952.08
rice,Uttar Pradesh,Allahabad,2006,214.46,1997.06
rice,Uttar Pradesh,Allahabad,2007,215.33,2041.05
rice,Uttar Pradesh,Allahabad,2008,217.82,2390.51
rice,Uttar Pradesh,Allahabad,2009,166.34,2163.94
rice,Uttar Pradesh,Allahabad,2010,189.33,2256.17
rice,Uttar Pradesh,Allahabad,2011,191.54,2525.74
rice,Uttar Pradesh,Allahabad,2012,195.08,2704.84
rice,Uttar Pradesh,Allahabad,2013,210.42,2535.03
rice,Uttar Pradesh,Allahabad,2014,192.64,2114.15
rice,Uttar Pradesh,Allahabad,2015,192.54,1901.47
rice,Uttar Pradesh,Allahabad,2016,211.76,2670.84
rice,Uttar Pradesh,Allahabad,2017,215.88,2667.89
rice,Uttar Pradesh,Jhansi,2000,10.31,978.66
rice,Uttar Pradesh,Jhansi,2001,10.43,704.7
rice,Uttar Pradesh,Jhansi,2002,6.22,160.77
rice,Uttar Pradesh,Jhansi,2003,8.22,891.73
rice,Uttar Pradesh,Jhansi,2004,11.98,480.8
rice,Uttar Pradesh,Jhansi,2005,8.08,1257.43
rice,Uttar Pradesh,Jhansi,2006,5.23,871.89
rice,Uttar Pradesh,Jhansi,2007,5.46,549.45
rice,Uttar Pradesh,Jhansi,2008,5.73,1193.72
rice,Uttar Pradesh,Jhansi,2009,4.54,1136.56
rice,Uttar Pradesh,Jhansi,2010,8.13,1942.19
rice,Uttar Pradesh,Jhansi,2011,14.28,1838.94
rice,Uttar Pradesh,Jhansi,2012,11.36,1876.76
rice,Uttar Pradesh,Jhansi,2013,12.1,1807.44
rice,Uttar Pradesh,Jhansi,2014,10.55,1748.82
rice,Uttar Pradesh,Jhansi,2015,10.29,1665.69
rice,Uttar Pradesh,Jhansi,2016,11.66,1291.3
rice,Uttar Pradesh,Jhansi,2017,10.21,1589.75
rice,Uttar Pradesh,Jalaun,2000,2.21,977.38
rice,Uttar Pradesh,Jalaun,2001,1.09,706.42
rice,Uttar Pradesh,Jalaun,2003,0.86,895.35
rice,Uttar Pradesh,Jalaun,2004,0.92,478.26
rice,Uttar Pradesh,Jalaun,2005,0.76,1263.16
rice,Uttar Pradesh,Jalaun,2006,0.56,875.0
rice,Uttar Pradesh,Jalaun,2007,0.61,426.23
rice,Uttar Pradesh,Jalaun,2010,0.57,1947.37
rice,Uttar Pradesh,Jalaun,2011,0.53,1849.06
rice,Uttar Pradesh,Jalaun,2012,0.51,1098.04
rice,Uttar Pradesh,Jalaun,2013,0.52,1788.46
rice,Uttar Pradesh,Jalaun,2014,0.51,1745.1
rice,Uttar Pradesh,Jalaun,2015,1.56,1794.87
rice,Uttar Pradesh,Hamirpur,2000,2.88,993.06
rice,Uttar Pradesh,Hamirpur,2001,2.26,1331.86
rice,Uttar Pradesh,Hamirpur,2002,1.31,816.79
rice,Uttar Pradesh,Hamirpur,2003,1.24,1161.29
rice,Uttar Pradesh,Hamirpur,2004,1.23,1138.21
rice,Uttar Pradesh,Hamirpur,2005,0.6,800.0
rice,Uttar Pradesh,Banda,2000,82.71,978.48
rice,Uttar Pradesh,Banda,2001,84.85,1340.13
rice,Uttar Pradesh,Banda,2002,68.84,797.65
rice,Uttar Pradesh,Banda,2003,74.7,1167.2
rice,Uttar Pradesh,Banda,2004,69.28,1118.65
rice,Uttar Pradesh,Banda,2005,58.54,816.36
rice,Uttar Pradesh,Banda,2006,67.74,808.24
rice,Uttar Pradesh,Banda,2007,66.32,617.61
rice,Uttar Pradesh,Banda,2008,73.68,1329.8
rice,Uttar Pradesh,Banda,2009,54.51,1008.26
rice,Uttar Pradesh,Banda,2010,53.92,1122.96
rice,Uttar Pradesh,Banda,2011,64.3,1407.15
rice,Uttar Pradesh,Banda,2012,58.32,1713.82
rice,Uttar Pradesh,Banda,2013,66.51,1805.59
rice,Uttar Pradesh,Banda,2014,58.56,1616.8
rice,Uttar Pradesh,Banda,2015,57.82,1155.66
rice,Uttar Pradesh,Banda,2016,73.75,1776.22
rice,Uttar Pradesh,Banda,2017,60.72,1957.57
rice,Uttar Pradesh,Varanasi,2000,180.8,2221.24
rice,Uttar Pradesh,Varanasi,2001,191.88,2648.22
rice,Uttar Pradesh,Varanasi,2002,189.43,2307.4
rice,Uttar Pradesh,Varanasi,2003,190.66,2859.49
rice,Uttar Pradesh,Varanasi,2004,162.75,1328.48
rice,Uttar Pradesh,Varanasi,2005,189.08,1911.89
rice,Uttar Pradesh,Varanasi,2006,199.5,2191.93
rice,Uttar Pradesh,Varanasi,2007,190.96,2246.96
rice,Uttar Pradesh,Varanasi,2008,196.63,2423.49
rice,Uttar Pradesh,Varanasi,2009,164.27,1875.27
rice,Uttar Pradesh,Varanasi,2010,184.99,2456.84
rice,Uttar Pradesh,Varanasi,2011,179.82,2549.72
rice,Uttar Pradesh,Varanasi,2012,174.38,2670.95
rice,Uttar Pradesh,Varanasi,2013,187.12,2526.29
rice,Uttar Pradesh,Varanasi,2014,174.44,2680.52
rice,Uttar Pradesh,Varanasi,2015,187.87,2683.72
rice,Uttar Pradesh,Varanasi,2016,196.4,2681.03
rice,Uttar Pradesh,Varanasi,2017,194.46,2948.8
rice,Uttar Pradesh,Mirzpur,2000,193.26,1724.52
rice,Uttar Pradesh,Mirzpur,2001,200.08,2139.09
rice,Uttar Pradesh,Mirzpur,2002,168.84,1666.25
rice,Uttar Pradesh,Mirzpur,2003,199.76,1990.04
rice,Uttar Pradesh,Mirzpur,2004,133.74,772.17
rice,Uttar Pradesh,Mirzpur,2005,135.63,1278.4
rice,Uttar Pradesh,Mirzpur,2006,146.67,1533.85
rice,Uttar Pradesh,Mirzpur,2007,127.99,1324.17
rice,Uttar Pradesh,Mirzpur,2008,147.9,1847.33
rice,Uttar Pradesh,Mirzpur,2009,100.12,1441.07
rice,Uttar Pradesh,Mirzpur,2010,116.45,1859.51
rice,Uttar Pradesh,Mirzpur,2011,125.91,2115.88
rice,Uttar Pradesh,Mirzpur,2012,124.5,2266.83
rice,Uttar Pradesh,Mirzpur,2013,111.94,2264.16
rice,Uttar Pradesh,Mirzpur,2014,110.56,2171.76
rice,Uttar Pradesh,Mirzpur,2015,126.61,1652.79
rice,Uttar Pradesh,Mirzpur,2016,123.77,2628.42
rice,Uttar Pradesh,Mirzpur,2017,123.58,2601.1
rice,Uttar Pradesh,Jaunpur,2000,126.85,2050.45
rice,Uttar Pradesh,Jaunpur,2001,129.9,2069.28
rice,Uttar Pradesh,Jaunpur,2002,123.46,1971.41
rice,Uttar Pradesh,Jaunpur,2003,129.57,2264.03
rice,Uttar Pradesh,Jaunpur,2004,123.58,1095.97
rice,Uttar Pradesh,Jaunpur,2005,140.59,1913.79
rice,Uttar Pradesh,Jaunpur,2006,142.06,1845.84
rice,Uttar Pradesh,Jaunpur,2007,142.37,1927.23
rice,Uttar Pradesh,Jaunpur,2008,147.01,2154.0
rice,Uttar Pradesh,Jaunpur,2009,140.84,1976.0
rice,Uttar Pradesh,Jaunpur,2010,144.03,2087.13
rice,Uttar Pradesh,Jaunpur,2011,145.19,2238.86
rice,Uttar Pradesh,Jaunpur,2012,147.19,2336.91
rice,Uttar Pradesh,Jaunpur,2013,149.52,2289.93
rice,Uttar Pradesh,Jaunpur,2014,140.43,2413.94
rice,Uttar Pradesh,Jaunpur,2015,143.9,1759.97
rice,Uttar Pradesh,Jaunpur,2016,153.46,2342.0
rice,Uttar Pradesh,Jaunpur,2017,157.28,2306.0
rice,Uttar Pradesh,Ghazipur,2000,137.88,1898.97
rice,Uttar Pradesh,Ghazipur,2001,156.35,2197.95
rice,Uttar Pradesh,Ghazipur,2002,151.01,1979.14
rice,Uttar Pradesh,Ghazipur,2003,155.6,2213.37
rice,Uttar Pradesh,Ghazipur,2004,145.49,976.97
rice,Uttar Pradesh,Ghazipur,2005,152.23,1926.62
rice,Uttar Pradesh,Ghazipur,2006,152.05,1925.88
rice,Uttar Pradesh,Ghazipur,2007,151.65,2161.23
rice,Uttar Pradesh,Ghazipur,2008,151.78,2235.08
rice,Uttar Pradesh,Ghazipur,2009,145.7,1855.25
rice,Uttar Pradesh,Ghazipur,2010,149.9,2102.0
rice,Uttar Pradesh,Ghazipur,2011,148.84,2286.01
rice,Uttar Pradesh,Ghazipur,2012,149.18,2336.91
rice,Uttar Pradesh,Ghazipur,2013,148.9,2135.93
rice,Uttar Pradesh,Ghazipur,2014,136.67,2153.07
rice,Uttar Pradesh,Ghazipur,2015,154.41,2165.02
rice,Uttar Pradesh,Ghazipur,2016,147.67,2147.0
rice,Uttar Pradesh,Ghazipur,2017,154.82,2482.0
rice,Uttar Pradesh,Ballia,2000,119.61,1731.96
rice,Uttar Pradesh,Ballia,2001,120.78,1935.59
rice,Uttar Pradesh,Ballia,2002,116.4,1442.01
rice,Uttar Pradesh,Ballia,2003,122.94,1786.4
rice,Uttar Pradesh,Ballia,2004,121.73,549.99
rice,Uttar Pradesh,Ballia,2005,120.16,1457.64
rice,Uttar Pradesh,Ballia,2006,121.55,1334.27
rice,Uttar Pradesh,Ballia,2007,121.28,1855.38
rice,Uttar Pradesh,Ballia,2008,115.77,1993.0
rice,Uttar Pradesh,Ballia,2009,111.06,1981.99
rice,Uttar Pradesh,Ballia,2010,115.98,1913.52
rice,Uttar Pradesh,Ballia,2011,116.37,2540.43
rice,Uttar Pradesh,Ballia,2012,112.17,2177.94
rice,Uttar Pradesh,Ballia,2013,118.0,2220.0
rice,Uttar Pradesh,Ballia,2014,122.46,2057.08
rice,Uttar Pradesh,Ballia,2015,115.76,1694.02
rice,Uttar Pradesh,Ballia,2016,115.91,2386.0
rice,Uttar Pradesh,Ballia,2017,115.87,2503.0
rice,Uttar Pradesh,Gorakhpur,2000,316.3,2204.77
rice,Uttar Pradesh,Gorakhpur,2001,321.34,1972.27
rice,Uttar Pradesh,Gorakhpur,2002,314.53,2114.11
rice,Uttar Pradesh,Gorakhpur,2003,315.13,2399.77
rice,Uttar Pradesh,Gorakhpur,2004,292.53,1887.29
rice,Uttar Pradesh,Gorakhpur,2005,318.89,2084.14
rice,Uttar Pradesh,Gorakhpur,2006,317.5,2016.0
rice,Uttar Pradesh,Gorakhpur,2007,317.41,2044.86
rice,Uttar Pradesh,Gorakhpur,2008,318.67,2144.98
rice,Uttar Pradesh,Gorakhpur,2009,321.57,2145.44
rice,Uttar Pradesh,Gorakhpur,2010,319.9,2102.31
rice,Uttar Pradesh,Gorakhpur,2011,320.33,2276.0
rice,Uttar Pradesh,Gorakhpur,2012,316.05,2372.38
rice,Uttar Pradesh,Gorakhpur,2013,311.9,2438.7
rice,Uttar Pradesh,Gorakhpur,2014,318.4,2336.68
rice,Uttar Pradesh,Gorakhpur,2015,320.34,1961.67
rice,Uttar Pradesh,Gorakhpur,2016,318.29,2207.85
rice,Uttar Pradesh,Gorakhpur,2017,319.73,2518.15
rice,Uttar Pradesh,Deoria,2000,241.18,2658.18
rice,Uttar Pradesh,Deoria,2001,245.05,2176.9
rice,Uttar Pradesh,Deoria,2002,246.23,2181.7
rice,Uttar Pradesh,Deoria,2003,251.18,2384.35
rice,Uttar Pradesh,Deoria,2004,220.82,2049.27
rice,Uttar Pradesh,Deoria,2005,253.66,2164.67
rice,Uttar Pradesh,Deoria,2006,252.75,1975.27
rice,Uttar Pradesh,Deoria,2007,251.91,2241.99
rice,Uttar Pradesh,Deoria,2008,252.17,2364.24
rice,Uttar Pradesh,Deoria,2009,255.3,1789.54
rice,Uttar Pradesh,Deoria,2010,255.54,2152.5
rice,Uttar Pradesh,Deoria,2011,254.83,2290.23
rice,Uttar Pradesh,Deoria,2012,264.66,2353.06
rice,Uttar Pradesh,Deoria,2013,258.23,2533.94
rice,Uttar Pradesh,Deoria,2014,251.34,2071.62
rice,Uttar Pradesh,Deoria,2015,236.49,1158.91
rice,Uttar Pradesh,Deoria,2016,260.11,2052.11
rice,Uttar Pradesh,Deoria,2017,255.14,2509.8
rice,Uttar Pradesh,Basti,2000,361.97,1903.89
rice,Uttar Pradesh,Basti,2001,360.69,2027.03
rice,Uttar Pradesh,Basti,2002,377.04,957.7
rice,Uttar Pradesh,Basti,2003,381.83,2178.38
rice,Uttar Pradesh,Basti,2004,353.96,1193.24
rice,Uttar Pradesh,Basti,2005,391.82,1702.82
rice,Uttar Pradesh,Basti,2006,383.24,1426.55
rice,Uttar Pradesh,Basti,2007,372.08,1960.57
rice,Uttar Pradesh,Basti,2008,375.06,2162.51
rice,Uttar Pradesh,Basti,2009,374.35,2071.83
rice,Uttar Pradesh,Basti,2010,368.26,2186.66
rice,Uttar Pradesh,Basti,2011,355.31,2465.79
rice,Uttar Pradesh,Basti,2012,356.77,2457.49
rice,Uttar Pradesh,Basti,2013,368.75,2574.05
rice,Uttar Pradesh,Basti,2014,365.71,2131.63
rice,Uttar Pradesh,Basti,2015,362.07,2046.95
rice,Uttar Pradesh,Basti,2016,373.91,2187.61
rice,Uttar Pradesh,Basti,2017,370.85,2576.61
rice,Uttar Pradesh,Azamgarh,2000,301.5,1857.45
rice,Uttar Pradesh,Azamgarh,2001,300.78,2020.68
rice,Uttar Pradesh,Azamgarh,2002,270.73,1845.94
rice,Uttar Pradesh,Azamgarh,2003,296.52,2056.86
rice,Uttar Pradesh,Azamgarh,2004,294.64,1011.71
rice,Uttar Pradesh,Azamgarh,2005,305.41,1752.66
rice,Uttar Pradesh,Azamgarh,2006,305.86,1342.58
rice,Uttar Pradesh,Azamgarh,2007,309.33,1888.79
rice,Uttar Pradesh,Azamgarh,2008,313.68,1985.72
rice,Uttar Pradesh,Azamgarh,2009,286.76,1666.27
rice,Uttar Pradesh,Azamgarh,2010,299.36,1990.91
rice,Uttar Pradesh,Azamgarh,2011,298.23,2275.12
rice,Uttar Pradesh,Azamgarh,2012,295.37,2147.61
rice,Uttar Pradesh,Azamgarh,2013,305.06,2172.03
rice,Uttar Pradesh,Azamgarh,2014,293.74,1908.52
rice,Uttar Pradesh,Azamgarh,2015,292.99,1819.72
rice,Uttar Pradesh,Azamgarh,2016,299.17,2260.81
rice,Uttar Pradesh,Azamgarh,2017,307.36,2375.45
rice,Uttar Pradesh,Lucknow,2000,51.54,1267.95
rice,Uttar Pradesh,Lucknow,2001,52.46,1720.55
rice,Uttar Pradesh,Lucknow,2002,40.76,1822.87
rice,Uttar Pradesh,Lucknow,2003,48.4,2116.32
rice,Uttar Pradesh,Lucknow,2004,42.18,1859.89
rice,Uttar Pradesh,Lucknow,2005,48.83,1924.23
rice,Uttar Pradesh,Lucknow,2006,51.76,1923.11
rice,Uttar Pradesh,Lucknow,2007,51.39,1830.32
rice,Uttar Pradesh,Lucknow,2008,52.48,2128.05
rice,Uttar Pradesh,Lucknow,2009,48.19,2205.85
rice,Uttar Pradesh,Lucknow,2010,51.54,1912.88
rice,Uttar Pradesh,Lucknow,2011,51.58,2008.53
rice,Uttar Pradesh,Lucknow,2012,51.14,2049.86
rice,Uttar Pradesh,Lucknow,2013,52.16,2025.88
rice,Uttar Pradesh,Lucknow,2014,54.13,2324.77
rice,Uttar Pradesh,Lucknow,2015,52.94,2026.26
rice,Uttar Pradesh,Lucknow,2016,63.8,1948.0
rice,Uttar Pradesh,Lucknow,2017,51.62,2707.0
rice,Uttar Pradesh,Unnao,2000,93.2,1133.26
rice,Uttar Pradesh,Unnao,2001,99.28,1569.4
rice,Uttar Pradesh,Unnao,2002,59.04,1434.11
rice,Uttar Pradesh,Unnao,2003,87.41,1941.54
rice,Uttar Pradesh,Unnao,2004,82.61,1727.03
rice,Uttar Pradesh,Unnao,2005,90.66,1728.66
rice,Uttar Pradesh,Unnao,2006,90.0,1453.0
rice,Uttar Pradesh,Unnao,2007,90.52,1914.83
rice,Uttar Pradesh,Unnao,2008,95.99,2106.89
rice,Uttar Pradesh,Unnao,2009,70.56,1773.53
rice,Uttar Pradesh,Unnao,2010,88.19,1661.64
rice,Uttar Pradesh,Unnao,2011,96.84,1777.26
rice,Uttar Pradesh,Unnao,2012,98.28,1962.05
rice,Uttar Pradesh,Unnao,2013,102.46,2129.9
rice,Uttar Pradesh,Unnao,2014,96.44,1677.93
rice,Uttar Pradesh,Unnao,2015,87.26,1584.0
rice,Uttar Pradesh,Unnao,2016,99.89,1942.0
rice,Uttar Pradesh,Unnao,2017,94.99,2097.0
rice,Uttar Pradesh,Rae-Bareily,2000,136.46,1538.69
rice,Uttar Pradesh,Rae-Bareily,2001,142.77,2096.24
rice,Uttar Pradesh,Rae-Bareily,2002,114.78,1947.64
rice,Uttar Pradesh,Rae-Bareily,2003,137.69,1993.25
rice,Uttar Pradesh,Rae-Bareily,2004,132.1,2045.95
rice,Uttar Pradesh,Rae-Bareily,2005,135.59,2083.27
rice,Uttar Pradesh,Rae-Bareily,2006,130.84,1829.41
rice,Uttar Pradesh,Rae-Bareily,2007,133.17,2118.35
rice,Uttar Pradesh,Rae-Bareily,2008,140.69,2262.99
rice,Uttar Pradesh,Rae-Bareily,2009,135.09,2194.17
rice,Uttar Pradesh,Rae-Bareily,2010,134.94,2118.4
rice,Uttar Pradesh,Rae-Bareily,2011,136.95,2272.94
rice,Uttar Pradesh,Rae-Bareily,2012,135.76,2493.24
rice,Uttar Pradesh,Rae-Bareily,2013,143.0,2387.15
rice,Uttar Pradesh,Rae-Bareily,2014,146.52,2119.94
rice,Uttar Pradesh,Rae-Bareily,2015,156.59,2085.17
rice,Uttar Pradesh,Rae-Bareily,2016,141.09,2378.7
rice,Uttar Pradesh,Rae-Bareily,2017,140.34,2442.01
rice,Uttar Pradesh,Sitapur,2000,163.31,1424.9
rice,Uttar Pradesh,Sitapur,2001,160.98,1716.8
rice,Uttar Pradesh,Sitapur,2002,119.81,1576.08
rice,Uttar Pradesh,Sitapur,2003,140.77,1867.73
rice,Uttar Pradesh,Sitapur,2004,118.87,1519.05
rice,Uttar Pradesh,Sitapur,2005,149.3,1661.02
rice,Uttar Pradesh,Sitapur,2006,142.7,1620.04
rice,Uttar Pradesh,Sitapur,2007,139.93,1748.73
rice,Uttar Pradesh,Sitapur,2008,147.15,1735.98
rice,Uttar Pradesh,Sitapur,2009,157.48,1839.41
rice,Uttar Pradesh,Sitapur,2010,159.03,1976.23
rice,Uttar Pradesh,Sitapur,2011,162.23,2221.17
rice,Uttar Pradesh,Sitapur,2012,162.23,2394.99
rice,Uttar Pradesh,Sitapur,2013,169.74,2439.02
rice,Uttar Pradesh,Sitapur,2014,164.2,2333.07
rice,Uttar Pradesh,Sitapur,2015,160.52,2158.05
rice,Uttar Pradesh,Sitapur,2016,167.97,2330.0
rice,Uttar Pradesh,Sitapur,2017,163.87,2344.0
rice,Uttar Pradesh,Hardoi,2000,127.55,1697.14
rice,Uttar Pradesh,Hardoi,2001,154.01,1714.5
rice,Uttar Pradesh,Hardoi,2002,85.92,1675.63
rice,Uttar Pradesh,Hardoi,2003,130.26,2055.12
rice,Uttar Pradesh,Hardoi,2004,130.26,2323.97
rice,Uttar Pradesh,Hardoi,2005,154.6,2184.99
rice,Uttar Pradesh,Hardoi,2006,157.47,2031.82
rice,Uttar Pradesh,Hardoi,2007,160.01,1947.82
rice,Uttar Pradesh,Hardoi,2008,166.73,2092.96
rice,Uttar Pradesh,Hardoi,2009,130.23,2256.7
rice,Uttar Pradesh,Hardoi,2010,141.17,2045.05
rice,Uttar Pradesh,Hardoi,2011,145.25,2250.6
rice,Uttar Pradesh,Hardoi,2012,144.52,2453.92
rice,Uttar Pradesh,Hardoi,2013,149.08,2516.1
rice,Uttar Pradesh,Hardoi,2014,142.23,1965.06
rice,Uttar Pradesh,Hardoi,2015,133.84,2256.05
rice,Uttar Pradesh,Hardoi,2016,141.44,2395.0
rice,Uttar Pradesh,Hardoi,2017,149.8,2518.0
rice,Uttar Pradesh,Kheri,2000,188.2,2539.75
rice,Uttar Pradesh,Kheri,2001,187.54,2582.81
rice,Uttar Pradesh,Kheri,2002,172.94,2105.35
rice,Uttar Pradesh,Kheri,2003,180.16,2383.21
rice,Uttar Pradesh,Kheri,2004,179.9,2078.99
rice,Uttar Pradesh,Kheri,2005,187.79,2246.34
rice,Uttar Pradesh,Kheri,2006,185.44,2039.2
rice,Uttar Pradesh,Kheri,2007,183.0,2053.72
rice,Uttar Pradesh,Kheri,2008,182.55,1796.0
rice,Uttar Pradesh,Kheri,2009,185.14,1980.02
rice,Uttar Pradesh,Kheri,2010,188.22,2129.42
rice,Uttar Pradesh,Kheri,2011,185.39,2441.23
rice,Uttar Pradesh,Kheri,2012,186.68,2563.0
rice,Uttar Pradesh,Kheri,2013,173.56,2695.96
rice,Uttar Pradesh,Kheri,2014,157.23,2723.91
rice,Uttar Pradesh,Kheri,2015,158.81,2629.05
rice,Uttar Pradesh,Kheri,2016,182.52,2774.0
rice,Uttar Pradesh,Kheri,2017,181.78,3126.0
rice,Uttar Pradesh,Faizabad,2000,217.06,2311.07
rice,Uttar Pradesh,Faizabad,2001,226.78,2409.56
rice,Uttar Pradesh,Faizabad,2002,199.15,2197.79
rice,Uttar Pradesh,Faizabad,2003,186.26,2661.76
rice,Uttar Pradesh,Faizabad,2004,173.88,2124.4
rice,Uttar Pradesh,Faizabad,2005,187.32,2420.03
rice,Uttar Pradesh,Faizabad,2006,186.88,1772.42
rice,Uttar Pradesh,Faizabad,2007,207.28,2360.91
rice,Uttar Pradesh,Faizabad,2008,210.1,2556.02
rice,Uttar Pradesh,Faizabad,2009,210.46,2458.71
rice,Uttar Pradesh,Faizabad,2010,213.55,2430.25
rice,Uttar Pradesh,Faizabad,2011,214.45,2552.81
rice,Uttar Pradesh,Faizabad,2012,215.59,2658.1
rice,Uttar Pradesh,Faizabad,2013,219.18,2677.11
rice,Uttar Pradesh,Faizabad,2014,213.2,2338.27
rice,Uttar Pradesh,Faizabad,2015,205.4,2100.54
rice,Uttar Pradesh,Faizabad,2016,213.98,2548.56
rice,Uttar Pradesh,Faizabad,2017,220.25,2921.54
rice,Uttar Pradesh,Gonda,2000,240.87,1790.22
rice,Uttar Pradesh,Gonda,2001,260.83,1958.29
rice,Uttar Pradesh,Gonda,2002,236.33,1057.67
rice,Uttar Pradesh,Gonda,2003,228.68,1826.96
rice,Uttar Pradesh,Gonda,2004,229.8,1592.3
rice,Uttar Pradesh,Gonda,2005,235.83,1939.24
rice,Uttar Pradesh,Gonda,2006,229.15,1674.41
rice,Uttar Pradesh,Gonda,2007,221.15,2015.74
rice,Uttar Pradesh,Gonda,2008,227.8,2352.85
rice,Uttar Pradesh,Gonda,2009,224.63,1963.63
rice,Uttar Pradesh,Gonda,2010,229.06,2223.17
rice,Uttar Pradesh,Gonda,2011,234.18,2248.19
rice,Uttar Pradesh,Gonda,2012,228.79,2339.7
rice,Uttar Pradesh,Gonda,2013,232.16,2340.54
rice,Uttar Pradesh,Gonda,2014,242.56,1965.41
rice,Uttar Pradesh,Gonda,2015,232.82,1941.63
rice,Uttar Pradesh,Gonda,2016,247.76,2237.05
rice,Uttar Pradesh,Gonda,2017,232.55,2394.98
rice,Uttar Pradesh,Bahraich,2000,199.57,1821.02
rice,Uttar Pradesh,Bahraich,2001,225.67,1955.78
rice,Uttar Pradesh,Bahraich,2002,225.85,1269.96
rice,Uttar Pradesh,Bahraich,2003,222.74,1874.83
rice,Uttar Pradesh,Bahraich,2004,215.81,1757.05
rice,Uttar Pradesh,Bahraich,2005,231.16,1864.16
rice,Uttar Pradesh,Bahraich,2006,230.95,1601.65
rice,Uttar Pradesh,Bahraich,2007,229.99,1847.95
rice,Uttar Pradesh,Bahraich,2008,229.59,2071.95
rice,Uttar Pradesh,Bahraich,2009,230.87,2055.05
rice,Uttar Pradesh,Bahraich,2010,235.85,2017.47
rice,Uttar Pradesh,Bahraich,2011,235.19,2088.44
rice,Uttar Pradesh,Bahraich,2012,232.68,2339.18
rice,Uttar Pradesh,Bahraich,2013,234.37,2265.9
rice,Uttar Pradesh,Bahraich,2014,245.2,2208.69
rice,Uttar Pradesh,Bahraich,2015,240.68,1906.72
rice,Uttar Pradesh,Bahraich,2016,231.43,2371.89
rice,Uttar Pradesh,Bahraich,2017,239.92,2553.03
rice,Uttar Pradesh,Sultanpur,2000,160.09,2055.91
rice,Uttar Pradesh,Sultanpur,2001,160.54,2232.96
rice,Uttar Pradesh,Sultanpur,2002,127.53,2064.38
rice,Uttar Pradesh,Sultanpur,2003,157.55,2278.13
rice,Uttar Pradesh,Sultanpur,2004,150.93,1819.06
rice,Uttar Pradesh,Sultanpur,2005,156.1,2129.15
rice,Uttar Pradesh,Sultanpur,2006,156.56,1784.3
rice,Uttar Pradesh,Sultanpur,2007,158.61,2056.11
rice,Uttar Pradesh,Sultanpur,2008,159.67,2197.97
rice,Uttar Pradesh,Sultanpur,2009,157.32,2272.5
rice,Uttar Pradesh,Sultanpur,2010,159.85,2272.28
rice,Uttar Pradesh,Sultanpur,2011,160.34,2376.39
rice,Uttar Pradesh,Sultanpur,2012,160.78,2554.09
rice,Uttar Pradesh,Sultanpur,2013,163.21,2367.79
rice,Uttar Pradesh,Sultanpur,2014,140.23,1677.64
rice,Uttar Pradesh,Sultanpur,2015,151.91,2039.13
rice,Uttar Pradesh,Sultanpur,2016,161.92,2322.67
rice,Uttar Pradesh,Sultanpur,2017,160.48,2887.88
rice,Uttar Pradesh,Pratapgarh,2000,109.8,1568.03
rice,Uttar Pradesh,Pratapgarh,2001,116.26,1992.86
rice,Uttar Pradesh,Pratapgarh,2002,99.3,1803.02
rice,Uttar Pradesh,Pratapgarh,2003,107.86,2223.44
rice,Uttar Pradesh,Pratapgarh,2004,96.27,1637.06
rice,Uttar Pradesh,Pratapgarh,2005,102.65,1793.77
rice,Uttar Pradesh,Pratapgarh,2006,97.02,1849.72
rice,Uttar Pradesh,Pratapgarh,2007,93.97,1920.08
rice,Uttar Pradesh,Pratapgarh,2008,97.97,2190.87
rice,Uttar Pradesh,Pratapgarh,2009,96.66,2125.49
rice,Uttar Pradesh,Pratapgarh,2010,97.44,2009.65
rice,Uttar Pradesh,Pratapgarh,2011,97.81,2316.94
rice,Uttar Pradesh,Pratapgarh,2012,99.17,2430.07
rice,Uttar Pradesh,Pratapgarh,2013,99.25,2395.87
rice,Uttar Pradesh,Pratapgarh,2014,104.14,2263.11
rice,Uttar Pradesh,Pratapgarh,2015,124.7,1799.04
rice,Uttar Pradesh,Pratapgarh,2016,99.01,2192.0
rice,Uttar Pradesh,Pratapgarh,2017,96.36,2364.0
rice,Uttar Pradesh,Barabanki,2000,159.14,1777.81
rice,Uttar Pradesh,Barabanki,2001,158.82,2121.21
rice,Uttar Pradesh,Barabanki,2002,146.18,2122.93
rice,Uttar Pradesh,Barabanki,2003,176.64,2350.66
rice,Uttar Pradesh,Barabanki,2004,174.66,2475.04
rice,Uttar Pradesh,Barabanki,2005,190.56,2325.04
rice,Uttar Pradesh,Barabanki,2006,188.7,2068.68
rice,Uttar Pradesh,Barabanki,2007,167.79,1506.59
rice,Uttar Pradesh,Barabanki,2008,170.33,2052.02
rice,Uttar Pradesh,Barabanki,2009,176.86,2302.89
rice,Uttar Pradesh,Barabanki,2010,178.44,2366.73
rice,Uttar Pradesh,Barabanki,2011,177.97,2762.04
rice,Uttar Pradesh,Barabanki,2012,183.96,3057.02
rice,Uttar Pradesh,Barabanki,2013,181.24,2857.92
rice,Uttar Pradesh,Barabanki,2014,191.88,2760.06
rice,Uttar Pradesh,Barabanki,2015,186.63,2750.95
rice,Uttar Pradesh,Barabanki,2016,183.33,2726.0
rice,Uttar Pradesh,Barabanki,2017,181.6,2867.0
rice,Uttarakhand,Nainital,2000,112.6,2985.17
rice,Uttarakhand,Nainital,2001,114.02,2969.83
rice,Uttarakhand,Nainital,2002,110.33,2975.26
rice,Uttarakhand,Nainital,2003,101.54,2717.45
rice,Uttarakhand,Nainital,2004,113.66,2624.85
rice,Uttarakhand,Nainital,2005,108.53,2670.6
rice,Uttarakhand,Nainital,2006,117.42,2640.61
rice,Uttarakhand,Nainital,2007,107.96,2808.26
rice,Uttarakhand,Nainital,2008,130.89,2608.83
rice,Uttarakhand,Nainital,2009,133.21,2919.68
rice,Uttarakhand,Nainital,2010,132.4,2547.28
rice,Uttarakhand,Nainital,2011,128.23,2940.97
rice,Uttarakhand,Nainital,2012,129.04,3086.33
rice,Uttarakhand,Nainital,2013,126.75,3111.79
rice,Uttarakhand,Nainital,2014,125.42,3203.8
rice,Uttarakhand,Nainital,2015,127.04,3394.36
rice,Uttarakhand,Nainital,2016,130.44,3295.98
rice,Uttarakhand,Nainital,2017,132.39,3496.51
rice,Uttarakhand,Almorah,2000,34.32,1357.52
rice,Uttarakhand,Almorah,2001,34.94,1245.56
rice,Uttarakhand,Almorah,2002,37.18,783.22
rice,Uttarakhand,Almorah,2003,38.81,844.11
rice,Uttarakhand,Almorah,2004,34.69,1173.54
rice,Uttarakhand,Almorah,2005,35.07,1135.73
rice,Uttarakhand,Almorah,2006,33.27,1170.72
rice,Uttarakhand,Almorah,2007,33.41,1200.24
rice,Uttarakhand,Almorah,2008,36.66,1171.58
rice,Uttarakhand,Almorah,2009,33.29,1137.58
rice,Uttarakhand,Almorah,2010,32.99,1103.67
rice,Uttarakhand,Almorah,2011,32.47,1253.77
rice,Uttarakhand,Almorah,2012,31.56,1248.42
rice,Uttarakhand,Almorah,2013,29.18,1303.63
rice,Uttarakhand,Almorah,2014,30.03,1322.01
rice,Uttarakhand,Almorah,2015,31.9,1228.21
rice,Uttarakhand,Almorah,2016,29.64,1374.8
rice,Uttarakhand,Almorah,2017,28.79,1273.68
rice,Uttarakhand,Pithorgarh,2000,34.44,1174.51
rice,Uttarakhand,Pithorgarh,2001,34.53,1212.28
rice,Uttarakhand,Pithorgarh,2002,32.54,1223.11
rice,Uttarakhand,Pithorgarh,2003,28.6,1271.68
rice,Uttarakhand,Pithorgarh,2004,32.56,1306.82
rice,Uttarakhand,Pithorgarh,2005,39.48,1264.94
rice,Uttarakhand,Pithorgarh,2006,34.75,1258.13
rice,Uttarakhand,Pithorgarh,2007,35.13,1358.67
rice,Uttarakhand,Pithorgarh,2008,32.74,1286.81
rice,Uttarakhand,Pithorgarh,2009,28.77,1302.4
rice,Uttarakhand,Pithorgarh,2010,29.76,1206.65
rice,Uttarakhand,Pithorgarh,2011,28.97,1276.15
rice,Uttarakhand,Pithorgarh,2012,26.21,1304.08
rice,Uttarakhand,Pithorgarh,2013,27.01,1395.78
rice,Uttarakhand,Pithorgarh,2014,26.44,1276.1
rice,Uttarakhand,Pithorgarh,2015,26.49,1323.9
rice,Uttarakhand,Pithorgarh,2016,27.51,1347.27
rice,Uttarakhand,Pithorgarh,2017,26.3,1286.44
rice,Uttarakhand,Chamoli,2000,24.34,1155.71
rice,Uttarakhand,Chamoli,2001,20.42,1220.37
rice,Uttarakhand,Chamoli,2002,20.0,1198.0
rice,Uttarakhand,Chamoli,2003,23.2,1206.03
rice,Uttarakhand,Chamoli,2004,22.83,1274.64
rice,Uttarakhand,Chamoli,2005,20.08,1309.26
rice,Uttarakhand,Chamoli,2006,18.74,1396.48
rice,Uttarakhand,Chamoli,2007,22.03,1546.53
rice,Uttarakhand,Chamoli,2008,20.92,1470.36
rice,Uttarakhand,Chamoli,2009,22.28,1287.7
rice,Uttarakhand,Chamoli,2010,22.14,1464.77
rice,Uttarakhand,Chamoli,2011,20.02,1359.64
rice,Uttarakhand,Chamoli,2012,21.25,1357.65
rice,Uttarakhand,Chamoli,2013,20.28,1313.61
rice,Uttarakhand,Chamoli,2014,20.21,1290.95
rice,Uttarakhand,Chamoli,2015,20.39,1379.11
rice,Uttarakhand,Chamoli,2016,20.7,1334.57
rice,Uttarakhand,Chamoli,2017,19.59,1389.64
rice,Uttarakhand,Uttar Kashi,2000,10.13,1475.81
rice,Uttarakhand,Uttar Kashi,2001,10.32,1439.92
rice,Uttarakhand,Uttar Kashi,2002,9.05,1061.88
rice,Uttarakhand,Uttar Kashi,2003,10.16,983.27
rice,Uttarakhand,Uttar Kashi,2004,9.88,1668.02
rice,Uttarakhand,Uttar Kashi,2005,11.48,1358.89
rice,Uttarakhand,Uttar Kashi,2006,10.27,1627.07
rice,Uttarakhand,Uttar Kashi,2007,11.91,1748.95
rice,Uttarakhand,Uttar Kashi,2008,11.6,1668.97
rice,Uttarakhand,Uttar Kashi,2009,10.8,1379.63
rice,Uttarakhand,Uttar Kashi,2010,10.4,1647.12
rice,Uttarakhand,Uttar Kashi,2011,10.62,1616.76
rice,Uttarakhand,Uttar Kashi,2012,9.92,1875.0
rice,Uttarakhand,Uttar Kashi,2013,9.01,1773.58
rice,Uttarakhand,Uttar Kashi,2014,9.92,1663.31
rice,Uttarakhand,Uttar Kashi,2015,10.74,1767.23
rice,Uttarakhand,Uttar Kashi,2016,10.11,1769.86
rice,Uttarakhand,Uttar Kashi,2017,10.25,1714.51
rice,Uttarakhand,Tehri Garhwal,2000,14.29,1743.18
rice,Uttarakhand,Tehri Garhwal,2001,12.75,1627.45
rice,Uttarakhand,Tehri Garhwal,2002,12.64,1204.9
rice,Uttarakhand,Tehri Garhwal,2003,13.84,1103.32
rice,Uttarakhand,Tehri Garhwal,2004,15.88,1488.04
rice,Uttarakhand,Tehri Garhwal,2005,13.82,1405.21
rice,Uttarakhand,Tehri Garhwal,2006,13.6,1451.47
rice,Uttarakhand,Tehri Garhwal,2007,15.74,1595.93
rice,Uttarakhand,Tehri Garhwal,2008,15.39,1636.78
rice,Uttarakhand,Tehri Garhwal,2009,13.64,1229.47
rice,Uttarakhand,Tehri Garhwal,2010,11.4,1461.4
rice,Uttarakhand,Tehri Garhwal,2011,12.38,1487.08
rice,Uttarakhand,Tehri Garhwal,2012,11.11,1441.04
rice,Uttarakhand,Tehri Garhwal,2013,11.35,1550.66
rice,Uttarakhand,Tehri Garhwal,2014,11.29,1682.02
rice,Uttarakhand,Tehri Garhwal,2015,11.63,1709.37
rice,Uttarakhand,Tehri Garhwal,2016,11.87,1571.21
rice,Uttarakhand,Tehri Garhwal,2017,10.41,1966.97
rice,Uttarakhand,Garhwal,2000,21.65,1072.98
rice,Uttarakhand,Garhwal,2001,22.63,1106.94
rice,Uttarakhand,Garhwal,2002,24.26,735.37
rice,Uttarakhand,Garhwal,2003,24.71,645.08
rice,Uttarakhand,Garhwal,2004,25.46,1139.43
rice,Uttarakhand,Garhwal,2005,36.19,1038.13
rice,Uttarakhand,Garhwal,2006,29.69,1024.59
rice,Uttarakhand,Garhwal,2007,24.28,941.1
rice,Uttarakhand,Garhwal,2008,20.0,1074.5
rice,Uttarakhand,Garhwal,2009,20.66,1074.54
rice,Uttarakhand,Garhwal,2010,17.18,1085.56
rice,Uttarakhand,Garhwal,2011,15.98,1153.94
rice,Uttarakhand,Garhwal,2012,15.53,1172.57
rice,Uttarakhand,Garhwal,2013,13.92,1286.64
rice,Uttarakhand,Garhwal,2014,14.57,1191.49
rice,Uttarakhand,Garhwal,2015,12.52,1338.66
rice,Uttarakhand,Garhwal,2016,10.85,1398.36
rice,Uttarakhand,Garhwal,2017,10.02,1384.61
rice,Uttarakhand,Dehradun,2000,13.79,1857.14
rice,Uttarakhand,Dehradun,2001,13.36,1826.35
rice,Uttarakhand,Dehradun,2002,13.11,1925.25
rice,Uttarakhand,Dehradun,2003,12.75,1984.31
rice,Uttarakhand,Dehradun,2004,14.24,2112.36
rice,Uttarakhand,Dehradun,2005,13.92,1855.6
rice,Uttarakhand,Dehradun,2006,14.18,2078.98
rice,Uttarakhand,Dehradun,2007,12.58,2142.29
rice,Uttarakhand,Dehradun,2008,11.62,2066.27
rice,Uttarakhand,Dehradun,2009,10.74,1910.61
rice,Uttarakhand,Dehradun,2010,11.19,1950.85
rice,Uttarakhand,Dehradun,2011,10.91,2115.49
rice,Uttarakhand,Dehradun,2012,11.05,2054.3
rice,Uttarakhand,Dehradun,2013,10.11,2130.56
rice,Uttarakhand,Dehradun,2014,9.18,1924.84
rice,Uttarakhand,Dehradun,2015,10.25,2159.02
rice,Uttarakhand,Dehradun,2016,10.19,2036.13
rice,Uttarakhand,Dehradun,2017,9.29,2105.25
rice,Himachal Pradesh,Bilashpur,2000,1.86,1500.0
rice,Himachal Pradesh,Bilashpur,2001,1.77,1350.28
rice,Himachal Pradesh,Bilashpur,2002,1.53,444.44
rice,Himachal Pradesh,Bilashpur,2003,1.65,1618.18
rice,Himachal Pradesh,Bilashpur,2004,1.5,1353.33
rice,Himachal Pradesh,Bilashpur,2005,1.42,1366.2
rice,Himachal Pradesh,Bilashpur,2006,1.48,2601.35
rice,Himachal Pradesh,Bilashpur,2007,2.12,2250.0
rice,Himachal Pradesh,Bilashpur,2008,1.56,2089.74
rice,Himachal Pradesh,Bilashpur,2009,1.52,1973.68
rice,Himachal Pradesh,Bilashpur,2010,1.51,2072.85
rice,Himachal Pradesh,Bilashpur,2011,1.5,2073.33
rice,Himachal Pradesh,Bilashpur,2012,1.5,2106.67
rice,Himachal Pradesh,Bilashpur,2013,1.46,2075.34
rice,Himachal Pradesh,Bilashpur,2014,1.44,2291.67
rice,Himachal Pradesh,Bilashpur,2015,1.43,2076.92
rice,Himachal Pradesh,Bilashpur,2016,1.41,2078.5
rice,Himachal Pradesh,Bilashpur,2017,1.43,2090.34
rice,Himachal Pradesh,Chamba,2000,2.59,1467.18
rice,Himachal Pradesh,Chamba,2001,2.8,1414.29
rice,Himachal Pradesh,Chamba,2002,2.81,1779.36
rice,Himachal Pradesh,Chamba,2003,2.71,1660.52
rice,Himachal Pradesh,Chamba,2004,2.76,1518.12
rice,Himachal Pradesh,Chamba,2005,2.77,1657.04
rice,Himachal Pradesh,Chamba,2006,2.73,1476.19
rice,Himachal Pradesh,Chamba,2007,2.71,1236.16
rice,Himachal Pradesh,Chamba,2008,2.67,1232.21
rice,Himachal Pradesh,Chamba,2009,2.65,1143.4
rice,Himachal Pradesh,Chamba,2010,2.62,1206.11
rice,Himachal Pradesh,Chamba,2011,2.61,1203.07
rice,Himachal Pradesh,Chamba,2012,2.62,1217.56
rice,Himachal Pradesh,Chamba,2013,2.54,1204.72
rice,Himachal Pradesh,Chamba,2014,2.52,1321.43
rice,Himachal Pradesh,Chamba,2015,2.49,1204.82
rice,Himachal Pradesh,Chamba,2016,2.46,1203.65
rice,Himachal Pradesh,Chamba,2017,2.49,1203.93
rice,Himachal Pradesh,Kangra,2000,43.34,1495.15
rice,Himachal Pradesh,Kangra,2001,43.04,1707.02
rice,Himachal Pradesh,Kangra,2002,44.51,930.8
rice,Himachal Pradesh,Kangra,2003,42.61,1492.14
rice,Himachal Pradesh,Kangra,2004,41.36,1320.36
rice,Himachal Pradesh,Kangra,2005,41.4,1388.65
rice,Himachal Pradesh,Kangra,2006,32.32,1908.73
rice,Himachal Pradesh,Kangra,2007,41.16,1501.46
rice,Himachal Pradesh,Kangra,2008,40.66,1544.02
rice,Himachal Pradesh,Kangra,2009,39.34,1460.35
rice,Himachal Pradesh,Kangra,2010,38.95,1537.1
rice,Himachal Pradesh,Kangra,2011,38.76,1536.89
rice,Himachal Pradesh,Kangra,2012,38.92,1552.67
rice,Himachal Pradesh,Kangra,2013,37.76,1537.61
rice,Himachal Pradesh,Kangra,2014,37.38,1690.74
rice,Himachal Pradesh,Kangra,2015,36.98,1537.05
rice,Himachal Pradesh,Kangra,2016,36.59,1537.13
rice,Himachal Pradesh,Kangra,2017,36.98,1539.86
rice,Himachal Pradesh,Kullu,2000,1.51,1516.56
rice,Himachal Pradesh,Kullu,2001,1.62,1493.83
rice,Himachal Pradesh,Kullu,2002,1.72,1616.28
rice,Himachal Pradesh,Kullu,2003,1.56,1314.1
rice,Himachal Pradesh,Kullu,2004,1.55,1658.06
rice,Himachal Pradesh,Kullu,2005,1.51,960.26
rice,Himachal Pradesh,Kullu,2006,1.48,1304.05
rice,Himachal Pradesh,Kullu,2007,1.47,1346.94
rice,Himachal Pradesh,Kullu,2008,1.44,1368.06
rice,Himachal Pradesh,Kullu,2009,1.43,1244.76
rice,Himachal Pradesh,Kullu,2010,1.42,1302.82
rice,Himachal Pradesh,Kullu,2011,1.41,1304.96
rice,Himachal Pradesh,Kullu,2012,1.42,1316.9
rice,Himachal Pradesh,Kullu,2013,1.37,1313.87
rice,Himachal Pradesh,Kullu,2014,1.36,1441.18
rice,Himachal Pradesh,Kullu,2015,1.34,1313.43
rice,Himachal Pradesh,Kullu,2016,1.33,1307.52
rice,Himachal Pradesh,Kullu,2017,1.34,1308.04
rice,Himachal Pradesh,Solan,2000,3.55,2115.49
rice,Himachal Pradesh,Solan,2001,3.31,1861.03
rice,Himachal Pradesh,Solan,2002,3.38,1591.72
rice,Himachal Pradesh,Solan,2003,5.36,1468.28
rice,Himachal Pradesh,Solan,2004,4.74,2194.09
rice,Himachal Pradesh,Solan,2005,4.72,1754.24
rice,Himachal Pradesh,Solan,2006,4.63,2369.33
rice,Himachal Pradesh,Solan,2007,4.35,2328.74
rice,Himachal Pradesh,Solan,2008,4.26,2481.22
rice,Himachal Pradesh,Solan,2009,4.15,2395.18
rice,Himachal Pradesh,Solan,2010,4.11,2520.68
rice,Himachal Pradesh,Solan,2011,4.09,2520.78
rice,Himachal Pradesh,Solan,2012,4.11,2545.01
rice,Himachal Pradesh,Solan,2013,3.98,2525.13
rice,Himachal Pradesh,Solan,2014,3.94,2776.65
rice,Himachal Pradesh,Solan,2015,3.9,2523.08
rice,Himachal Pradesh,Solan,2016,3.86,2521.24
rice,Himachal Pradesh,Solan,2017,3.9,2521.4
rice,Himachal Pradesh,Mandi,2000,20.08,1567.23
rice,Himachal Pradesh,Mandi,2001,19.76,1709.01
rice,Himachal Pradesh,Mandi,2002,20.94,1072.59
rice,Himachal Pradesh,Mandi,2003,19.79,1464.38
rice,Himachal Pradesh,Mandi,2004,20.09,1258.34
rice,Himachal Pradesh,Mandi,2005,20.28,1438.36
rice,Himachal Pradesh,Mandi,2006,19.57,1383.24
rice,Himachal Pradesh,Mandi,2007,19.47,1284.03
rice,Himachal Pradesh,Mandi,2008,20.17,1358.95
rice,Himachal Pradesh,Mandi,2009,20.16,1145.34
rice,Himachal Pradesh,Mandi,2010,19.96,1205.41
rice,Himachal Pradesh,Mandi,2011,19.86,1205.44
rice,Himachal Pradesh,Mandi,2012,19.95,1217.04
rice,Himachal Pradesh,Mandi,2013,19.35,1205.68
rice,Himachal Pradesh,Mandi,2014,19.15,1325.85
rice,Himachal Pradesh,Mandi,2015,18.95,1732.98
rice,Himachal Pradesh,Mandi,2016,18.75,1205.34
rice,Himachal Pradesh,Mandi,2017,18.95,1733.09
rice,Himachal Pradesh,Shimla,2000,2.58,918.6
rice,Himachal Pradesh,Shimla,2001,2.37,1257.38
rice,Himachal Pradesh,Shimla,2002,3.09,854.37
rice,Himachal Pradesh,Shimla,2003,2.26,977.88
rice,Himachal Pradesh,Shimla,2004,1.98,1070.71
rice,Himachal Pradesh,Shimla,2005,1.81,1088.4
rice,Himachal Pradesh,Shimla,2006,1.65,1145.45
rice,Himachal Pradesh,Shimla,2007,1.64,975.61
rice,Himachal Pradesh,Shimla,2008,1.21,1000.0
rice,Himachal Pradesh,Shimla,2009,1.21,867.77
rice,Himachal Pradesh,Shimla,2010,1.2,916.67
rice,Himachal Pradesh,Shimla,2011,1.19,915.97
rice,Himachal Pradesh,Shimla,2012,1.2,925.0
rice,Himachal Pradesh,Shimla,2013,1.16,922.41
rice,Himachal Pradesh,Shimla,2014,1.15,1008.7
rice,Himachal Pradesh,Shimla,2015,1.14,912.28
rice,Himachal Pradesh,Shimla,2016,1.12,917.26
rice,Himachal Pradesh,Shimla,2017,1.14,917.25
rice,Himachal Pradesh,Sirmaur,2000,5.97,1646.57
rice,Himachal Pradesh,Sirmaur,2001,5.89,1908.32
rice,Himachal Pradesh,Sirmaur,2002,4.8,1100.0
rice,Himachal Pradesh,Sirmaur,2003,5.38,1622.68
rice,Himachal Pradesh,Sirmaur,2004,5.51,1430.13
rice,Himachal Pradesh,Sirmaur,2005,5.44,1327.21
rice,Himachal Pradesh,Sirmaur,2006,5.33,2253.28
rice,Himachal Pradesh,Sirmaur,2007,5.63,2275.31
rice,Himachal Pradesh,Sirmaur,2008,5.73,1357.77
rice,Himachal Pradesh,Sirmaur,2009,5.71,1124.34
rice,Himachal Pradesh,Sirmaur,2010,5.65,1184.07
rice,Himachal Pradesh,Sirmaur,2011,5.62,1000.0
rice,Himachal Pradesh,Sirmaur,2012,5.65,1194.69
rice,Himachal Pradesh,Sirmaur,2013,5.48,1184.31
rice,Himachal Pradesh,Sirmaur,2014,5.43,1300.18
rice,Himachal Pradesh,Sirmaur,2015,5.37,1182.5
rice,Himachal Pradesh,Sirmaur,2016,5.31,1183.99
rice,Himachal Pradesh,Sirmaur,2017,5.37,1183.9
rice,Kerala,Alappuzha,2000,37.74,2743.51
rice,Kerala,Alappuzha,2001,33.11,2198.73
rice,Kerala,Alappuzha,2002,29.64,3089.07
rice,Kerala,Alappuzha,2003,32.08,1964.15
rice,Kerala,Alappuzha,2004,32.16,2440.61
rice,Kerala,Alappuzha,2005,28.77,2493.92
rice,Kerala,Alappuzha,2006,31.06,2902.77
rice,Kerala,Alappuzha,2007,33.34,1867.73
rice,Kerala,Alappuzha,2008,34.14,3053.6
rice,Kerala,Alappuzha,2009,33.44,2930.02
rice,Kerala,Alappuzha,2010,37.06,2464.38
rice,Kerala,Alappuzha,2011,36.25,3089.1
rice,Kerala,Alappuzha,2012,36.2,2889.23
rice,Kerala,Alappuzha,2013,37.4,2857.49
rice,Kerala,Alappuzha,2014,34.42,2995.35
rice,Kerala,Alappuzha,2015,31.72,2816.52
rice,Kerala,Alappuzha,2016,32.45,3156.53
rice,Kerala,Alappuzha,2017,36.33,2909.18
rice,Kerala,Kannur,2000,26.22,1908.33
rice,Kerala,Kannur,2001,22.92,2023.39
rice,Kerala,Kannur,2002,23.09,2055.05
rice,Kerala,Kannur,2003,20.06,2039.13
rice,Kerala,Kannur,2004,18.76,2130.73
rice,Kerala,Kannur,2005,19.29,2132.95
rice,Kerala,Kannur,2006,18.32,2201.0
rice,Kerala,Kannur,2007,16.75,2169.67
rice,Kerala,Kannur,2008,17.12,2136.62
rice,Kerala,Kannur,2009,16.09,2160.18
rice,Kerala,Kannur,2010,14.39,2290.77
rice,Kerala,Kannur,2011,12.76,2272.19
rice,Kerala,Kannur,2012,13.79,2337.18
rice,Kerala,Kannur,2013,13.33,2367.13
rice,Kerala,Kannur,2014,11.04,2397.51
rice,Kerala,Kannur,2015,12.55,2263.13
rice,Kerala,Kannur,2016,10.16,2372.41
rice,Kerala,Kannur,2017,10.07,2367.44
rice,Kerala,Eranakulam,2000,38.12,1754.49
rice,Kerala,Eranakulam,2001,33.79,1831.01
rice,Kerala,Eranakulam,2002,32.83,1907.03
rice,Kerala,Eranakulam,2003,30.15,1842.57
rice,Kerala,Eranakulam,2004,28.78,1947.47
rice,Kerala,Eranakulam,2005,25.52,1941.13
rice,Kerala,Eranakulam,2006,22.48,2024.92
rice,Kerala,Eranakulam,2007,12.78,2003.6
rice,Kerala,Eranakulam,2008,13.39,2016.43
rice,Kerala,Eranakulam,2009,11.26,1976.55
rice,Kerala,Eranakulam,2010,9.38,2000.0
rice,Kerala,Eranakulam,2011,7.98,2154.6
rice,Kerala,Eranakulam,2012,4.18,2194.92
rice,Kerala,Eranakulam,2013,4.18,2252.51
rice,Kerala,Eranakulam,2014,4.78,2161.09
rice,Kerala,Eranakulam,2015,6.13,2136.1
rice,Kerala,Eranakulam,2016,4.87,2263.54
rice,Kerala,Eranakulam,2017,5.58,2392.29
rice,Kerala,Kottayam,2000,19.46,2537.62
rice,Kerala,Kottayam,2001,18.76,2304.34
rice,Kerala,Kottayam,2002,15.29,2467.7
rice,Kerala,Kottayam,2003,14.08,2287.99
rice,Kerala,Kottayam,2004,15.7,2485.6
rice,Kerala,Kottayam,2005,14.9,2500.0
rice,Kerala,Kottayam,2006,16.11,2579.0
rice,Kerala,Kottayam,2007,12.72,2609.5
rice,Kerala,Kottayam,2008,12.65,2889.61
rice,Kerala,Kottayam,2009,17.33,2556.94
rice,Kerala,Kottayam,2010,16.24,2756.96
rice,Kerala,Kottayam,2011,22.42,2948.17
rice,Kerala,Kottayam,2012,18.51,2893.16
rice,Kerala,Kottayam,2013,16.28,3204.94
rice,Kerala,Kottayam,2014,17.86,2846.02
rice,Kerala,Kottayam,2015,16.98,3019.08
rice,Kerala,Kottayam,2016,17.77,2775.98
rice,Kerala,Kottayam,2017,18.09,2838.85
rice,Kerala,Kozhikode,2000,16.47,1880.6
rice,Kerala,Kozhikode,2001,14.74,1975.16
rice,Kerala,Kozhikode,2002,13.51,2033.96
rice,Kerala,Kozhikode,2003,13.19,1971.57
rice,Kerala,Kozhikode,2004,11.97,2145.16
rice,Kerala,Kozhikode,2005,12.16,2033.31
rice,Kerala,Kozhikode,2006,11.97,2172.73
rice,Kerala,Kozhikode,2007,11.85,2186.33
rice,Kerala,Kozhikode,2008,12.31,2239.75
rice,Kerala,Kozhikode,2009,11.71,2203.48
rice,Kerala,Kozhikode,2010,10.16,2155.16
rice,Kerala,Kozhikode,2011,8.76,2230.21
rice,Kerala,Kozhikode,2012,10.14,2318.58
rice,Kerala,Kozhikode,2013,9.87,2409.93
rice,Kerala,Kozhikode,2014,8.6,2369.95
rice,Kerala,Kozhikode,2015,8.84,2147.88
rice,Kerala,Kozhikode,2016,7.06,2312.37
rice,Kerala,Kozhikode,2017,7.73,2339.6
rice,Kerala,Malappuram,2000,23.15,1892.01
rice,Kerala,Malappuram,2001,22.65,1945.25
rice,Kerala,Malappuram,2002,19.68,1980.69
rice,Kerala,Malappuram,2003,17.67,2079.23
rice,Kerala,Malappuram,2004,16.75,2181.49
rice,Kerala,Malappuram,2005,14.89,2107.45
rice,Kerala,Malappuram,2006,15.11,2191.93
rice,Kerala,Malappuram,2007,9.5,2289.47
rice,Kerala,Malappuram,2008,11.01,2113.53
rice,Kerala,Malappuram,2009,8.84,2250.0
rice,Kerala,Malappuram,2010,8.95,2354.19
rice,Kerala,Malappuram,2011,7.53,2467.46
rice,Kerala,Malappuram,2012,6.67,2305.85
rice,Kerala,Malappuram,2013,7.55,2610.6
rice,Kerala,Malappuram,2014,8.4,2652.38
rice,Kerala,Malappuram,2015,8.69,2721.52
rice,Kerala,Malappuram,2016,7.14,2410.5
rice,Kerala,Malappuram,2017,7.79,3025.8
rice,Kerala,Palakkad,2000,118.7,2208.68
rice,Kerala,Palakkad,2001,115.9,2323.55
rice,Kerala,Palakkad,2002,115.91,2104.48
rice,Kerala,Palakkad,2003,105.13,1801.96
rice,Kerala,Palakkad,2004,111.03,2342.79
rice,Kerala,Palakkad,2005,113.92,2340.5
rice,Kerala,Palakkad,2006,109.21,2473.22
rice,Kerala,Palakkad,2007,99.17,2462.84
rice,Kerala,Palakkad,2008,96.19,2496.52
rice,Kerala,Palakkad,2009,100.52,2648.53
rice,Kerala,Palakkad,2010,87.51,2492.97
rice,Kerala,Palakkad,2011,84.0,2671.55
rice,Kerala,Palakkad,2012,79.2,2389.27
rice,Kerala,Palakkad,2013,82.9,2871.77
rice,Kerala,Palakkad,2014,82.91,2851.28
rice,Kerala,Palakkad,2015,81.12,2816.32
rice,Kerala,Palakkad,2016,65.51,2202.23
rice,Kerala,Palakkad,2017,75.28,2638.64
rice,Kerala,Kollam,2000,21.22,2260.6
rice,Kerala,Kollam,2001,16.68,2265.59
rice,Kerala,Kollam,2002,16.89,2233.27
rice,Kerala,Kollam,2003,15.45,2269.26
rice,Kerala,Kollam,2004,13.29,2364.94
rice,Kerala,Kollam,2005,10.51,2243.58
rice,Kerala,Kollam,2006,8.12,2423.65
rice,Kerala,Kollam,2007,5.54,2277.98
rice,Kerala,Kollam,2008,6.54,2399.08
rice,Kerala,Kollam,2009,6.45,2432.56
rice,Kerala,Kollam,2010,6.33,2178.52
rice,Kerala,Kollam,2011,4.9,2808.16
rice,Kerala,Kollam,2012,3.67,2444.14
rice,Kerala,Kollam,2013,3.83,2814.62
rice,Kerala,Kollam,2014,3.92,2734.69
rice,Kerala,Kollam,2015,4.09,2872.86
rice,Kerala,Kollam,2016,3.94,2849.57
rice,Kerala,Kollam,2017,5.01,2623.75
rice,Kerala,Thrissur,2000,39.38,2085.07
rice,Kerala,Thrissur,2001,37.01,2277.22
rice,Kerala,Thrissur,2002,37.27,2341.56
rice,Kerala,Thrissur,2003,34.16,2337.24
rice,Kerala,Thrissur,2004,36.35,2406.05
rice,Kerala,Thrissur,2005,31.07,2347.92
rice,Kerala,Thrissur,2006,27.31,2381.55
rice,Kerala,Thrissur,2007,24.42,2431.61
rice,Kerala,Thrissur,2008,27.93,2574.65
rice,Kerala,Thrissur,2009,25.44,2509.83
rice,Kerala,Thrissur,2010,20.26,2619.94
rice,Kerala,Thrissur,2011,21.17,2943.79
rice,Kerala,Thrissur,2012,23.1,2925.11
rice,Kerala,Thrissur,2013,22.27,2992.82
rice,Kerala,Thrissur,2014,24.15,3147.83
rice,Kerala,Thrissur,2015,24.63,3203.0
rice,Kerala,Thrissur,2016,21.1,2724.08
rice,Kerala,Thrissur,2017,21.48,3217.9
rice,Kerala,Thiruvananthapuram,2000,7.0,2067.14
rice,Kerala,Thiruvananthapuram,2001,6.81,2157.12
rice,Kerala,Thiruvananthapuram,2002,6.42,2199.38
rice,Kerala,Thiruvananthapuram,2003,5.37,2100.56
rice,Kerala,Thiruvananthapuram,2004,5.2,2376.92
rice,Kerala,Thiruvananthapuram,2005,4.71,2341.83
rice,Kerala,Thiruvananthapuram,2006,3.85,2618.18
rice,Kerala,Thiruvananthapuram,2007,2.87,2501.74
rice,Kerala,Thiruvananthapuram,2008,3.0,2423.33
rice,Kerala,Thiruvananthapuram,2009,2.94,2571.43
rice,Kerala,Thiruvananthapuram,2010,2.92,2369.86
rice,Kerala,Thiruvananthapuram,2011,2.4,2558.33
rice,Kerala,Thiruvananthapuram,2012,1.82,2252.75
rice,Kerala,Thiruvananthapuram,2013,2.0,2665.0
rice,Kerala,Thiruvananthapuram,2014,2.09,2660.29
rice,Kerala,Thiruvananthapuram,2015,2.12,2570.75
rice,Kerala,Thiruvananthapuram,2016,1.39,2204.74
rice,Kerala,Thiruvananthapuram,2017,1.74,2620.03
rice,Orissa,Balasore,2000,417.55,1522.38
rice,Orissa,Balasore,2001,402.49,1821.96
rice,Orissa,Balasore,2002,374.5,1071.24
rice,Orissa,Balasore,2003,406.18,1664.98
rice,Orissa,Balasore,2004,418.51,1867.48
rice,Orissa,Balasore,2005,424.33,1700.89
rice,Orissa,Balasore,2006,421.8,1580.63
rice,Orissa,Balasore,2007,417.92,1690.87
rice,Orissa,Balasore,2008,424.95,1637.91
rice,Orissa,Balasore,2009,413.34,1730.42
rice,Orissa,Balasore,2010,397.78,1852.93
rice,Orissa,Balasore,2011,409.65,1943.34
rice,Orissa,Balasore,2012,374.12,1924.04
rice,Orissa,Balasore,2013,394.7,1340.97
rice,Orissa,Balasore,2014,382.85,1918.27
rice,Orissa,Balasore,2015,383.52,2042.92
rice,Orissa,Balasore,2016,377.78,2916.14
rice,Orissa,Balasore,2017,370.15,2163.91
rice,Orissa,Bolangir,2000,318.18,664.72
rice,Orissa,Bolangir,2001,324.35,1655.4
rice,Orissa,Bolangir,2002,332.24,566.79
rice,Orissa,Bolangir,2003,341.96,1438.0
rice,Orissa,Bolangir,2004,349.87,1303.14
rice,Orissa,Bolangir,2005,348.16,1612.62
rice,Orissa,Bolangir,2006,347.72,1724.58
rice,Orissa,Bolangir,2007,342.2,1899.15
rice,Orissa,Bolangir,2008,340.48,1640.07
rice,Orissa,Bolangir,2009,348.35,1845.64
rice,Orissa,Bolangir,2010,340.57,2105.38
rice,Orissa,Bolangir,2011,306.31,1191.28
rice,Orissa,Bolangir,2012,330.84,3606.49
rice,Orissa,Bolangir,2013,340.9,3142.45
rice,Orissa,Bolangir,2014,334.45,3208.79
rice,Orissa,Bolangir,2015,323.73,1579.68
rice,Orissa,Bolangir,2016,332.24,2658.38
rice,Orissa,Bolangir,2017,284.7,1490.83
rice,Orissa,Cuttack,2000,528.38,1067.87
rice,Orissa,Cuttack,2001,478.8,1595.86
rice,Orissa,Cuttack,2002,498.63,989.87
rice,Orissa,Cuttack,2003,507.63,1235.23
rice,Orissa,Cuttack,2004,520.84,1616.91
rice,Orissa,Cuttack,2005,521.6,1836.85
rice,Orissa,Cuttack,2006,498.99,1364.02
rice,Orissa,Cuttack,2007,515.08,1590.53
rice,Orissa,Cuttack,2008,506.07,1544.19
rice,Orissa,Cuttack,2009,510.24,1889.68
rice,Orissa,Cuttack,2010,484.39,1514.3
rice,Orissa,Cuttack,2011,476.08,1691.63
rice,Orissa,Cuttack,2012,468.8,2296.67
rice,Orissa,Cuttack,2013,462.49,1362.88
rice,Orissa,Cuttack,2014,461.62,1971.56
rice,Orissa,Cuttack,2015,431.39,1870.0
rice,Orissa,Cuttack,2016,437.4,2867.56
rice,Orissa,Cuttack,2017,417.2,1698.59
rice,Orissa,Dhenkanal,2000,237.75,503.47
rice,Orissa,Dhenkanal,2001,237.83,1752.3
rice,Orissa,Dhenkanal,2002,218.35,440.39
rice,Orissa,Dhenkanal,2003,225.16,1668.5
rice,Orissa,Dhenkanal,2004,240.01,1319.28
rice,Orissa,Dhenkanal,2005,236.04,1725.72
rice,Orissa,Dhenkanal,2006,226.45,1408.17
rice,Orissa,Dhenkanal,2007,222.08,1410.57
rice,Orissa,Dhenkanal,2008,210.97,1514.1
rice,Orissa,Dhenkanal,2009,214.47,1288.67
rice,Orissa,Dhenkanal,2010,176.24,1009.99
rice,Orissa,Dhenkanal,2011,172.26,1591.78
rice,Orissa,Dhenkanal,2012,167.9,2395.65
rice,Orissa,Dhenkanal,2013,171.29,2327.28
rice,Orissa,Dhenkanal,2014,188.9,2916.2
rice,Orissa,Dhenkanal,2015,165.51,1208.02
rice,Orissa,Dhenkanal,2016,154.21,2592.24
rice,Orissa,Dhenkanal,2017,154.31,1369.39
rice,Orissa,Ganjam,2000,313.56,1276.15
rice,Orissa,Ganjam,2001,330.96,2130.62
rice,Orissa,Ganjam,2002,287.23,885.01
rice,Orissa,Ganjam,2003,329.64,1536.68
rice,Orissa,Ganjam,2004,295.64,1510.08
rice,Orissa,Ganjam,2005,281.19,1395.0
rice,Orissa,Ganjam,2006,313.5,2069.95
rice,Orissa,Ganjam,2007,312.21,2229.43
rice,Orissa,Ganjam,2008,311.94,1661.09
rice,Orissa,Ganjam,2009,311.55,1991.33
rice,Orissa,Ganjam,2010,312.26,1648.88
rice,Orissa,Ganjam,2011,298.38,647.8
rice,Orissa,Ganjam,2012,289.29,1817.69
rice,Orissa,Ganjam,2013,289.88,435.28
rice,Orissa,Ganjam,2014,301.93,2558.54
rice,Orissa,Ganjam,2015,279.06,1797.21
rice,Orissa,Ganjam,2016,285.92,2797.11
rice,Orissa,Ganjam,2017,243.24,1656.14
rice,Orissa,Kalahandi,2000,371.39,1006.57
rice,Orissa,Kalahandi,2001,372.4,1342.05
rice,Orissa,Kalahandi,2002,349.94,381.21
rice,Orissa,Kalahandi,2003,380.48,1293.45
rice,Orissa,Kalahandi,2004,372.84,1023.5
rice,Orissa,Kalahandi,2005,395.23,1052.93
rice,Orissa,Kalahandi,2006,371.38,1115.27
rice,Orissa,Kalahandi,2007,382.34,1472.93
rice,Orissa,Kalahandi,2008,373.8,1339.57
rice,Orissa,Kalahandi,2009,380.23,1451.25
rice,Orissa,Kalahandi,2010,380.47,2206.8
rice,Orissa,Kalahandi,2011,313.1,911.05
rice,Orissa,Kalahandi,2012,355.5,2422.08
rice,Orissa,Kalahandi,2013,353.28,2351.93
rice,Orissa,Kalahandi,2014,328.61,2270.75
rice,Orissa,Kalahandi,2015,291.63,1032.03
rice,Orissa,Kalahandi,2016,318.39,2097.46
rice,Orissa,Kalahandi,2017,288.76,1695.35
rice,Orissa,Keonjhar,2000,201.5,1044.02
rice,Orissa,Keonjhar,2001,212.33,1329.91
rice,Orissa,Keonjhar,2002,212.4,510.45
rice,Orissa,Keonjhar,2003,221.34,1543.46
rice,Orissa,Keonjhar,2004,205.64,1347.94
rice,Orissa,Keonjhar,2005,201.07,1426.47
rice,Orissa,Keonjhar,2006,191.92,1380.42
rice,Orissa,Keonjhar,2007,206.74,1649.51
rice,Orissa,Keonjhar,2008,207.16,1341.96
rice,Orissa,Keonjhar,2009,195.51,1443.25
rice,Orissa,Keonjhar,2010,181.57,1073.8
rice,Orissa,Keonjhar,2011,171.46,1713.11
rice,Orissa,Keonjhar,2012,170.65,1664.17
rice,Orissa,Keonjhar,2013,175.37,1554.71
rice,Orissa,Keonjhar,2014,175.8,2347.84
rice,Orissa,Keonjhar,2015,182.9,1131.66
rice,Orissa,Keonjhar,2016,192.84,2189.64
rice,Orissa,Keonjhar,2017,188.36,2097.26
rice,Orissa,Koraput,2000,467.32,1149.98
rice,Orissa,Koraput,2001,470.69,1333.09
rice,Orissa,Koraput,2002,429.82,742.54
rice,Orissa,Koraput,2003,434.5,1580.97
rice,Orissa,Koraput,2004,459.67,1454.78
rice,Orissa,Koraput,2005,452.27,1407.01
rice,Orissa,Koraput,2006,448.8,1510.09
rice,Orissa,Koraput,2007,443.85,1700.21
rice,Orissa,Koraput,2008,446.7,1386.88
rice,Orissa,Koraput,2009,442.98,1394.71
rice,Orissa,Koraput,2010,439.01,1990.82
rice,Orissa,Koraput,2011,411.18,973.66
rice,Orissa,Koraput,2012,417.65,2085.79
rice,Orissa,Koraput,2013,446.81,2505.29
rice,Orissa,Koraput,2014,449.92,2175.23
rice,Orissa,Koraput,2015,410.45,1484.05
rice,Orissa,Koraput,2016,429.65,2417.2
rice,Orissa,Koraput,2017,401.48,2236.97
rice,Orissa,Mayurbhanja,2000,336.52,1158.18
rice,Orissa,Mayurbhanja,2001,350.63,1534.98
rice,Orissa,Mayurbhanja,2002,313.22,815.02
rice,Orissa,Mayurbhanja,2003,340.87,1457.33
rice,Orissa,Mayurbhanja,2004,325.07,1506.51
rice,Orissa,Mayurbhanja,2005,316.33,1492.78
rice,Orissa,Mayurbhanja,2006,317.47,1579.46
rice,Orissa,Mayurbhanja,2007,344.8,1667.2
rice,Orissa,Mayurbhanja,2008,345.19,1571.86
rice,Orissa,Mayurbhanja,2009,328.62,1395.9
rice,Orissa,Mayurbhanja,2010,284.63,932.37
rice,Orissa,Mayurbhanja,2011,299.21,1883.86
rice,Orissa,Mayurbhanja,2012,287.33,1725.96
rice,Orissa,Mayurbhanja,2013,305.17,1390.08
rice,Orissa,Mayurbhanja,2014,315.96,2175.66
rice,Orissa,Mayurbhanja,2015,318.03,983.71
rice,Orissa,Mayurbhanja,2016,306.67,2357.97
rice,Orissa,Mayurbhanja,2017,324.09,2023.08
rice,Orissa,Phulbani ( Kandhamal ),2000,119.29,638.53
rice,Orissa,Phulbani ( Kandhamal ),2001,128.55,1360.79
rice,Orissa,Phulbani ( Kandhamal ),2002,119.77,595.39
rice,Orissa,Phulbani ( Kandhamal ),2003,130.12,1647.48
rice,Orissa,Phulbani ( Kandhamal ),2004,126.49,1374.02
rice,Orissa,Phulbani ( Kandhamal ),2005,123.99,1443.34
rice,Orissa,Phulbani ( Kandhamal ),2006,126.21,1513.35
rice,Orissa,Phulbani ( Kandhamal ),2007,118.77,1535.32
rice,Orissa,Phulbani ( Kandhamal ),2008,124.81,1339.08
rice,Orissa,Phulbani ( Kandhamal ),2009,112.64,1643.47
rice,Orissa,Phulbani ( Kandhamal ),2010,117.54,1277.95
rice,Orissa,Phulbani ( Kandhamal ),2011,102.18,1176.26
rice,Orissa,Phulbani ( Kandhamal ),2012,112.62,2192.51
rice,Orissa,Phulbani ( Kandhamal ),2013,114.06,1700.68
rice,Orissa,Phulbani ( Kandhamal ),2014,105.24,2105.66
rice,Orissa,Phulbani ( Kandhamal ),2015,90.57,922.49
rice,Orissa,Phulbani ( Kandhamal ),2016,97.4,2552.46
rice,Orissa,Phulbani ( Kandhamal ),2017,89.04,1748.32
rice,Orissa,Puri,2000,360.31,1316.62
rice,Orissa,Puri,2001,375.93,1591.52
rice,Orissa,Puri,2002,359.11,672.91
rice,Orissa,Puri,2003,376.53,1350.38
rice,Orissa,Puri,2004,377.93,1507.1
rice,Orissa,Puri,2005,409.97,1605.09
rice,Orissa,Puri,2006,403.4,1484.13
rice,Orissa,Puri,2007,378.51,1639.22
rice,Orissa,Puri,2008,388.43,1293.49
rice,Orissa,Puri,2009,357.92,1719.24
rice,Orissa,Puri,2010,348.57,1701.87
rice,Orissa,Puri,2011,332.69,1306.47
rice,Orissa,Puri,2012,325.04,2335.22
rice,Orissa,Puri,2013,334.95,1088.46
rice,Orissa,Puri,2014,325.46,2127.82
rice,Orissa,Puri,2015,321.38,1535.53
rice,Orissa,Puri,2016,294.5,2556.26
rice,Orissa,Puri,2017,276.34,1567.27
rice,Orissa,Sambalpur,2000,539.51,924.86
rice,Orissa,Sambalpur,2001,568.21,1813.8
rice,Orissa,Sambalpur,2002,551.9,1100.69
rice,Orissa,Sambalpur,2003,564.79,1893.32
rice,Orissa,Sambalpur,2004,566.11,1572.11
rice,Orissa,Sambalpur,2005,556.55,1849.02
rice,Orissa,Sambalpur,2006,558.2,1949.77
rice,Orissa,Sambalpur,2007,550.88,2047.78
rice,Orissa,Sambalpur,2008,555.67,2036.28
rice,Orissa,Sambalpur,2009,543.07,1737.9
rice,Orissa,Sambalpur,2010,550.84,1802.83
rice,Orissa,Sambalpur,2011,518.7,1959.69
rice,Orissa,Sambalpur,2012,518.66,3059.04
rice,Orissa,Sambalpur,2013,580.29,2137.16
rice,Orissa,Sambalpur,2014,599.69,2614.65
rice,Orissa,Sambalpur,2015,548.69,1525.8
rice,Orissa,Sambalpur,2016,528.04,2178.15
rice,Orissa,Sambalpur,2017,529.76,1181.8
rice,Orissa,Sundargarh,2000,222.26,545.44
rice,Orissa,Sundargarh,2001,246.61,977.41
rice,Orissa,Sundargarh,2002,226.44,324.5
rice,Orissa,Sundargarh,2003,241.91,1020.38
rice,Orissa,Sundargarh,2004,233.31,1046.55
rice,Orissa,Sundargarh,2005,212.53,1150.33
rice,Orissa,Sundargarh,2006,224.48,1233.74
rice,Orissa,Sundargarh,2007,216.38,1410.3
rice,Orissa,Sundargarh,2008,218.44,1375.94
rice,Orissa,Sundargarh,2009,206.16,719.39
rice,Orissa,Sundargarh,2010,211.82,661.98
rice,Orissa,Sundargarh,2011,193.34,1793.94
rice,Orissa,Sundargarh,2012,204.43,2320.75
rice,Orissa,Sundargarh,2013,211.03,1951.71
rice,Orissa,Sundargarh,2014,195.83,2535.06
rice,Orissa,Sundargarh,2015,194.65,1172.1
rice,Orissa,Sundargarh,2016,207.74,1696.16
rice,Orissa,Sundargarh,2017,198.96,1759.0
rice,West Bengal,24 Parganas,2000,699.81,2154.71
rice,West Bengal,24 Parganas,2001,761.14,2442.47
rice,West Bengal,24 Parganas,2002,721.17,2346.63
rice,West Bengal,24 Parganas,2003,714.91,2337.65
rice,West Bengal,24 Parganas,2004,662.51,2413.35
rice,West Bengal,24 Parganas,2005,673.08,2321.67
rice,West Bengal,24 Parganas,2006,693.07,2362.06
rice,West Bengal,24 Parganas,2007,666.1,2314.07
rice,West Bengal,24 Parganas,2008,690.5,2399.57
rice,West Bengal,24 Parganas,2009,619.1,2364.4
rice,West Bengal,24 Parganas,2010,595.7,2455.78
rice,West Bengal,24 Parganas,2011,610.43,2458.3
rice,West Bengal,24 Parganas,2012,595.84,2607.24
rice,West Bengal,24 Parganas,2013,612.93,2706.36
rice,West Bengal,24 Parganas,2014,620.48,2743.84
rice,West Bengal,24 Parganas,2015,622.27,2574.86
rice,West Bengal,24 Parganas,2016,582.01,2670.56
rice,West Bengal,24 Parganas,2017,606.14,2789.27
rice,West Bengal,Nadia,2000,229.19,2836.07
rice,West Bengal,Nadia,2001,341.64,2806.26
rice,West Bengal,Nadia,2002,341.73,2923.54
rice,West Bengal,Nadia,2003,309.68,2712.77
rice,West Bengal,Nadia,2004,286.13,2668.96
rice,West Bengal,Nadia,2005,265.41,2759.65
rice,West Bengal,Nadia,2006,250.31,2707.44
rice,West Bengal,Nadia,2007,240.7,2837.56
rice,West Bengal,Nadia,2008,277.2,2884.2
rice,West Bengal,Nadia,2009,238.8,2784.34
rice,West Bengal,Nadia,2010,235.74,2759.27
rice,West Bengal,Nadia,2011,252.14,2952.68
rice,West Bengal,Nadia,2012,232.86,2869.96
rice,West Bengal,Nadia,2013,239.03,3072.5
rice,West Bengal,Nadia,2014,242.85,3215.4
rice,West Bengal,Nadia,2015,237.13,3133.6
rice,West Bengal,Nadia,2016,226.16,3245.22
rice,West Bengal,Nadia,2017,242.66,3314.53
rice,West Bengal,Murshidabad,2000,224.12,2445.92
rice,West Bengal,Murshidabad,2001,395.06,2747.3
rice,West Bengal,Murshidabad,2002,406.72,2637.69
rice,West Bengal,Murshidabad,2003,403.46,2760.1
rice,West Bengal,Murshidabad,2004,410.7,2908.25
rice,West Bengal,Murshidabad,2005,404.26,2942.64
rice,West Bengal,Murshidabad,2006,395.07,2608.9
rice,West Bengal,Murshidabad,2007,398.4,2867.47
rice,West Bengal,Murshidabad,2008,399.5,2812.77
rice,West Bengal,Murshidabad,2009,373.1,2788.53
rice,West Bengal,Murshidabad,2010,304.18,2832.96
rice,West Bengal,Murshidabad,2011,351.02,2727.22
rice,West Bengal,Murshidabad,2012,352.39,2763.13
rice,West Bengal,Murshidabad,2013,350.73,3183.93
rice,West Bengal,Murshidabad,2014,367.46,3239.78
rice,West Bengal,Murshidabad,2015,383.0,3282.64
rice,West Bengal,Murshidabad,2016,375.29,3292.58
rice,West Bengal,Murshidabad,2017,367.54,3205.58
rice,West Bengal,Burdwan,2000,582.65,2696.99
rice,West Bengal,Burdwan,2001,660.09,2924.78
rice,West Bengal,Burdwan,2002,647.48,2982.9
rice,West Bengal,Burdwan,2003,655.53,3063.26
rice,West Bengal,Burdwan,2004,634.17,2984.89
rice,West Bengal,Burdwan,2005,639.01,3080.53
rice,West Bengal,Burdwan,2006,642.81,3059.99
rice,West Bengal,Burdwan,2007,635.8,2923.25
rice,West Bengal,Burdwan,2008,666.5,2815.0
rice,West Bengal,Burdwan,2009,672.5,3050.11
rice,West Bengal,Burdwan,2010,562.86,2959.78
rice,West Bengal,Burdwan,2011,592.8,2950.94
rice,West Bengal,Burdwan,2012,593.42,3239.63
rice,West Bengal,Burdwan,2013,604.19,3337.72
rice,West Bengal,Burdwan,2014,583.28,3250.63
rice,West Bengal,Burdwan,2015,578.47,3369.98
rice,West Bengal,Burdwan,2016,493.44,3069.16
rice,West Bengal,Burdwan,2017,520.61,3068.36
rice,West Bengal,Birbhum,2000,318.19,2503.22
rice,West Bengal,Birbhum,2001,394.13,2936.7
rice,West Bengal,Birbhum,2002,401.45,2856.02
rice,West Bengal,Birbhum,2003,376.29,2950.81
rice,West Bengal,Birbhum,2004,387.89,2804.92
rice,West Bengal,Birbhum,2005,368.55,3029.01
rice,West Bengal,Birbhum,2006,383.41,3128.35
rice,West Bengal,Birbhum,2007,394.0,3098.22
rice,West Bengal,Birbhum,2008,393.9,3077.94
rice,West Bengal,Birbhum,2009,357.6,2685.96
rice,West Bengal,Birbhum,2010,249.03,3003.45
rice,West Bengal,Birbhum,2011,386.88,2912.53
rice,West Bengal,Birbhum,2012,372.09,2913.89
rice,West Bengal,Birbhum,2013,384.61,3312.71
rice,West Bengal,Birbhum,2014,384.73,3279.91
rice,West Bengal,Birbhum,2015,399.51,3355.79
rice,West Bengal,Birbhum,2016,401.63,3259.3
rice,West Bengal,Birbhum,2017,423.81,3246.97
rice,West Bengal,Bankura,2000,395.57,2511.34
rice,West Bengal,Bankura,2001,436.47,2800.83
rice,West Bengal,Bankura,2002,320.42,2900.91
rice,West Bengal,Bankura,2003,320.48,2705.25
rice,West Bengal,Bankura,2004,346.83,2763.57
rice,West Bengal,Bankura,2005,386.94,2619.14
rice,West Bengal,Bankura,2006,406.9,2796.78
rice,West Bengal,Bankura,2007,416.8,2815.74
rice,West Bengal,Bankura,2008,371.1,2764.21
rice,West Bengal,Bankura,2009,377.3,2663.4
rice,West Bengal,Bankura,2010,198.02,2562.82
rice,West Bengal,Bankura,2011,376.99,2969.6
rice,West Bengal,Bankura,2012,376.29,2747.19
rice,West Bengal,Bankura,2013,377.61,2768.36
rice,West Bengal,Bankura,2014,356.09,2763.8
rice,West Bengal,Bankura,2015,360.61,2747.12
rice,West Bengal,Bankura,2016,376.63,2809.78
rice,West Bengal,Bankura,2017,384.61,2811.87
rice,West Bengal,Hooghly,2000,199.3,2527.35
rice,West Bengal,Hooghly,2001,311.06,2725.13
rice,West Bengal,Hooghly,2002,304.73,2556.07
rice,West Bengal,Hooghly,2003,298.22,2659.81
rice,West Bengal,Hooghly,2004,304.04,2820.58
rice,West Bengal,Hooghly,2005,310.32,2738.95
rice,West Bengal,Hooghly,2006,299.19,2830.38
rice,West Bengal,Hooghly,2007,301.8,2800.2
rice,West Bengal,Hooghly,2008,305.7,2866.54
rice,West Bengal,Hooghly,2009,299.9,2871.96
rice,West Bengal,Hooghly,2010,292.37,3092.52
rice,West Bengal,Hooghly,2011,277.2,2910.68
rice,West Bengal,Hooghly,2012,273.45,2900.13
rice,West Bengal,Hooghly,2013,286.05,2823.74
rice,West Bengal,Hooghly,2014,276.03,3115.78
rice,West Bengal,Hooghly,2015,277.62,3138.39
rice,West Bengal,Hooghly,2016,266.97,3135.59
rice,West Bengal,Hooghly,2017,260.37,3224.91
rice,West Bengal,Howrah,2000,113.27,1979.34
rice,West Bengal,Howrah,2001,122.65,2344.15
rice,West Bengal,Howrah,2002,131.24,2142.26
rice,West Bengal,Howrah,2003,141.42,2350.87
rice,West Bengal,Howrah,2004,132.98,2296.89
rice,West Bengal,Howrah,2005,125.55,2278.06
rice,West Bengal,Howrah,2006,116.84,2084.47
rice,West Bengal,Howrah,2007,117.8,2200.34
rice,West Bengal,Howrah,2008,115.3,1795.32
rice,West Bengal,Howrah,2009,114.0,1677.19
rice,West Bengal,Howrah,2010,115.47,2639.3
rice,West Bengal,Howrah,2011,107.05,2104.9
rice,West Bengal,Howrah,2012,111.21,2579.17
rice,West Bengal,Howrah,2013,108.64,2532.49
rice,West Bengal,Howrah,2014,117.36,2729.98
rice,West Bengal,Howrah,2015,112.82,1969.69
rice,West Bengal,Howrah,2016,115.79,2585.08
rice,West Bengal,Howrah,2017,110.38,2724.04
rice,West Bengal,Jalpaiguri,2000,260.85,1472.65
rice,West Bengal,Jalpaiguri,2001,256.13,1600.71
rice,West Bengal,Jalpaiguri,2002,275.18,1571.52
rice,West Bengal,Jalpaiguri,2003,240.23,1655.0
rice,West Bengal,Jalpaiguri,2004,250.08,1464.01
rice,West Bengal,Jalpaiguri,2005,248.53,1587.82
rice,West Bengal,Jalpaiguri,2006,229.68,1824.1
rice,West Bengal,Jalpaiguri,2007,236.1,1577.3
rice,West Bengal,Jalpaiguri,2008,235.5,1661.15
rice,West Bengal,Jalpaiguri,2009,227.5,1913.41
rice,West Bengal,Jalpaiguri,2010,224.11,2203.11
rice,West Bengal,Jalpaiguri,2011,224.62,2090.86
rice,West Bengal,Jalpaiguri,2012,228.12,2160.62
rice,West Bengal,Jalpaiguri,2013,229.65,2278.03
rice,West Bengal,Jalpaiguri,2014,230.54,2437.1
rice,West Bengal,Jalpaiguri,2015,220.26,2526.2
rice,West Bengal,Jalpaiguri,2016,210.97,2291.3
rice,West Bengal,Jalpaiguri,2017,214.23,2400.54
rice,West Bengal,Darjeeling,2000,34.14,1549.21
rice,West Bengal,Darjeeling,2001,36.01,1644.82
rice,West Bengal,Darjeeling,2002,36.65,1653.48
rice,West Bengal,Darjeeling,2003,35.34,1834.47
rice,West Bengal,Darjeeling,2004,34.95,1370.82
rice,West Bengal,Darjeeling,2005,34.52,1698.44
rice,West Bengal,Darjeeling,2006,31.43,1866.05
rice,West Bengal,Darjeeling,2007,32.2,1847.83
rice,West Bengal,Darjeeling,2008,32.5,2113.85
rice,West Bengal,Darjeeling,2009,32.3,2334.37
rice,West Bengal,Darjeeling,2010,32.26,2411.66
rice,West Bengal,Darjeeling,2011,32.29,2348.71
rice,West Bengal,Darjeeling,2012,32.42,2083.9
rice,West Bengal,Darjeeling,2013,32.16,2248.13
rice,West Bengal,Darjeeling,2014,32.56,2105.04
rice,West Bengal,Darjeeling,2015,32.59,2361.15
rice,West Bengal,Darjeeling,2016,27.3,2204.81
rice,West Bengal,Darjeeling,2017,28.27,2319.88
rice,West Bengal,Malda,2000,221.66,2359.79
rice,West Bengal,Malda,2001,213.35,2513.05
rice,West Bengal,Malda,2002,214.55,2544.77
rice,West Bengal,Malda,2003,208.62,2744.66
rice,West Bengal,Malda,2004,217.29,3044.59
rice,West Bengal,Malda,2005,218.61,2909.84
rice,West Bengal,Malda,2006,154.26,3050.89
rice,West Bengal,Malda,2007,147.3,3261.37
rice,West Bengal,Malda,2008,221.7,2962.56
rice,West Bengal,Malda,2009,216.8,2834.41
rice,West Bengal,Malda,2010,200.76,3140.47
rice,West Bengal,Malda,2011,204.93,2986.24
rice,West Bengal,Malda,2012,207.59,3105.01
rice,West Bengal,Malda,2013,198.77,3543.64
rice,West Bengal,Malda,2014,204.19,3465.25
rice,West Bengal,Malda,2015,206.35,3418.27
rice,West Bengal,Malda,2016,197.17,3401.3
rice,West Bengal,Malda,2017,213.93,2944.6
rice,West Bengal,Cooch Behar,2000,291.9,1772.11
rice,West Bengal,Cooch Behar,2001,279.19,1671.55
rice,West Bengal,Cooch Behar,2002,273.13,1675.54
rice,West Bengal,Cooch Behar,2003,276.23,1865.91
rice,West Bengal,Cooch Behar,2004,269.31,1756.9
rice,West Bengal,Cooch Behar,2005,280.49,1945.1
rice,West Bengal,Cooch Behar,2006,239.45,1861.72
rice,West Bengal,Cooch Behar,2007,293.5,1767.63
rice,West Bengal,Cooch Behar,2008,309.8,1615.24
rice,West Bengal,Cooch Behar,2009,274.0,2047.45
rice,West Bengal,Cooch Behar,2010,275.29,2386.1
rice,West Bengal,Cooch Behar,2011,273.28,2198.08
rice,West Bengal,Cooch Behar,2012,277.81,2412.66
rice,West Bengal,Cooch Behar,2013,273.13,2665.29
rice,West Bengal,Cooch Behar,2014,277.39,2595.98
rice,West Bengal,Cooch Behar,2015,270.15,2673.44
rice,West Bengal,Cooch Behar,2016,270.75,2606.44
rice,West Bengal,Cooch Behar,2017,273.05,2729.15
rice,West Bengal,Purulia,2000,262.19,1811.59
rice,West Bengal,Purulia,2001,294.72,2528.4
rice,West Bengal,Purulia,2002,230.25,2114.44
rice,West Bengal,Purulia,2003,294.58,2171.63
rice,West Bengal,Purulia,2004,289.66,2325.9
rice,West Bengal,Purulia,2005,266.98,1981.05
rice,West Bengal,Purulia,2006,280.56,2606.93
rice,West Bengal,Purulia,2007,313.7,2448.84
rice,West Bengal,Purulia,2008,301.0,2472.43
rice,West Bengal,Purulia,2009,265.7,2253.67
rice,West Bengal,Purulia,2010,152.9,1711.9
rice,West Bengal,Purulia,2011,270.59,2706.49
rice,West Bengal,Purulia,2012,289.14,2527.25
rice,West Bengal,Purulia,2013,302.88,2415.28
rice,West Bengal,Purulia,2014,279.72,2142.93
rice,West Bengal,Purulia,2015,272.13,1838.97
rice,West Bengal,Purulia,2016,276.82,2347.45
rice,West Bengal,Purulia,2017,273.17,2750.89
rice,West Bengal,Midnapur,2000,1108.55,2331.38
rice,West Bengal,Midnapur,2001,1076.59,2517.9
rice,West Bengal,Midnapur,2002,1044.86,2416.54
rice,West Bengal,Midnapur,2003,1073.68,2343.9
rice,West Bengal,Midnapur,2004,1071.5,2615.21
rice,West Bengal,Midnapur,2005,1068.9,2260.57
rice,West Bengal,Midnapur,2006,1122.84,2532.92
rice,West Bengal,Midnapur,2007,1046.6,2504.01
rice,West Bengal,Midnapur,2008,1125.7,2431.02
rice,West Bengal,Midnapur,2009,1114.7,2507.04
rice,West Bengal,Midnapur,2010,1066.2,2764.41
rice,West Bengal,Midnapur,2011,1055.4,2638.06
rice,West Bengal,Midnapur,2012,1093.5,2689.03
rice,West Bengal,Midnapur,2013,1105.54,2368.91
rice,West Bengal,Midnapur,2014,1154.23,2731.46
rice,West Bengal,Midnapur,2015,1136.11,2829.84
rice,West Bengal,Midnapur,2016,988.33,2886.39
rice,West Bengal,Midnapur,2017,970.95,3091.58
rice,West Bengal,West Dinajpur,2000,493.95,2218.77
rice,West Bengal,West Dinajpur,2001,490.86,1996.15
rice,West Bengal,West Dinajpur,2002,492.53,2130.02
rice,West Bengal,West Dinajpur,2003,507.96,2400.86
rice,West Bengal,West Dinajpur,2004,485.58,2473.04
rice,West Bengal,West Dinajpur,2005,491.79,2463.84
rice,West Bengal,West Dinajpur,2006,441.41,2347.32
rice,West Bengal,West Dinajpur,2007,479.0,2454.07
rice,West Bengal,West Dinajpur,2008,489.8,2371.58
rice,West Bengal,West Dinajpur,2009,446.8,2289.17
rice,West Bengal,West Dinajpur,2010,439.26,2768.66
rice,West Bengal,West Dinajpur,2011,418.08,2643.87
rice,West Bengal,West Dinajpur,2012,408.21,2656.7
rice,West Bengal,West Dinajpur,2013,407.78,2623.38
rice,West Bengal,West Dinajpur,2014,399.61,2804.31
rice,West Bengal,West Dinajpur,2015,414.94,2880.01
rice,West Bengal,West Dinajpur,2016,402.75,2834.93
rice,West Bengal,West Dinajpur,2017,417.97,2589.08
rice,Bihar,Champaran,2000,463.0,1591.79
rice,Bihar,Champaran,2001,449.0,1423.16
rice,Bihar,Champaran,2002,438.0,1543.38
rice,Bihar,Champaran,2003,408.04,1436.92
rice,Bihar,Champaran,2004,433.42,765.12
rice,Bihar,Champaran,2005,438.94,1116.83
rice,Bihar,Champaran,2006,460.08,920.93
rice,Bihar,Champaran,2007,496.08,595.17
rice,Bihar,Champaran,2008,459.26,1531.83
rice,Bihar,Champaran,2009,447.25,882.59
rice,Bihar,Champaran,2010,338.32,897.73
rice,Bihar,Champaran,2011,437.79,2058.82
rice,Bihar,Champaran,2012,421.99,2095.24
rice,Bihar,Champaran,2013,426.86,1593.73
rice,Bihar,Champaran,2014,423.39,2054.11
rice,Bihar,Champaran,2015,417.51,1361.43
rice,Bihar,Champaran,2016,417.65,2046.69
rice,Bihar,Champaran,2017,401.13,1600.53
rice,Bihar,Muzaffarpur,2000,301.0,1285.71
rice,Bihar,Muzaffarpur,2001,343.0,1247.81
rice,Bihar,Muzaffarpur,2002,340.0,1117.65
rice,Bihar,Muzaffarpur,2003,345.01,1021.59
rice,Bihar,Muzaffarpur,2004,308.05,343.74
rice,Bihar,Muzaffarpur,2005,278.5,663.16
rice,Bihar,Muzaffarpur,2006,315.16,692.98
rice,Bihar,Muzaffarpur,2007,342.41,304.31
rice,Bihar,Muzaffarpur,2008,318.34,1371.9
rice,Bihar,Muzaffarpur,2009,310.81,661.47
rice,Bihar,Muzaffarpur,2010,293.36,447.98
rice,Bihar,Muzaffarpur,2011,313.51,2079.3
rice,Bihar,Muzaffarpur,2012,294.93,2204.76
rice,Bihar,Muzaffarpur,2013,294.37,937.32
rice,Bihar,Muzaffarpur,2014,306.03,1985.46
rice,Bihar,Muzaffarpur,2015,277.12,934.25
rice,Bihar,Muzaffarpur,2016,282.12,1758.86
rice,Bihar,Muzaffarpur,2017,284.69,1649.7
rice,Bihar,Darbhanga,2000,372.0,1075.27
rice,Bihar,Darbhanga,2001,336.0,916.67
rice,Bihar,Darbhanga,2002,362.0,767.96
rice,Bihar,Darbhanga,2003,361.0,959.34
rice,Bihar,Darbhanga,2004,327.03,305.84
rice,Bihar,Darbhanga,2005,338.83,570.88
rice,Bihar,Darbhanga,2006,304.03,817.39
rice,Bihar,Darbhanga,2007,329.08,401.39
rice,Bihar,Darbhanga,2008,389.91,1276.73
rice,Bihar,Darbhanga,2009,368.42,1223.87
rice,Bihar,Darbhanga,2010,346.31,645.17
rice,Bihar,Darbhanga,2011,351.8,1791.44
rice,Bihar,Darbhanga,2012,330.56,1391.61
rice,Bihar,Darbhanga,2013,349.92,1141.92
rice,Bihar,Darbhanga,2014,376.24,1716.43
rice,Bihar,Darbhanga,2015,383.19,1278.79
rice,Bihar,Darbhanga,2016,373.9,1952.94
rice,Bihar,Darbhanga,2017,379.07,1692.79
rice,Bihar,Saharsa,2000,226.0,1309.73
rice,Bihar,Saharsa,2001,201.0,1049.75
rice,Bihar,Saharsa,2002,212.0,1117.92
rice,Bihar,Saharsa,2003,213.12,1276.79
rice,Bihar,Saharsa,2004,195.76,972.21
rice,Bihar,Saharsa,2005,195.85,1174.67
rice,Bihar,Saharsa,2006,189.8,1091.52
rice,Bihar,Saharsa,2007,190.8,1726.73
rice,Bihar,Saharsa,2008,138.17,1964.61
rice,Bihar,Saharsa,2009,198.66,1208.04
rice,Bihar,Saharsa,2010,182.75,1174.88
rice,Bihar,Saharsa,2011,196.4,1691.04
rice,Bihar,Saharsa,2012,198.09,1742.79
rice,Bihar,Saharsa,2013,195.88,1616.24
rice,Bihar,Saharsa,2014,202.4,1814.87
rice,Bihar,Saharsa,2015,178.44,1934.94
rice,Bihar,Saharsa,2016,183.32,1848.51
rice,Bihar,Saharsa,2017,168.85,1656.48
rice,Bihar,Purnea,2000,480.0,1239.58
rice,Bihar,Purnea,2001,459.0,1137.25
rice,Bihar,Purnea,2002,467.0,1167.02
rice,Bihar,Purnea,2003,472.22,1395.3
rice,Bihar,Purnea,2004,448.75,761.27
rice,Bihar,Purnea,2005,457.56,1012.79
rice,Bihar,Purnea,2006,451.75,1052.09
rice,Bihar,Purnea,2007,464.04,966.79
rice,Bihar,Purnea,2008,308.18,1029.43
rice,Bihar,Purnea,2009,440.39,1189.2
rice,Bihar,Purnea,2010,396.16,1251.24
rice,Bihar,Purnea,2011,419.45,2012.23
rice,Bihar,Purnea,2012,417.81,2309.35
rice,Bihar,Purnea,2013,414.1,2477.2
rice,Bihar,Purnea,2014,390.34,2553.49
rice,Bihar,Purnea,2015,390.64,1988.61
rice,Bihar,Purnea,2016,425.09,2150.19
rice,Bihar,Purnea,2017,400.4,1866.82
rice,Bihar,Saran,2000,291.0,1295.53
rice,Bihar,Saran,2001,285.0,1266.67
rice,Bihar,Saran,2002,287.0,1184.67
rice,Bihar,Saran,2003,275.09,1447.93
rice,Bihar,Saran,2004,284.34,1023.99
rice,Bihar,Saran,2005,289.76,943.13
rice,Bihar,Saran,2006,269.34,1247.83
rice,Bihar,Saran,2007,275.48,1117.54
rice,Bihar,Saran,2008,277.88,1311.18
rice,Bihar,Saran,2009,275.55,671.97
rice,Bihar,Saran,2010,247.47,1019.96
rice,Bihar,Saran,2011,271.39,1908.73
rice,Bihar,Saran,2012,261.69,2290.19
rice,Bihar,Saran,2013,253.72,1662.38
rice,Bihar,Saran,2014,249.96,2086.01
rice,Bihar,Saran,2015,243.95,1180.61
rice,Bihar,Saran,2016,249.96,1853.21
rice,Bihar,Saran,2017,236.63,1745.64
rice,Bihar,Patna,2000,224.0,1424.11
rice,Bihar,Patna,2001,193.0,1834.2
rice,Bihar,Patna,2002,201.0,1497.51
rice,Bihar,Patna,2003,200.05,1636.89
rice,Bihar,Patna,2004,170.32,355.04
rice,Bihar,Patna,2005,187.86,977.06
rice,Bihar,Patna,2006,183.87,2026.43
rice,Bihar,Patna,2007,176.25,971.01
rice,Bihar,Patna,2008,175.59,1463.3
rice,Bihar,Patna,2009,142.71,993.13
rice,Bihar,Patna,2010,116.1,1167.18
rice,Bihar,Patna,2011,186.6,2759.97
rice,Bihar,Patna,2012,171.92,2751.57
rice,Bihar,Patna,2013,106.13,2354.38
rice,Bihar,Patna,2014,147.61,2575.84
rice,Bihar,Patna,2015,170.18,2946.06
rice,Bihar,Patna,2016,176.45,3077.4
rice,Bihar,Patna,2017,191.89,3115.03
rice,Bihar,Mungair,2000,182.0,1186.81
rice,Bihar,Mungair,2001,163.0,1116.56
rice,Bihar,Mungair,2002,196.0,1209.18
rice,Bihar,Mungair,2003,188.93,1261.26
rice,Bihar,Mungair,2004,155.79,615.83
rice,Bihar,Mungair,2005,161.42,790.55
rice,Bihar,Mungair,2006,190.81,1845.08
rice,Bihar,Mungair,2007,206.84,1584.03
rice,Bihar,Mungair,2008,252.21,1994.65
rice,Bihar,Mungair,2009,173.72,828.4
rice,Bihar,Mungair,2010,128.49,450.77
rice,Bihar,Mungair,2011,176.23,1976.85
rice,Bihar,Mungair,2012,161.48,2232.54
rice,Bihar,Mungair,2013,157.75,1800.44
rice,Bihar,Mungair,2014,153.82,2513.0
rice,Bihar,Mungair,2015,177.81,2450.31
rice,Bihar,Mungair,2016,185.5,3036.5
rice,Bihar,Mungair,2017,192.94,2666.03
rice,Bihar,Bhagalpur,2000,168.0,1130.95
rice,Bihar,Bhagalpur,2001,149.0,1268.46
rice,Bihar,Bhagalpur,2002,149.0,1328.86
rice,Bihar,Bhagalpur,2003,145.62,1425.56
rice,Bihar,Bhagalpur,2004,113.53,1040.87
rice,Bihar,Bhagalpur,2005,144.78,1279.67
rice,Bihar,Bhagalpur,2006,147.63,2521.85
rice,Bihar,Bhagalpur,2007,83.47,1126.03
rice,Bihar,Bhagalpur,2008,48.02,504.37
rice,Bihar,Bhagalpur,2009,156.56,1690.41
rice,Bihar,Bhagalpur,2010,110.94,1707.05
rice,Bihar,Bhagalpur,2011,126.43,3731.08
rice,Bihar,Bhagalpur,2012,131.5,2725.25
rice,Bihar,Bhagalpur,2013,125.04,2727.85
rice,Bihar,Bhagalpur,2014,124.21,3377.02
rice,Bihar,Bhagalpur,2015,127.48,3094.68
rice,Bihar,Bhagalpur,2016,127.54,3119.4
rice,Bihar,Bhagalpur,2017,125.45,3520.68
rice,Jharkhand,Santhal Paragana / Dumka,2000,391.29,1646.68
rice,Jharkhand,Santhal Paragana / Dumka,2001,257.21,2152.44
rice,Jharkhand,Santhal Paragana / Dumka,2002,276.06,1984.71
rice,Jharkhand,Santhal Paragana / Dumka,2003,300.74,1679.99
rice,Jharkhand,Santhal Paragana / Dumka,2004,262.81,1894.3
rice,Jharkhand,Santhal Paragana / Dumka,2005,268.19,1134.76
rice,Jharkhand,Santhal Paragana / Dumka,2006,237.6,2153.79
rice,Jharkhand,Santhal Paragana / Dumka,2007,260.01,2031.65
rice,Jharkhand,Santhal Paragana / Dumka,2008,262.78,2035.5
rice,Jharkhand,Santhal Paragana / Dumka,2009,214.25,993.14
rice,Jharkhand,Santhal Paragana / Dumka,2010,194.39,1252.48
rice,Jharkhand,Santhal Paragana / Dumka,2011,201.41,2137.53
rice,Jharkhand,Santhal Paragana / Dumka,2012,228.54,1938.39
rice,Jharkhand,Santhal Paragana / Dumka,2013,215.71,1802.84
rice,Jharkhand,Santhal Paragana / Dumka,2014,234.67,1927.0
rice,Jharkhand,Santhal Paragana / Dumka,2015,244.19,1020.93
rice,Jharkhand,Santhal Paragana / Dumka,2016,265.27,2373.3
rice,Jharkhand,Santhal Paragana / Dumka,2017,351.0,2069.39
rice,Bihar,Shahabad (now part of Bhojpur district),2000,507.0,2396.45
rice,Bihar,Shahabad (now part of Bhojpur district),2001,492.0,2388.21
rice,Bihar,Shahabad (now part of Bhojpur district),2002,467.0,2334.05
rice,Bihar,Shahabad (now part of Bhojpur district),2003,479.99,2580.22
rice,Bihar,Shahabad (now part of Bhojpur district),2004,428.92,1533.27
rice,Bihar,Shahabad (now part of Bhojpur district),2005,467.29,2332.13
rice,Bihar,Shahabad (now part of Bhojpur district),2006,467.81,2549.9
rice,Bihar,Shahabad (now part of Bhojpur district),2007,494.67,2449.19
rice,Bihar,Shahabad (now part of Bhojpur district),2008,485.47,2517.09
rice,Bihar,Shahabad (now part of Bhojpur district),2009,436.82,1699.83
rice,Bihar,Shahabad (now part of Bhojpur district),2010,429.27,1793.84
rice,Bihar,Shahabad (now part of Bhojpur district),2011,460.7,3759.89
rice,Bihar,Shahabad (now part of Bhojpur district),2012,458.75,3764.19
rice,Bihar,Shahabad (now part of Bhojpur district),2013,493.8,3423.03
rice,Bihar,Shahabad (now part of Bhojpur district),2014,480.88,3367.97
rice,Bihar,Shahabad (now part of Bhojpur district),2015,477.68,3361.18
rice,Bihar,Shahabad (now part of Bhojpur district),2016,498.15,3008.38
rice,Bihar,Shahabad (now part of Bhojpur district),2017,492.74,3734.21
rice,Bihar,Gaya,2000,443.0,1607.22
rice,Bihar,Gaya,2001,482.0,1730.29
rice,Bihar,Gaya,2002,466.0,1723.18
rice,Bihar,Gaya,2003,488.94,1680.39
rice,Bihar,Gaya,2004,274.2,653.9
rice,Bihar,Gaya,2005,290.47,991.43
rice,Bihar,Gaya,2006,383.76,2160.2
rice,Bihar,Gaya,2007,484.86,2169.02
rice,Bihar,Gaya,2008,442.72,1678.51
rice,Bihar,Gaya,2009,262.55,1268.03
rice,Bihar,Gaya,2010,256.23,1320.77
rice,Bihar,Gaya,2011,410.65,3148.86
rice,Bihar,Gaya,2012,450.17,3330.79
rice,Bihar,Gaya,2013,333.23,2893.98
rice,Bihar,Gaya,2014,408.54,3493.54
rice,Bihar,Gaya,2015,388.34,2929.6
rice,Bihar,Gaya,2016,420.09,3424.65
rice,Bihar,Gaya,2017,433.19,3475.97
rice,Jharkhand,Hazaribagh,2000,192.28,1559.29
rice,Jharkhand,Hazaribagh,2001,189.32,1905.31
rice,Jharkhand,Hazaribagh,2002,169.19,1508.83
rice,Jharkhand,Hazaribagh,2003,139.82,1601.55
rice,Jharkhand,Hazaribagh,2004,140.27,1038.12
rice,Jharkhand,Hazaribagh,2005,125.01,701.5
rice,Jharkhand,Hazaribagh,2006,139.28,1889.77
rice,Jharkhand,Hazaribagh,2007,166.46,2046.35
rice,Jharkhand,Hazaribagh,2008,167.22,1626.71
rice,Jharkhand,Hazaribagh,2009,95.26,613.52
rice,Jharkhand,Hazaribagh,2010,89.57,828.43
rice,Jharkhand,Hazaribagh,2011,129.17,2221.56
rice,Jharkhand,Hazaribagh,2012,136.42,1847.61
rice,Jharkhand,Hazaribagh,2013,169.33,2454.89
rice,Jharkhand,Hazaribagh,2014,116.67,2486.47
rice,Jharkhand,Hazaribagh,2015,182.45,1052.13
rice,Jharkhand,Hazaribagh,2016,182.11,2135.06
rice,Jharkhand,Hazaribagh,2017,266.02,2006.23
rice,Jharkhand,Dhanbad,2000,43.68,1399.73
rice,Jharkhand,Dhanbad,2001,43.36,1387.09
rice,Jharkhand,Dhanbad,2002,31.77,1392.56
rice,Jharkhand,Dhanbad,2003,39.7,2039.11
rice,Jharkhand,Dhanbad,2004,34.47,1561.38
rice,Jharkhand,Dhanbad,2005,21.17,1023.86
rice,Jharkhand,Dhanbad,2006,19.88,2630.38
rice,Jharkhand,Dhanbad,2007,35.37,2269.28
rice,Jharkhand,Dhanbad,2008,34.41,2032.34
rice,Jharkhand,Dhanbad,2009,15.93,977.1
rice,Jharkhand,Dhanbad,2010,10.78,1222.4
rice,Jharkhand,Dhanbad,2011,20.39,2833.67
rice,Jharkhand,Dhanbad,2012,23.18,1812.76
rice,Jharkhand,Dhanbad,2013,22.1,2702.9
rice,Jharkhand,Dhanbad,2014,20.85,2539.25
rice,Jharkhand,Dhanbad,2015,15.15,1048.07
rice,Jharkhand,Dhanbad,2016,20.33,1568.31
rice,Jharkhand,Dhanbad,2017,53.28,2129.71
rice,Jharkhand,Palamau,2000,67.54,1637.99
rice,Jharkhand,Palamau,2001,88.46,1839.25
rice,Jharkhand,Palamau,2002,59.81,1076.91
rice,Jharkhand,Palamau,2003,117.94,1056.47
rice,Jharkhand,Palamau,2004,51.26,672.45
rice,Jharkhand,Palamau,2005,54.35,301.38
rice,Jharkhand,Palamau,2006,67.22,1530.5
rice,Jharkhand,Palamau,2007,67.74,1276.94
rice,Jharkhand,Palamau,2008,59.07,4286.44
rice,Jharkhand,Palamau,2009,44.84,598.13
rice,Jharkhand,Palamau,2010,55.5,530.99
rice,Jharkhand,Palamau,2011,69.97,1960.84
rice,Jharkhand,Palamau,2012,96.26,2174.74
rice,Jharkhand,Palamau,2013,58.39,1489.81
rice,Jharkhand,Palamau,2014,43.82,1117.75
rice,Jharkhand,Palamau,2015,87.44,787.74
rice,Jharkhand,Palamau,2016,99.93,2104.1
rice,Jharkhand,Palamau,2017,121.89,2077.92
rice,Jharkhand,Ranchi,2000,421.83,1326.06
rice,Jharkhand,Ranchi,2001,426.74,1750.86
rice,Jharkhand,Ranchi,2002,306.39,1052.71
rice,Jharkhand,Ranchi,2003,542.43,1186.79
rice,Jharkhand,Ranchi,2004,302.92,1367.69
rice,Jharkhand,Ranchi,2005,350.77,855.52
rice,Jharkhand,Ranchi,2006,385.18,1394.23
rice,Jharkhand,Ranchi,2007,367.96,1785.36
rice,Jharkhand,Ranchi,2008,392.74,1746.09
rice,Jharkhand,Ranchi,2009,359.82,964.68
rice,Jharkhand,Ranchi,2010,299.39,960.82
rice,Jharkhand,Ranchi,2011,308.08,2163.59
rice,Jharkhand,Ranchi,2012,342.83,1954.64
rice,Jharkhand,Ranchi,2013,353.05,2024.25
rice,Jharkhand,Ranchi,2014,316.66,2078.92
rice,Jharkhand,Ranchi,2015,370.06,952.98
rice,Jharkhand,Ranchi,2016,550.38,2172.16
rice,Jharkhand,Ranchi,2017,556.33,2021.3
rice,Jharkhand,Singhbhum,2000,347.19,1738.82
rice,Jharkhand,Singhbhum,2001,316.24,1698.84
rice,Jharkhand,Singhbhum,2002,215.58,1258.14
rice,Jharkhand,Singhbhum,2003,284.6,1188.19
rice,Jharkhand,Singhbhum,2004,275.83,1318.6
rice,Jharkhand,Singhbhum,2005,281.03,679.25
rice,Jharkhand,Singhbhum,2006,290.34,1671.28
rice,Jharkhand,Singhbhum,2007,301.08,1705.0
rice,Jharkhand,Singhbhum,2008,280.75,1528.48
rice,Jharkhand,Singhbhum,2009,243.21,903.75
rice,Jharkhand,Singhbhum,2010,187.56,593.2
rice,Jharkhand,Singhbhum,2011,253.68,1913.67
rice,Jharkhand,Singhbhum,2012,263.85,1960.28
rice,Jharkhand,Singhbhum,2013,267.06,2170.67
rice,Jharkhand,Singhbhum,2014,256.33,2288.57
rice,Jharkhand,Singhbhum,2015,263.21,1005.7
rice,Jharkhand,Singhbhum,2016,224.05,1423.84
rice,Jharkhand,Singhbhum,2017,386.91,1731.62
maize,Chhattisgarh,Durg,2000,3.94,792.52
maize,Chhattisgarh,Durg,2001,3.9,672.21
maize,Chhattisgarh,Durg,2002,3.71,1284.3
maize,Chhattisgarh,Durg,2003,3.4,983.49
maize,Chhattisgarh,Durg,2004,3.26,1186.04
maize,Chhattisgarh,Durg,2005,3.26,1186.04
maize,Chhattisgarh,Durg,2006,5.28,953.14
maize,Chhattisgarh,Durg,2007,3.3,1157.23
maize,Chhattisgarh,Durg,2008,3.4,984.92
maize,Chhattisgarh,Durg,2009,3.25,1045.97
maize,Chhattisgarh,Durg,2010,3.17,1457.32
maize,Chhattisgarh,Durg,2011,3.63,1285.56
maize,Chhattisgarh,Durg,2012,3.12,1538.56
maize,Chhattisgarh,Durg,2013,3.64,1742.2
maize,Chhattisgarh,Durg,2014,4.02,1451.66
maize,Chhattisgarh,Durg,2015,9.87,1467.17
maize,Chhattisgarh,Durg,2016,7.95,2028.48
maize,Chhattisgarh,Durg,2017,9.25,1956.03
maize,Chhattisgarh,Bastar,2000,24.71,1552.0
maize,Chhattisgarh,Bastar,2001,25.06,944.93
maize,Chhattisgarh,Bastar,2002,25.26,1424.78
maize,Chhattisgarh,Bastar,2003,29.48,1559.7
maize,Chhattisgarh,Bastar,2004,30.19,1647.57
maize,Chhattisgarh,Bastar,2005,30.19,1647.57
maize,Chhattisgarh,Bastar,2006,31.15,1322.31
maize,Chhattisgarh,Bastar,2007,32.66,1818.43
maize,Chhattisgarh,Bastar,2008,33.41,1612.39
maize,Chhattisgarh,Bastar,2009,34.77,1764.74
maize,Chhattisgarh,Bastar,2010,35.7,2025.21
maize,Chhattisgarh,Bastar,2011,40.16,2063.0
maize,Chhattisgarh,Bastar,2012,41.04,2053.36
maize,Chhattisgarh,Bastar,2013,42.38,2347.33
maize,Chhattisgarh,Bastar,2014,43.1,2016.94
maize,Chhattisgarh,Bastar,2015,41.36,2151.35
maize,Chhattisgarh,Bastar,2016,41.5,2979.5
maize,Chhattisgarh,Bastar,2017,41.94,2866.36
maize,Chhattisgarh,Raipur,2000,0.84,964.29
maize,Chhattisgarh,Raipur,2001,0.86,604.65
maize,Chhattisgarh,Raipur,2002,1.03,1194.17
maize,Chhattisgarh,Raipur,2003,2.09,956.94
maize,Chhattisgarh,Raipur,2004,1.24,1145.16
maize,Chhattisgarh,Raipur,2005,1.24,1145.16
maize,Chhattisgarh,Raipur,2006,2.61,900.38
maize,Chhattisgarh,Raipur,2007,2.53,1142.29
maize,Chhattisgarh,Raipur,2008,1.29,1077.52
maize,Chhattisgarh,Raipur,2009,1.34,1589.55
maize,Chhattisgarh,Raipur,2010,1.3,1384.62
maize,Chhattisgarh,Raipur,2011,2.12,1698.11
maize,Chhattisgarh,Raipur,2012,10.21,1669.93
maize,Chhattisgarh,Raipur,2013,13.01,1750.19
maize,Chhattisgarh,Raipur,2014,14.75,2011.53
maize,Chhattisgarh,Raipur,2015,11.14,1804.31
maize,Chhattisgarh,Raipur,2016,7.1,2557.48
maize,Chhattisgarh,Raipur,2017,6.13,2228.27
maize,Chhattisgarh,Bilaspur,2000,10.79,994.26
maize,Chhattisgarh,Bilaspur,2001,10.92,715.07
maize,Chhattisgarh,Bilaspur,2002,10.68,1244.88
maize,Chhattisgarh,Bilaspur,2003,10.56,1206.17
maize,Chhattisgarh,Bilaspur,2004,10.28,1302.9
maize,Chhattisgarh,Bilaspur,2005,10.28,1302.9
maize,Chhattisgarh,Bilaspur,2006,10.12,1064.98
maize,Chhattisgarh,Bilaspur,2007,9.71,1381.2
maize,Chhattisgarh,Bilaspur,2008,9.7,1152.73
maize,Chhattisgarh,Bilaspur,2009,11.67,1467.12
maize,Chhattisgarh,Bilaspur,2010,11.63,1606.28
maize,Chhattisgarh,Bilaspur,2011,9.3,1368.1
maize,Chhattisgarh,Bilaspur,2012,8.8,1795.44
maize,Chhattisgarh,Bilaspur,2013,8.94,1734.72
maize,Chhattisgarh,Bilaspur,2014,9.03,1724.75
maize,Chhattisgarh,Bilaspur,2015,8.62,1416.38
maize,Chhattisgarh,Bilaspur,2016,8.1,2111.81
maize,Chhattisgarh,Bilaspur,2017,7.61,2080.79
maize,Chhattisgarh,Raigarh,2000,7.55,1470.2
maize,Chhattisgarh,Raigarh,2001,7.48,897.06
maize,Chhattisgarh,Raigarh,2002,7.44,1388.44
maize,Chhattisgarh,Raigarh,2003,7.46,1450.4
maize,Chhattisgarh,Raigarh,2004,7.32,1640.71
maize,Chhattisgarh,Raigarh,2005,7.32,1640.71
maize,Chhattisgarh,Raigarh,2006,7.12,1264.04
maize,Chhattisgarh,Raigarh,2007,7.08,1642.66
maize,Chhattisgarh,Raigarh,2008,7.05,1439.72
maize,Chhattisgarh,Raigarh,2009,6.78,1656.34
maize,Chhattisgarh,Raigarh,2010,7.0,1700.0
maize,Chhattisgarh,Raigarh,2011,6.84,1559.94
maize,Chhattisgarh,Raigarh,2012,6.33,1870.46
maize,Chhattisgarh,Raigarh,2013,6.55,2187.79
maize,Chhattisgarh,Raigarh,2014,6.55,1902.29
maize,Chhattisgarh,Raigarh,2015,6.5,1683.08
maize,Chhattisgarh,Raigarh,2016,6.46,2389.53
maize,Chhattisgarh,Raigarh,2017,6.29,2512.8
maize,Chhattisgarh,Surguja,2000,45.55,1351.7
maize,Chhattisgarh,Surguja,2001,45.62,621.88
maize,Chhattisgarh,Surguja,2002,45.84,1243.24
maize,Chhattisgarh,Surguja,2003,45.6,1319.74
maize,Chhattisgarh,Surguja,2004,45.57,1306.12
maize,Chhattisgarh,Surguja,2005,45.57,1306.12
maize,Chhattisgarh,Surguja,2006,45.32,909.75
maize,Chhattisgarh,Surguja,2007,45.31,1456.85
maize,Chhattisgarh,Surguja,2008,44.55,1345.23
maize,Chhattisgarh,Surguja,2009,43.91,1141.88
maize,Chhattisgarh,Surguja,2010,43.9,1738.04
maize,Chhattisgarh,Surguja,2011,45.39,1394.8
maize,Chhattisgarh,Surguja,2012,47.34,1930.08
maize,Chhattisgarh,Surguja,2013,49.07,1957.82
maize,Chhattisgarh,Surguja,2014,47.61,1776.31
maize,Chhattisgarh,Surguja,2015,48.89,1861.53
maize,Chhattisgarh,Surguja,2016,49.44,2403.99
maize,Chhattisgarh,Surguja,2017,48.4,2548.25
maize,Madhya Pradesh,Jabalpur,2000,8.4,1630.95
maize,Madhya Pradesh,Jabalpur,2001,8.5,1964.71
maize,Madhya Pradesh,Jabalpur,2002,8.4,1904.76
maize,Madhya Pradesh,Jabalpur,2003,8.4,2071.43
maize,Madhya Pradesh,Jabalpur,2004,8.48,1643.87
maize,Madhya Pradesh,Jabalpur,2005,8.3,1442.17
maize,Madhya Pradesh,Jabalpur,2006,8.18,713.94
maize,Madhya Pradesh,Jabalpur,2007,7.8,948.72
maize,Madhya Pradesh,Jabalpur,2008,8.4,1214.29
maize,Madhya Pradesh,Jabalpur,2009,7.7,922.08
maize,Madhya Pradesh,Jabalpur,2010,7.5,1173.33
maize,Madhya Pradesh,Jabalpur,2011,8.0,987.5
maize,Madhya Pradesh,Jabalpur,2012,8.07,1874.85
maize,Madhya Pradesh,Jabalpur,2013,7.67,1769.23
maize,Madhya Pradesh,Jabalpur,2014,19.0,3000.0
maize,Madhya Pradesh,Jabalpur,2015,10.0,1700.0
maize,Madhya Pradesh,Jabalpur,2016,11.0,2272.73
maize,Madhya Pradesh,Jabalpur,2017,13.9,2545.32
maize,Madhya Pradesh,Balaghat,2000,4.6,1543.48
maize,Madhya Pradesh,Balaghat,2001,4.5,2311.11
maize,Madhya Pradesh,Balaghat,2002,4.4,2159.09
maize,Madhya Pradesh,Balaghat,2003,4.4,1863.64
maize,Madhya Pradesh,Balaghat,2004,4.38,1630.14
maize,Madhya Pradesh,Balaghat,2005,4.44,1826.58
maize,Madhya Pradesh,Balaghat,2006,4.36,1034.4
maize,Madhya Pradesh,Balaghat,2007,4.4,1295.45
maize,Madhya Pradesh,Balaghat,2008,5.6,1339.29
maize,Madhya Pradesh,Balaghat,2009,4.2,1190.48
maize,Madhya Pradesh,Balaghat,2010,4.3,1534.88
maize,Madhya Pradesh,Balaghat,2011,4.3,1302.33
maize,Madhya Pradesh,Balaghat,2012,4.23,2352.25
maize,Madhya Pradesh,Balaghat,2013,4.29,1720.28
maize,Madhya Pradesh,Balaghat,2014,8.0,2625.0
maize,Madhya Pradesh,Balaghat,2015,9.0,2000.0
maize,Madhya Pradesh,Balaghat,2016,9.0,3000.0
maize,Madhya Pradesh,Balaghat,2017,10.04,2925.3
maize,Madhya Pradesh,Chhindwara,2000,70.1,2262.48
maize,Madhya Pradesh,Chhindwara,2001,80.7,1983.89
maize,Madhya Pradesh,Chhindwara,2002,73.6,2664.4
maize,Madhya Pradesh,Chhindwara,2003,82.0,2950.0
maize,Madhya Pradesh,Chhindwara,2004,76.01,2085.78
maize,Madhya Pradesh,Chhindwara,2005,74.55,1877.13
maize,Madhya Pradesh,Chhindwara,2006,85.13,1858.33
maize,Madhya Pradesh,Chhindwara,2007,92.1,2352.88
maize,Madhya Pradesh,Chhindwara,2008,92.8,2192.89
maize,Madhya Pradesh,Chhindwara,2009,88.9,2622.05
maize,Madhya Pradesh,Chhindwara,2010,94.4,2956.57
maize,Madhya Pradesh,Chhindwara,2011,98.6,4299.19
maize,Madhya Pradesh,Chhindwara,2012,134.98,3584.98
maize,Madhya Pradesh,Chhindwara,2013,154.25,1122.66
maize,Madhya Pradesh,Chhindwara,2014,65.0,3384.62
maize,Madhya Pradesh,Chhindwara,2015,195.0,5025.64
maize,Madhya Pradesh,Chhindwara,2016,213.0,5028.17
maize,Madhya Pradesh,Chhindwara,2017,263.5,5033.97
maize,Madhya Pradesh,Narsinghpur,2000,0.5,2200.0
maize,Madhya Pradesh,Narsinghpur,2001,0.6,2833.33
maize,Madhya Pradesh,Narsinghpur,2002,0.6,2833.33
maize,Madhya Pradesh,Narsinghpur,2003,0.6,2500.0
maize,Madhya Pradesh,Narsinghpur,2004,0.63,1984.13
maize,Madhya Pradesh,Narsinghpur,2005,0.66,1893.94
maize,Madhya Pradesh,Narsinghpur,2006,0.61,1262.3
maize,Madhya Pradesh,Narsinghpur,2007,0.6,1500.0
maize,Madhya Pradesh,Narsinghpur,2008,0.5,1800.0
maize,Madhya Pradesh,Narsinghpur,2009,0.6,1333.33
maize,Madhya Pradesh,Narsinghpur,2010,0.6,1500.0
maize,Madhya Pradesh,Narsinghpur,2011,0.6,1500.0
maize,Madhya Pradesh,Narsinghpur,2012,0.89,2808.99
maize,Madhya Pradesh,Narsinghpur,2013,1.02,1460.78
maize,Madhya Pradesh,Narsinghpur,2014,9.0,1888.89
maize,Madhya Pradesh,Narsinghpur,2015,3.0,3333.33
maize,Madhya Pradesh,Narsinghpur,2016,4.0,1750.0
maize,Madhya Pradesh,Narsinghpur,2017,5.0,1768.0
maize,Madhya Pradesh,Seoni / Shivani,2000,14.1,886.52
maize,Madhya Pradesh,Seoni / Shivani,2001,15.0,2020.0
maize,Madhya Pradesh,Seoni / Shivani,2002,15.0,1306.67
maize,Madhya Pradesh,Seoni / Shivani,2003,14.0,1878.57
maize,Madhya Pradesh,Seoni / Shivani,2004,11.51,1313.64
maize,Madhya Pradesh,Seoni / Shivani,2005,12.51,1331.73
maize,Madhya Pradesh,Seoni / Shivani,2006,12.5,1025.6
maize,Madhya Pradesh,Seoni / Shivani,2007,11.9,1201.68
maize,Madhya Pradesh,Seoni / Shivani,2008,11.8,1144.07
maize,Madhya Pradesh,Seoni / Shivani,2009,11.6,1094.83
maize,Madhya Pradesh,Seoni / Shivani,2010,11.9,1268.91
maize,Madhya Pradesh,Seoni / Shivani,2011,14.1,1070.92
maize,Madhya Pradesh,Seoni / Shivani,2012,18.39,2554.65
maize,Madhya Pradesh,Seoni / Shivani,2013,22.05,1837.64
maize,Madhya Pradesh,Seoni / Shivani,2014,20.0,3600.0
maize,Madhya Pradesh,Seoni / Shivani,2015,72.0,347.22
maize,Madhya Pradesh,Seoni / Shivani,2016,116.0,4620.69
maize,Madhya Pradesh,Seoni / Shivani,2017,99.7,4639.52
maize,Madhya Pradesh,Mandla,2000,35.7,1913.17
maize,Madhya Pradesh,Mandla,2001,36.0,2072.22
maize,Madhya Pradesh,Mandla,2002,36.4,1736.26
maize,Madhya Pradesh,Mandla,2003,36.6,1836.07
maize,Madhya Pradesh,Mandla,2004,36.34,1436.98
maize,Madhya Pradesh,Mandla,2005,36.34,1123.56
maize,Madhya Pradesh,Mandla,2006,36.36,754.4
maize,Madhya Pradesh,Mandla,2007,36.2,1016.57
maize,Madhya Pradesh,Mandla,2008,43.5,1020.69
maize,Madhya Pradesh,Mandla,2009,36.1,952.91
maize,Madhya Pradesh,Mandla,2010,35.8,1234.64
maize,Madhya Pradesh,Mandla,2011,42.1,762.47
maize,Madhya Pradesh,Mandla,2012,36.03,1791.01
maize,Madhya Pradesh,Mandla,2013,36.84,1789.9
maize,Madhya Pradesh,Mandla,2014,43.0,2093.02
maize,Madhya Pradesh,Mandla,2015,47.0,2212.77
maize,Madhya Pradesh,Mandla,2016,48.0,2333.33
maize,Madhya Pradesh,Mandla,2017,47.5,2397.68
maize,Madhya Pradesh,Sagar,2000,3.8,1736.84
maize,Madhya Pradesh,Sagar,2001,3.8,1710.53
maize,Madhya Pradesh,Sagar,2002,3.7,1378.38
maize,Madhya Pradesh,Sagar,2003,3.9,1717.95
maize,Madhya Pradesh,Sagar,2004,4.0,1310.0
maize,Madhya Pradesh,Sagar,2005,3.74,1310.16
maize,Madhya Pradesh,Sagar,2006,3.81,866.14
maize,Madhya Pradesh,Sagar,2007,3.5,1085.71
maize,Madhya Pradesh,Sagar,2008,6.5,1123.08
maize,Madhya Pradesh,Sagar,2009,3.4,1264.71
maize,Madhya Pradesh,Sagar,2010,3.4,1235.29
maize,Madhya Pradesh,Sagar,2011,3.4,1323.53
maize,Madhya Pradesh,Sagar,2012,2.97,2057.24
maize,Madhya Pradesh,Sagar,2013,2.78,586.33
maize,Madhya Pradesh,Sagar,2014,8.0,1750.0
maize,Madhya Pradesh,Sagar,2015,5.0,1000.0
maize,Madhya Pradesh,Sagar,2016,5.0,1200.0
maize,Madhya Pradesh,Sagar,2017,3.6,1050.0
maize,Madhya Pradesh,Damoh,2000,2.2,1772.73
maize,Madhya Pradesh,Damoh,2001,2.2,2272.73
maize,Madhya Pradesh,Damoh,2002,2.2,1772.73
maize,Madhya Pradesh,Damoh,2003,2.0,2200.0
maize,Madhya Pradesh,Damoh,2004,2.1,1661.9
maize,Madhya Pradesh,Damoh,2005,2.01,1751.24
maize,Madhya Pradesh,Damoh,2006,2.02,1103.96
maize,Madhya Pradesh,Damoh,2007,1.9,1263.16
maize,Madhya Pradesh,Damoh,2008,2.2,1863.64
maize,Madhya Pradesh,Damoh,2009,2.1,1714.29
maize,Madhya Pradesh,Damoh,2010,1.8,1944.44
maize,Madhya Pradesh,Damoh,2011,2.0,1800.0
maize,Madhya Pradesh,Damoh,2012,1.79,2614.53
maize,Madhya Pradesh,Damoh,2013,1.68,1452.38
maize,Madhya Pradesh,Damoh,2014,9.0,2111.11
maize,Madhya Pradesh,Damoh,2015,5.0,2200.0
maize,Madhya Pradesh,Damoh,2016,5.0,1800.0
maize,Madhya Pradesh,Damoh,2017,5.08,1917.32
maize,Madhya Pradesh,Tikamgarh,2000,1.8,1611.11
maize,Madhya Pradesh,Tikamgarh,2001,1.9,1631.58
maize,Madhya Pradesh,Tikamgarh,2002,1.9,842.11
maize,Madhya Pradesh,Tikamgarh,2003,2.3,1217.39
maize,Madhya Pradesh,Tikamgarh,2004,2.29,737.99
maize,Madhya Pradesh,Tikamgarh,2005,2.21,1009.05
maize,Madhya Pradesh,Tikamgarh,2006,2.39,481.17
maize,Madhya Pradesh,Tikamgarh,2007,3.1,677.42
maize,Madhya Pradesh,Tikamgarh,2008,1.9,894.74
maize,Madhya Pradesh,Tikamgarh,2009,2.9,620.69
maize,Madhya Pradesh,Tikamgarh,2010,2.9,724.14
maize,Madhya Pradesh,Tikamgarh,2011,4.4,590.91
maize,Madhya Pradesh,Tikamgarh,2012,2.2,827.27
maize,Madhya Pradesh,Tikamgarh,2013,1.71,508.77
maize,Madhya Pradesh,Tikamgarh,2014,10.0,1400.0
maize,Madhya Pradesh,Tikamgarh,2015,1.0,2000.0
maize,Madhya Pradesh,Tikamgarh,2016,1.0,2000.0
maize,Madhya Pradesh,Tikamgarh,2017,1.7,1052.94
maize,Madhya Pradesh,Chhatarpur,2000,0.6,833.33
maize,Madhya Pradesh,Chhatarpur,2001,0.6,1166.67
maize,Madhya Pradesh,Chhatarpur,2002,0.6,833.33
maize,Madhya Pradesh,Chhatarpur,2003,0.7,1142.86
maize,Madhya Pradesh,Chhatarpur,2004,0.73,904.11
maize,Madhya Pradesh,Chhatarpur,2005,0.69,869.57
maize,Madhya Pradesh,Chhatarpur,2006,0.61,508.2
maize,Madhya Pradesh,Chhatarpur,2007,0.7,571.43
maize,Madhya Pradesh,Chhatarpur,2008,0.9,666.67
maize,Madhya Pradesh,Chhatarpur,2009,0.8,625.0
maize,Madhya Pradesh,Chhatarpur,2010,0.8,625.0
maize,Madhya Pradesh,Chhatarpur,2011,0.8,375.0
maize,Madhya Pradesh,Chhatarpur,2012,0.56,553.57
maize,Madhya Pradesh,Chhatarpur,2013,0.53,773.58
maize,Madhya Pradesh,Chhatarpur,2014,9.0,1444.44
maize,Madhya Pradesh,Chhatarpur,2015,1.0,1000.0
maize,Madhya Pradesh,Chhatarpur,2016,1.0,1000.0
maize,Madhya Pradesh,Chhatarpur,2017,1.1,845.45
maize,Madhya Pradesh,Panna,2000,2.7,962.96
maize,Madhya Pradesh,Panna,2001,2.5,1280.0
maize,Madhya Pradesh,Panna,2002,2.4,916.67
maize,Madhya Pradesh,Panna,2003,2.5,1000.0
maize,Madhya Pradesh,Panna,2004,2.53,667.98
maize,Madhya Pradesh,Panna,2005,2.34,837.61
maize,Madhya Pradesh,Panna,2006,2.18,408.26
maize,Madhya Pradesh,Panna,2007,2.0,600.0
maize,Madhya Pradesh,Panna,2008,2.2,863.64
maize,Madhya Pradesh,Panna,2009,2.4,541.67
maize,Madhya Pradesh,Panna,2010,2.6,923.08
maize,Madhya Pradesh,Panna,2011,4.7,617.02
maize,Madhya Pradesh,Panna,2012,2.56,1507.81
maize,Madhya Pradesh,Panna,2013,3.48,1359.2
maize,Madhya Pradesh,Panna,2014,8.0,1625.0
maize,Madhya Pradesh,Panna,2015,2.0,1500.0
maize,Madhya Pradesh,Panna,2016,2.0,2000.0
maize,Madhya Pradesh,Panna,2017,2.6,1350.0
maize,Madhya Pradesh,Rewa,2000,1.2,1083.33
maize,Madhya Pradesh,Rewa,2001,1.1,1272.73
maize,Madhya Pradesh,Rewa,2002,1.1,1272.73
maize,Madhya Pradesh,Rewa,2003,1.1,1090.91
maize,Madhya Pradesh,Rewa,2004,1.11,801.8
maize,Madhya Pradesh,Rewa,2005,0.91,824.18
maize,Madhya Pradesh,Rewa,2006,1.16,543.1
maize,Madhya Pradesh,Rewa,2007,1.1,636.36
maize,Madhya Pradesh,Rewa,2008,1.3,846.15
maize,Madhya Pradesh,Rewa,2009,1.2,583.33
maize,Madhya Pradesh,Rewa,2010,1.2,666.67
maize,Madhya Pradesh,Rewa,2011,1.6,625.0
maize,Madhya Pradesh,Rewa,2012,1.17,786.32
maize,Madhya Pradesh,Rewa,2013,1.14,973.68
maize,Madhya Pradesh,Rewa,2014,7.0,1714.29
maize,Madhya Pradesh,Rewa,2015,2.0,1500.0
maize,Madhya Pradesh,Rewa,2016,4.0,1500.0
maize,Madhya Pradesh,Rewa,2017,2.18,834.86
maize,Madhya Pradesh,Sidhi,2000,36.4,1574.18
maize,Madhya Pradesh,Sidhi,2001,35.9,1364.9
maize,Madhya Pradesh,Sidhi,2002,35.5,1605.63
maize,Madhya Pradesh,Sidhi,2003,36.1,1689.75
maize,Madhya Pradesh,Sidhi,2004,35.8,1412.01
maize,Madhya Pradesh,Sidhi,2005,35.85,1131.94
maize,Madhya Pradesh,Sidhi,2006,35.91,776.39
maize,Madhya Pradesh,Sidhi,2007,36.4,945.05
maize,Madhya Pradesh,Sidhi,2008,37.2,1142.47
maize,Madhya Pradesh,Sidhi,2009,35.7,991.6
maize,Madhya Pradesh,Sidhi,2010,35.2,1139.2
maize,Madhya Pradesh,Sidhi,2011,35.9,885.79
maize,Madhya Pradesh,Sidhi,2012,34.47,2042.65
maize,Madhya Pradesh,Sidhi,2013,34.2,1704.97
maize,Madhya Pradesh,Sidhi,2014,39.0,1820.51
maize,Madhya Pradesh,Sidhi,2015,49.0,1755.1
maize,Madhya Pradesh,Sidhi,2016,46.0,2500.0
maize,Madhya Pradesh,Sidhi,2017,38.1,2625.2
maize,Madhya Pradesh,Satna,2000,1.0,1400.0
maize,Madhya Pradesh,Satna,2001,1.0,1700.0
maize,Madhya Pradesh,Satna,2002,0.8,1125.0
maize,Madhya Pradesh,Satna,2003,1.0,1300.0
maize,Madhya Pradesh,Satna,2004,0.88,954.55
maize,Madhya Pradesh,Satna,2005,0.83,1060.24
maize,Madhya Pradesh,Satna,2006,0.76,500.0
maize,Madhya Pradesh,Satna,2007,0.8,625.0
maize,Madhya Pradesh,Satna,2008,0.8,750.0
maize,Madhya Pradesh,Satna,2009,0.8,625.0
maize,Madhya Pradesh,Satna,2010,0.7,857.14
maize,Madhya Pradesh,Satna,2011,0.8,750.0
maize,Madhya Pradesh,Satna,2012,0.84,1464.29
maize,Madhya Pradesh,Satna,2013,0.77,701.3
maize,Madhya Pradesh,Satna,2014,17.0,1411.76
maize,Madhya Pradesh,Satna,2015,3.0,2000.0
maize,Madhya Pradesh,Satna,2017,4.2,1735.71
maize,Madhya Pradesh,Shahdol,2000,34.8,1362.07
maize,Madhya Pradesh,Shahdol,2001,35.0,1245.71
maize,Madhya Pradesh,Shahdol,2002,34.2,1415.2
maize,Madhya Pradesh,Shahdol,2003,35.0,1345.71
maize,Madhya Pradesh,Shahdol,2004,35.08,978.91
maize,Madhya Pradesh,Shahdol,2005,34.43,857.1
maize,Madhya Pradesh,Shahdol,2006,33.98,589.17
maize,Madhya Pradesh,Shahdol,2007,33.7,727.0
maize,Madhya Pradesh,Shahdol,2008,34.9,808.02
maize,Madhya Pradesh,Shahdol,2009,32.9,574.47
maize,Madhya Pradesh,Shahdol,2010,32.8,853.66
maize,Madhya Pradesh,Shahdol,2011,35.1,709.4
maize,Madhya Pradesh,Shahdol,2012,31.78,1491.82
maize,Madhya Pradesh,Shahdol,2013,31.46,1414.18
maize,Madhya Pradesh,Shahdol,2014,51.0,1549.02
maize,Madhya Pradesh,Shahdol,2015,40.0,2100.0
maize,Madhya Pradesh,Shahdol,2016,42.0,2000.0
maize,Madhya Pradesh,Shahdol,2017,38.82,2040.44
maize,Madhya Pradesh,Gwalior,2014,14.0,1285.71
maize,Madhya Pradesh,Shivpuri,2000,21.7,2304.15
maize,Madhya Pradesh,Shivpuri,2001,19.8,2207.07
maize,Madhya Pradesh,Shivpuri,2002,18.8,1010.64
maize,Madhya Pradesh,Shivpuri,2003,24.6,2150.41
maize,Madhya Pradesh,Shivpuri,2004,25.51,1618.58
maize,Madhya Pradesh,Shivpuri,2005,25.49,2068.26
maize,Madhya Pradesh,Shivpuri,2006,24.89,1194.46
maize,Madhya Pradesh,Shivpuri,2007,27.6,934.78
maize,Madhya Pradesh,Shivpuri,2008,33.0,1554.55
maize,Madhya Pradesh,Shivpuri,2009,26.4,1375.0
maize,Madhya Pradesh,Shivpuri,2010,26.1,1735.63
maize,Madhya Pradesh,Shivpuri,2011,28.0,1285.71
maize,Madhya Pradesh,Shivpuri,2012,16.81,1732.9
maize,Madhya Pradesh,Shivpuri,2013,14.75,1143.05
maize,Madhya Pradesh,Shivpuri,2014,21.0,1523.81
maize,Madhya Pradesh,Shivpuri,2015,14.0,1928.57
maize,Madhya Pradesh,Shivpuri,2016,10.0,1700.0
maize,Madhya Pradesh,Shivpuri,2017,6.6,2519.7
maize,Madhya Pradesh,Guna,2000,26.3,1935.36
maize,Madhya Pradesh,Guna,2001,23.9,1995.82
maize,Madhya Pradesh,Guna,2002,23.9,631.8
maize,Madhya Pradesh,Guna,2003,29.2,1866.44
maize,Madhya Pradesh,Guna,2004,28.79,1295.24
maize,Madhya Pradesh,Guna,2005,28.21,1503.72
maize,Madhya Pradesh,Guna,2006,26.49,1041.53
maize,Madhya Pradesh,Guna,2007,28.3,1183.75
maize,Madhya Pradesh,Guna,2008,21.3,1253.52
maize,Madhya Pradesh,Guna,2009,25.3,1245.06
maize,Madhya Pradesh,Guna,2010,23.9,1577.41
maize,Madhya Pradesh,Guna,2011,21.1,1293.84
maize,Madhya Pradesh,Guna,2012,22.32,2007.62
maize,Madhya Pradesh,Guna,2013,20.02,1016.98
maize,Madhya Pradesh,Guna,2014,27.0,1962.96
maize,Madhya Pradesh,Guna,2015,22.0,1590.91
maize,Madhya Pradesh,Guna,2016,40.0,1550.0
maize,Madhya Pradesh,Guna,2017,33.12,2644.02
maize,Madhya Pradesh,Datia,2000,0.5,1400.0
maize,Madhya Pradesh,Datia,2001,0.9,1777.78
maize,Madhya Pradesh,Datia,2002,0.7,1142.86
maize,Madhya Pradesh,Datia,2003,1.2,1416.67
maize,Madhya Pradesh,Datia,2004,1.26,738.1
maize,Madhya Pradesh,Datia,2005,1.22,1270.49
maize,Madhya Pradesh,Datia,2006,1.41,737.59
maize,Madhya Pradesh,Datia,2007,0.9,888.89
maize,Madhya Pradesh,Datia,2008,0.6,1166.67
maize,Madhya Pradesh,Datia,2009,2.7,888.89
maize,Madhya Pradesh,Datia,2010,2.0,1050.0
maize,Madhya Pradesh,Datia,2011,2.0,800.0
maize,Madhya Pradesh,Datia,2012,1.48,1763.51
maize,Madhya Pradesh,Datia,2013,0.69,1434.78
maize,Madhya Pradesh,Datia,2014,13.0,1538.46
maize,Madhya Pradesh,Datia,2015,1.0,1000.0
maize,Madhya Pradesh,Datia,2016,1.0,1000.0
maize,Madhya Pradesh,Datia,2017,1.3,1938.46
maize,Madhya Pradesh,Morena,2000,0.8,875.0
maize,Madhya Pradesh,Morena,2001,2.1,1380.95
maize,Madhya Pradesh,Morena,2003,1.0,1600.0
maize,Madhya Pradesh,Morena,2004,0.98,1040.82
maize,Madhya Pradesh,Morena,2005,0.94,1053.19
maize,Madhya Pradesh,Morena,2007,1.3,846.15
maize,Madhya Pradesh,Morena,2008,1.1,909.09
maize,Madhya Pradesh,Morena,2009,0.9,777.78
maize,Madhya Pradesh,Morena,2010,0.8,1125.0
maize,Madhya Pradesh,Morena,2011,0.8,875.0
maize,Madhya Pradesh,Morena,2012,0.75,2040.0
maize,Madhya Pradesh,Morena,2013,1.01,2584.16
maize,Madhya Pradesh,Morena,2014,8.0,2250.0
maize,Madhya Pradesh,Morena,2015,2.0,1500.0
maize,Madhya Pradesh,Morena,2016,2.0,2500.0
maize,Madhya Pradesh,Morena,2017,3.32,2337.35
maize,Madhya Pradesh,Indore,2000,11.1,1648.65
maize,Madhya Pradesh,Indore,2001,7.7,1441.56
maize,Madhya Pradesh,Indore,2002,9.8,1469.39
maize,Madhya Pradesh,Indore,2003,9.8,1530.61
maize,Madhya Pradesh,Indore,2004,9.46,1150.11
maize,Madhya Pradesh,Indore,2005,5.84,1109.59
maize,Madhya Pradesh,Indore,2006,8.51,878.97
maize,Madhya Pradesh,Indore,2007,8.9,1168.54
maize,Madhya Pradesh,Indore,2008,8.9,1303.37
maize,Madhya Pradesh,Indore,2009,5.0,1160.0
maize,Madhya Pradesh,Indore,2010,9.2,1271.74
maize,Madhya Pradesh,Indore,2011,9.2,1217.39
maize,Madhya Pradesh,Indore,2012,5.32,1648.5
maize,Madhya Pradesh,Indore,2013,4.24,1195.75
maize,Madhya Pradesh,Indore,2014,19.0,2368.42
maize,Madhya Pradesh,Indore,2015,6.0,2000.0
maize,Madhya Pradesh,Indore,2016,7.0,3142.86
maize,Madhya Pradesh,Indore,2017,12.2,2274.59
maize,Madhya Pradesh,Ratlam,2000,59.8,1433.11
maize,Madhya Pradesh,Ratlam,2001,65.0,2453.85
maize,Madhya Pradesh,Ratlam,2002,69.6,1301.72
maize,Madhya Pradesh,Ratlam,2003,68.8,2434.59
maize,Madhya Pradesh,Ratlam,2004,64.54,1835.45
maize,Madhya Pradesh,Ratlam,2005,62.66,2438.24
maize,Madhya Pradesh,Ratlam,2006,60.07,1551.19
maize,Madhya Pradesh,Ratlam,2007,53.3,1962.48
maize,Madhya Pradesh,Ratlam,2008,41.3,2019.37
maize,Madhya Pradesh,Ratlam,2009,49.8,1785.14
maize,Madhya Pradesh,Ratlam,2010,52.7,2195.45
maize,Madhya Pradesh,Ratlam,2011,48.3,2227.74
maize,Madhya Pradesh,Ratlam,2012,48.72,3673.23
maize,Madhya Pradesh,Ratlam,2013,42.89,2531.59
maize,Madhya Pradesh,Ratlam,2014,38.0,2078.95
maize,Madhya Pradesh,Ratlam,2015,42.0,2261.9
maize,Madhya Pradesh,Ratlam,2016,52.0,2634.62
maize,Madhya Pradesh,Ratlam,2017,55.5,2918.92
maize,Madhya Pradesh,Ujjain,2000,8.1,1123.46
maize,Madhya Pradesh,Ujjain,2001,12.8,1304.69
maize,Madhya Pradesh,Ujjain,2002,12.6,1198.41
maize,Madhya Pradesh,Ujjain,2003,15.6,2121.79
maize,Madhya Pradesh,Ujjain,2004,13.82,1023.88
maize,Madhya Pradesh,Ujjain,2005,13.94,961.98
maize,Madhya Pradesh,Ujjain,2006,10.98,938.07
maize,Madhya Pradesh,Ujjain,2007,8.9,1168.54
maize,Madhya Pradesh,Ujjain,2008,6.7,1119.4
maize,Madhya Pradesh,Ujjain,2009,6.7,1029.85
maize,Madhya Pradesh,Ujjain,2010,6.1,1131.15
maize,Madhya Pradesh,Ujjain,2011,5.9,1050.85
maize,Madhya Pradesh,Ujjain,2012,6.7,2314.93
maize,Madhya Pradesh,Ujjain,2013,6.61,806.35
maize,Madhya Pradesh,Ujjain,2014,23.0,1782.61
maize,Madhya Pradesh,Ujjain,2015,7.0,1142.86
maize,Madhya Pradesh,Ujjain,2016,7.0,2000.0
maize,Madhya Pradesh,Ujjain,2017,6.46,1272.45
maize,Madhya Pradesh,Mandsaur,2000,95.6,1441.42
maize,Madhya Pradesh,Mandsaur,2001,78.8,2428.93
maize,Madhya Pradesh,Mandsaur,2002,75.7,1690.89
maize,Madhya Pradesh,Mandsaur,2003,78.2,2405.37
maize,Madhya Pradesh,Mandsaur,2004,71.57,1574.68
maize,Madhya Pradesh,Mandsaur,2005,63.91,1532.47
maize,Madhya Pradesh,Mandsaur,2006,63.25,1013.44
maize,Madhya Pradesh,Mandsaur,2007,65.5,1378.63
maize,Madhya Pradesh,Mandsaur,2008,63.9,1577.46
maize,Madhya Pradesh,Mandsaur,2009,66.8,1245.51
maize,Madhya Pradesh,Mandsaur,2010,66.9,1606.88
maize,Madhya Pradesh,Mandsaur,2011,69.2,1365.61
maize,Madhya Pradesh,Mandsaur,2012,55.8,3210.93
maize,Madhya Pradesh,Mandsaur,2013,51.38,2266.64
maize,Madhya Pradesh,Mandsaur,2014,70.0,1700.0
maize,Madhya Pradesh,Mandsaur,2015,49.0,1591.84
maize,Madhya Pradesh,Mandsaur,2016,64.0,3234.38
maize,Madhya Pradesh,Mandsaur,2017,73.08,3272.85
maize,Madhya Pradesh,Dewas,2000,12.5,1512.0
maize,Madhya Pradesh,Dewas,2001,13.1,1824.43
maize,Madhya Pradesh,Dewas,2002,15.3,1745.1
maize,Madhya Pradesh,Dewas,2003,14.4,1625.0
maize,Madhya Pradesh,Dewas,2004,16.48,1099.51
maize,Madhya Pradesh,Dewas,2005,15.21,1302.43
maize,Madhya Pradesh,Dewas,2006,13.06,931.09
maize,Madhya Pradesh,Dewas,2007,12.3,1365.85
maize,Madhya Pradesh,Dewas,2008,10.9,1403.67
maize,Madhya Pradesh,Dewas,2009,9.4,1234.04
maize,Madhya Pradesh,Dewas,2010,9.7,1443.3
maize,Madhya Pradesh,Dewas,2011,9.2,1347.83
maize,Madhya Pradesh,Dewas,2012,11.7,2013.68
maize,Madhya Pradesh,Dewas,2013,9.05,1288.4
maize,Madhya Pradesh,Dewas,2014,14.0,3214.29
maize,Madhya Pradesh,Dewas,2015,11.0,1636.36
maize,Madhya Pradesh,Dewas,2016,15.0,2733.33
maize,Madhya Pradesh,Dewas,2017,13.3,3009.77
maize,Madhya Pradesh,Dhar,2000,70.8,1081.92
maize,Madhya Pradesh,Dhar,2001,75.7,2126.82
maize,Madhya Pradesh,Dhar,2002,74.9,2177.57
maize,Madhya Pradesh,Dhar,2003,81.8,2100.24
maize,Madhya Pradesh,Dhar,2004,71.53,1280.72
maize,Madhya Pradesh,Dhar,2005,67.15,1311.69
maize,Madhya Pradesh,Dhar,2006,61.96,820.37
maize,Madhya Pradesh,Dhar,2007,59.0,1210.17
maize,Madhya Pradesh,Dhar,2008,64.0,1246.88
maize,Madhya Pradesh,Dhar,2009,52.6,1064.64
maize,Madhya Pradesh,Dhar,2010,60.8,1429.28
maize,Madhya Pradesh,Dhar,2011,58.9,1032.26
maize,Madhya Pradesh,Dhar,2012,61.61,2121.08
maize,Madhya Pradesh,Dhar,2013,52.94,3884.59
maize,Madhya Pradesh,Dhar,2014,80.0,2862.5
maize,Madhya Pradesh,Dhar,2015,71.0,2957.75
maize,Madhya Pradesh,Dhar,2016,70.0,3528.57
maize,Madhya Pradesh,Dhar,2017,83.9,3269.73
maize,Madhya Pradesh,Jhabua,2000,102.4,784.18
maize,Madhya Pradesh,Jhabua,2001,106.6,2023.45
maize,Madhya Pradesh,Jhabua,2002,110.6,1720.61
maize,Madhya Pradesh,Jhabua,2003,113.6,1827.46
maize,Madhya Pradesh,Jhabua,2004,112.8,964.89
maize,Madhya Pradesh,Jhabua,2005,112.04,1252.23
maize,Madhya Pradesh,Jhabua,2006,113.56,590.35
maize,Madhya Pradesh,Jhabua,2007,111.5,1121.08
maize,Madhya Pradesh,Jhabua,2008,98.5,1210.15
maize,Madhya Pradesh,Jhabua,2009,106.7,975.63
maize,Madhya Pradesh,Jhabua,2010,105.8,1135.16
maize,Madhya Pradesh,Jhabua,2011,106.3,837.25
maize,Madhya Pradesh,Jhabua,2012,106.66,1955.18
maize,Madhya Pradesh,Jhabua,2013,105.55,1700.9
maize,Madhya Pradesh,Jhabua,2014,130.0,2400.0
maize,Madhya Pradesh,Jhabua,2015,104.0,2480.77
maize,Madhya Pradesh,Jhabua,2016,103.0,3310.68
maize,Madhya Pradesh,Jhabua,2017,115.22,2814.36
maize,Madhya Pradesh,Khargone / West Nimar,2000,53.2,1178.57
maize,Madhya Pradesh,Khargone / West Nimar,2001,54.1,2016.64
maize,Madhya Pradesh,Khargone / West Nimar,2002,54.0,2094.44
maize,Madhya Pradesh,Khargone / West Nimar,2003,56.3,1964.48
maize,Madhya Pradesh,Khargone / West Nimar,2004,55.91,986.41
maize,Madhya Pradesh,Khargone / West Nimar,2005,54.9,1005.28
maize,Madhya Pradesh,Khargone / West Nimar,2006,54.08,820.27
maize,Madhya Pradesh,Khargone / West Nimar,2007,52.4,1166.03
maize,Madhya Pradesh,Khargone / West Nimar,2008,55.2,1085.14
maize,Madhya Pradesh,Khargone / West Nimar,2009,52.6,944.87
maize,Madhya Pradesh,Khargone / West Nimar,2010,57.8,1314.88
maize,Madhya Pradesh,Khargone / West Nimar,2011,63.5,1371.65
maize,Madhya Pradesh,Khargone / West Nimar,2012,68.53,4807.68
maize,Madhya Pradesh,Khargone / West Nimar,2013,71.72,2702.87
maize,Madhya Pradesh,Khargone / West Nimar,2014,110.0,2472.73
maize,Madhya Pradesh,Khargone / West Nimar,2015,100.0,3440.0
maize,Madhya Pradesh,Khargone / West Nimar,2016,115.0,4017.39
maize,Madhya Pradesh,Khargone / West Nimar,2017,124.79,3867.78
maize,Madhya Pradesh,Khandwa / East Nimar,2000,7.1,1605.63
maize,Madhya Pradesh,Khandwa / East Nimar,2001,8.7,2402.3
maize,Madhya Pradesh,Khandwa / East Nimar,2002,9.3,2677.42
maize,Madhya Pradesh,Khandwa / East Nimar,2003,9.3,2559.14
maize,Madhya Pradesh,Khandwa / East Nimar,2004,9.8,1752.04
maize,Madhya Pradesh,Khandwa / East Nimar,2005,10.34,1903.29
maize,Madhya Pradesh,Khandwa / East Nimar,2006,10.85,1320.74
maize,Madhya Pradesh,Khandwa / East Nimar,2007,10.1,1851.49
maize,Madhya Pradesh,Khandwa / East Nimar,2008,9.2,1739.13
maize,Madhya Pradesh,Khandwa / East Nimar,2009,11.2,1401.79
maize,Madhya Pradesh,Khandwa / East Nimar,2010,12.1,2082.64
maize,Madhya Pradesh,Khandwa / East Nimar,2011,11.2,1535.71
maize,Madhya Pradesh,Khandwa / East Nimar,2012,14.97,3712.76
maize,Madhya Pradesh,Khandwa / East Nimar,2013,23.6,2855.51
maize,Madhya Pradesh,Khandwa / East Nimar,2014,44.0,2818.18
maize,Madhya Pradesh,Khandwa / East Nimar,2015,39.0,3128.21
maize,Madhya Pradesh,Khandwa / East Nimar,2016,49.0,3040.82
maize,Madhya Pradesh,Khandwa / East Nimar,2017,53.86,3310.43
maize,Madhya Pradesh,Sehore,2000,16.3,1411.04
maize,Madhya Pradesh,Sehore,2001,17.9,1949.72
maize,Madhya Pradesh,Sehore,2002,18.8,2090.43
maize,Madhya Pradesh,Sehore,2003,18.8,1808.51
maize,Madhya Pradesh,Sehore,2004,18.66,1381.56
maize,Madhya Pradesh,Sehore,2005,18.21,1311.92
maize,Madhya Pradesh,Sehore,2006,48.46,878.66
maize,Madhya Pradesh,Sehore,2007,17.6,1272.73
maize,Madhya Pradesh,Sehore,2008,17.6,1142.05
maize,Madhya Pradesh,Sehore,2009,17.1,941.52
maize,Madhya Pradesh,Sehore,2010,17.8,1775.28
maize,Madhya Pradesh,Sehore,2011,11.3,1000.0
maize,Madhya Pradesh,Sehore,2012,10.51,2511.89
maize,Madhya Pradesh,Sehore,2013,10.46,619.5
maize,Madhya Pradesh,Sehore,2014,35.0,1714.29
maize,Madhya Pradesh,Sehore,2015,11.0,2000.0
maize,Madhya Pradesh,Sehore,2016,20.0,1750.0
maize,Madhya Pradesh,Sehore,2017,17.12,2490.65
maize,Madhya Pradesh,Raisen,2000,2.5,2040.0
maize,Madhya Pradesh,Raisen,2001,2.7,2148.15
maize,Madhya Pradesh,Raisen,2002,3.1,2354.84
maize,Madhya Pradesh,Raisen,2003,3.2,2218.75
maize,Madhya Pradesh,Raisen,2004,3.36,1663.69
maize,Madhya Pradesh,Raisen,2005,3.4,1585.29
maize,Madhya Pradesh,Raisen,2006,3.38,1153.85
maize,Madhya Pradesh,Raisen,2007,3.1,1322.58
maize,Madhya Pradesh,Raisen,2008,6.3,1365.08
maize,Madhya Pradesh,Raisen,2009,3.8,1210.53
maize,Madhya Pradesh,Raisen,2010,3.4,1500.0
maize,Madhya Pradesh,Raisen,2011,5.3,1150.94
maize,Madhya Pradesh,Raisen,2012,3.55,1538.03
maize,Madhya Pradesh,Raisen,2013,3.24,793.21
maize,Madhya Pradesh,Raisen,2014,17.0,1529.41
maize,Madhya Pradesh,Raisen,2015,9.0,1222.22
maize,Madhya Pradesh,Raisen,2016,7.0,1571.43
maize,Madhya Pradesh,Raisen,2017,6.92,1660.4
maize,Madhya Pradesh,Vidisha,2000,5.1,2117.65
maize,Madhya Pradesh,Vidisha,2001,5.2,2384.62
maize,Madhya Pradesh,Vidisha,2002,5.6,2142.86
maize,Madhya Pradesh,Vidisha,2003,5.4,2037.04
maize,Madhya Pradesh,Vidisha,2004,5.69,1650.26
maize,Madhya Pradesh,Vidisha,2005,5.77,1573.66
maize,Madhya Pradesh,Vidisha,2006,5.35,1084.11
maize,Madhya Pradesh,Vidisha,2007,5.3,1339.62
maize,Madhya Pradesh,Vidisha,2008,5.4,1425.93
maize,Madhya Pradesh,Vidisha,2009,4.7,1255.32
maize,Madhya Pradesh,Vidisha,2010,4.0,1700.0
maize,Madhya Pradesh,Vidisha,2011,4.0,1350.0
maize,Madhya Pradesh,Vidisha,2012,3.57,2235.29
maize,Madhya Pradesh,Vidisha,2013,7.05,1163.12
maize,Madhya Pradesh,Vidisha,2014,27.0,1518.52
maize,Madhya Pradesh,Vidisha,2015,5.0,1400.0
maize,Madhya Pradesh,Vidisha,2016,3.0,2000.0
maize,Madhya Pradesh,Vidisha,2017,6.62,2457.7
maize,Madhya Pradesh,Betul,2000,24.4,2987.71
maize,Madhya Pradesh,Betul,2001,26.6,2274.44
maize,Madhya Pradesh,Betul,2002,32.1,2221.18
maize,Madhya Pradesh,Betul,2003,42.2,2016.59
maize,Madhya Pradesh,Betul,2004,44.54,1617.65
maize,Madhya Pradesh,Betul,2005,45.1,1596.45
maize,Madhya Pradesh,Betul,2006,48.0,1053.75
maize,Madhya Pradesh,Betul,2007,46.3,1371.49
maize,Madhya Pradesh,Betul,2008,42.4,1412.74
maize,Madhya Pradesh,Betul,2009,46.6,1266.09
maize,Madhya Pradesh,Betul,2010,48.5,1562.89
maize,Madhya Pradesh,Betul,2011,47.1,1511.68
maize,Madhya Pradesh,Betul,2012,50.25,3499.5
maize,Madhya Pradesh,Betul,2013,53.78,1254.0
maize,Madhya Pradesh,Betul,2014,18.0,2388.89
maize,Madhya Pradesh,Betul,2015,57.0,2333.33
maize,Madhya Pradesh,Betul,2016,74.0,2945.95
maize,Madhya Pradesh,Betul,2017,80.05,3975.02
maize,Madhya Pradesh,Rajgarh,2000,47.6,575.63
maize,Madhya Pradesh,Rajgarh,2001,43.8,1180.37
maize,Madhya Pradesh,Rajgarh,2002,44.3,808.13
maize,Madhya Pradesh,Rajgarh,2003,47.8,1725.94
maize,Madhya Pradesh,Rajgarh,2004,49.96,1205.36
maize,Madhya Pradesh,Rajgarh,2005,50.7,994.87
maize,Madhya Pradesh,Rajgarh,2006,47.81,495.5
maize,Madhya Pradesh,Rajgarh,2007,48.6,1146.09
maize,Madhya Pradesh,Rajgarh,2008,48.6,1193.42
maize,Madhya Pradesh,Rajgarh,2009,51.1,882.58
maize,Madhya Pradesh,Rajgarh,2010,53.7,1199.26
maize,Madhya Pradesh,Rajgarh,2011,53.5,923.36
maize,Madhya Pradesh,Rajgarh,2012,49.67,2517.21
maize,Madhya Pradesh,Rajgarh,2013,41.3,481.11
maize,Madhya Pradesh,Rajgarh,2014,32.0,2281.25
maize,Madhya Pradesh,Rajgarh,2015,68.0,1750.0
maize,Madhya Pradesh,Rajgarh,2016,68.0,2735.29
maize,Madhya Pradesh,Rajgarh,2017,63.91,3150.21
maize,Madhya Pradesh,Shajapur,2000,42.9,1797.2
maize,Madhya Pradesh,Shajapur,2001,45.5,1931.87
maize,Madhya Pradesh,Shajapur,2002,45.2,1873.89
maize,Madhya Pradesh,Shajapur,2003,42.9,2072.26
maize,Madhya Pradesh,Shajapur,2004,43.26,1613.73
maize,Madhya Pradesh,Shajapur,2005,44.31,1793.73
maize,Madhya Pradesh,Shajapur,2006,43.49,625.66
maize,Madhya Pradesh,Shajapur,2007,41.7,793.76
maize,Madhya Pradesh,Shajapur,2008,41.7,882.49
maize,Madhya Pradesh,Shajapur,2009,39.6,818.18
maize,Madhya Pradesh,Shajapur,2010,39.1,1506.39
maize,Madhya Pradesh,Shajapur,2011,39.1,636.83
maize,Madhya Pradesh,Shajapur,2012,32.86,2011.87
maize,Madhya Pradesh,Shajapur,2013,25.55,1085.71
maize,Madhya Pradesh,Shajapur,2014,44.0,2045.45
maize,Madhya Pradesh,Shajapur,2015,27.0,1333.33
maize,Madhya Pradesh,Shajapur,2016,24.0,1875.0
maize,Madhya Pradesh,Shajapur,2017,22.42,3243.98
maize,Madhya Pradesh,Hoshangabad,2000,2.6,2000.0
maize,Madhya Pradesh,Hoshangabad,2001,2.8,2071.43
maize,Madhya Pradesh,Hoshangabad,2002,3.5,2228.57
maize,Madhya Pradesh,Hoshangabad,2003,3.7,1972.97
maize,Madhya Pradesh,Hoshangabad,2004,3.4,1217.65
maize,Madhya Pradesh,Hoshangabad,2005,3.33,1456.46
maize,Madhya Pradesh,Hoshangabad,2006,3.29,951.37
maize,Madhya Pradesh,Hoshangabad,2007,2.8,1214.29
maize,Madhya Pradesh,Hoshangabad,2008,2.9,1413.79
maize,Madhya Pradesh,Hoshangabad,2009,2.0,1300.0
maize,Madhya Pradesh,Hoshangabad,2010,1.4,1642.86
maize,Madhya Pradesh,Hoshangabad,2011,1.4,1214.29
maize,Madhya Pradesh,Hoshangabad,2012,1.78,3196.63
maize,Madhya Pradesh,Hoshangabad,2013,1.91,1476.44
maize,Madhya Pradesh,Hoshangabad,2014,25.0,2160.0
maize,Madhya Pradesh,Hoshangabad,2015,11.0,1363.64
maize,Madhya Pradesh,Hoshangabad,2016,26.0,3423.08
maize,Madhya Pradesh,Hoshangabad,2017,35.25,3222.13
maize,Andhra Pradesh,Srikakulam,2000,1.89,3949.87
maize,Andhra Pradesh,Srikakulam,2001,2.77,5142.86
maize,Andhra Pradesh,Srikakulam,2002,3.0,5000.0
maize,Andhra Pradesh,Srikakulam,2003,7.83,3637.29
maize,Andhra Pradesh,Srikakulam,2004,6.18,4313.92
maize,Andhra Pradesh,Srikakulam,2005,7.11,4466.24
maize,Andhra Pradesh,Srikakulam,2006,8.81,3900.06
maize,Andhra Pradesh,Srikakulam,2007,8.4,4817.37
maize,Andhra Pradesh,Srikakulam,2008,11.2,4322.62
maize,Andhra Pradesh,Srikakulam,2009,13.56,4437.48
maize,Andhra Pradesh,Srikakulam,2010,16.88,5001.18
maize,Andhra Pradesh,Srikakulam,2011,21.73,5043.26
maize,Andhra Pradesh,Srikakulam,2012,20.81,4868.78
maize,Andhra Pradesh,Srikakulam,2013,25.07,4732.4
maize,Andhra Pradesh,Srikakulam,2014,30.35,5324.49
maize,Andhra Pradesh,Srikakulam,2015,33.4,5011.98
maize,Andhra Pradesh,Srikakulam,2016,34.56,4962.61
maize,Andhra Pradesh,Srikakulam,2017,51.91,5384.09
maize,Andhra Pradesh,Visakhapatnam,2000,9.26,2012.43
maize,Andhra Pradesh,Visakhapatnam,2001,10.29,2635.88
maize,Andhra Pradesh,Visakhapatnam,2002,10.0,3000.0
maize,Andhra Pradesh,Visakhapatnam,2003,14.11,2966.69
maize,Andhra Pradesh,Visakhapatnam,2004,12.54,3208.93
maize,Andhra Pradesh,Visakhapatnam,2005,12.83,3224.08
maize,Andhra Pradesh,Visakhapatnam,2006,14.32,2858.54
maize,Andhra Pradesh,Visakhapatnam,2007,13.47,3221.52
maize,Andhra Pradesh,Visakhapatnam,2008,15.56,3171.54
maize,Andhra Pradesh,Visakhapatnam,2009,15.72,3426.03
maize,Andhra Pradesh,Visakhapatnam,2010,16.26,3255.15
maize,Andhra Pradesh,Visakhapatnam,2011,17.8,4475.28
maize,Andhra Pradesh,Visakhapatnam,2012,17.52,3889.52
maize,Andhra Pradesh,Visakhapatnam,2013,21.57,3726.3
maize,Andhra Pradesh,Visakhapatnam,2014,22.67,4349.06
maize,Andhra Pradesh,Visakhapatnam,2015,23.3,4796.09
maize,Andhra Pradesh,Visakhapatnam,2016,24.64,4819.62
maize,Andhra Pradesh,Visakhapatnam,2017,25.82,5624.04
maize,Andhra Pradesh,East Godavari,2000,5.51,4678.77
maize,Andhra Pradesh,East Godavari,2001,3.8,5271.05
maize,Andhra Pradesh,East Godavari,2002,7.0,6142.86
maize,Andhra Pradesh,East Godavari,2003,8.51,4633.37
maize,Andhra Pradesh,East Godavari,2004,7.98,5844.61
maize,Andhra Pradesh,East Godavari,2005,9.6,6839.58
maize,Andhra Pradesh,East Godavari,2006,7.93,8401.01
maize,Andhra Pradesh,East Godavari,2007,7.94,6953.4
maize,Andhra Pradesh,East Godavari,2008,8.18,6633.25
maize,Andhra Pradesh,East Godavari,2009,8.99,7048.94
maize,Andhra Pradesh,East Godavari,2010,7.93,7074.4
maize,Andhra Pradesh,East Godavari,2011,8.54,6526.93
maize,Andhra Pradesh,East Godavari,2012,9.98,7374.75
maize,Andhra Pradesh,East Godavari,2013,11.2,8367.86
maize,Andhra Pradesh,East Godavari,2014,12.91,7804.8
maize,Andhra Pradesh,East Godavari,2016,10.22,8478.67
maize,Andhra Pradesh,West Godavari,2000,18.69,5036.92
maize,Andhra Pradesh,West Godavari,2001,13.48,6228.49
maize,Andhra Pradesh,West Godavari,2002,18.0,6722.22
maize,Andhra Pradesh,West Godavari,2003,27.82,5327.82
maize,Andhra Pradesh,West Godavari,2004,23.66,5973.37
maize,Andhra Pradesh,West Godavari,2005,29.12,5619.51
maize,Andhra Pradesh,West Godavari,2006,30.45,6724.14
maize,Andhra Pradesh,West Godavari,2007,35.91,6794.21
maize,Andhra Pradesh,West Godavari,2008,48.1,7871.1
maize,Andhra Pradesh,West Godavari,2009,46.88,6877.35
maize,Andhra Pradesh,West Godavari,2010,44.68,6885.86
maize,Andhra Pradesh,West Godavari,2011,48.36,6712.99
maize,Andhra Pradesh,West Godavari,2012,52.87,5993.57
maize,Andhra Pradesh,West Godavari,2013,53.87,7086.13
maize,Andhra Pradesh,West Godavari,2014,55.27,6692.42
maize,Andhra Pradesh,West Godavari,2015,56.37,7036.72
maize,Andhra Pradesh,West Godavari,2016,58.3,8624.61
maize,Andhra Pradesh,West Godavari,2017,59.43,7191.43
maize,Andhra Pradesh,Krishna,2000,10.38,3411.37
maize,Andhra Pradesh,Krishna,2001,7.22,4096.95
maize,Andhra Pradesh,Krishna,2002,10.0,3500.0
maize,Andhra Pradesh,Krishna,2003,12.2,3507.38
maize,Andhra Pradesh,Krishna,2004,13.4,6017.91
maize,Andhra Pradesh,Krishna,2005,13.47,5639.2
maize,Andhra Pradesh,Krishna,2006,11.1,7212.61
maize,Andhra Pradesh,Krishna,2007,17.28,7248.84
maize,Andhra Pradesh,Krishna,2008,29.32,7857.09
maize,Andhra Pradesh,Krishna,2009,20.42,7640.55
maize,Andhra Pradesh,Krishna,2010,19.22,8018.21
maize,Andhra Pradesh,Krishna,2011,24.69,6679.22
maize,Andhra Pradesh,Krishna,2012,26.23,6733.13
maize,Andhra Pradesh,Krishna,2013,32.88,6919.71
maize,Andhra Pradesh,Krishna,2014,25.63,6300.43
maize,Andhra Pradesh,Krishna,2015,19.63,5814.57
maize,Andhra Pradesh,Krishna,2016,20.09,6715.76
maize,Andhra Pradesh,Krishna,2017,28.83,6584.08
maize,Andhra Pradesh,Guntur,2000,16.83,3874.36
maize,Andhra Pradesh,Guntur,2001,11.12,5069.79
maize,Andhra Pradesh,Guntur,2002,12.14,4326.19
maize,Andhra Pradesh,Guntur,2003,31.53,4629.05
maize,Andhra Pradesh,Guntur,2004,39.82,7484.09
maize,Andhra Pradesh,Guntur,2006,36.74,7958.47
maize,Andhra Pradesh,Guntur,2007,60.93,8718.26
maize,Andhra Pradesh,Guntur,2009,72.01,7686.19
maize,Andhra Pradesh,Guntur,2011,77.99,8690.45
maize,Andhra Pradesh,Guntur,2012,92.99,7835.7
maize,Andhra Pradesh,Guntur,2013,97.7,7455.9
maize,Andhra Pradesh,Guntur,2015,36.55,8651.36
maize,Andhra Pradesh,Guntur,2016,38.59,8755.41
maize,Andhra Pradesh,S.P.S. Nellore,2000,6.13,3919.5
maize,Andhra Pradesh,S.P.S. Nellore,2001,3.57,4996.64
maize,Andhra Pradesh,S.P.S. Nellore,2002,3.42,1333.33
maize,Andhra Pradesh,S.P.S. Nellore,2003,3.9,2299.69
maize,Andhra Pradesh,S.P.S. Nellore,2004,3.6,2392.95
maize,Andhra Pradesh,S.P.S. Nellore,2005,2.36,4973.77
maize,Andhra Pradesh,S.P.S. Nellore,2006,1.48,5729.34
maize,Andhra Pradesh,S.P.S. Nellore,2007,2.08,5896.35
maize,Andhra Pradesh,S.P.S. Nellore,2008,3.38,5644.83
maize,Andhra Pradesh,S.P.S. Nellore,2009,3.04,7711.87
maize,Andhra Pradesh,S.P.S. Nellore,2010,3.98,8331.57
maize,Andhra Pradesh,S.P.S. Nellore,2011,6.58,7522.6
maize,Andhra Pradesh,S.P.S. Nellore,2012,9.57,6341.43
maize,Andhra Pradesh,S.P.S. Nellore,2013,10.7,7411.54
maize,Andhra Pradesh,S.P.S. Nellore,2014,7.31,7647.06
maize,Andhra Pradesh,S.P.S. Nellore,2015,4.61,5855.7
maize,Andhra Pradesh,S.P.S. Nellore,2016,3.83,6723.43
maize,Andhra Pradesh,S.P.S. Nellore,2017,7.69,6388.87
maize,Andhra Pradesh,Kurnool,2000,5.25,3280.2
maize,Andhra Pradesh,Kurnool,2001,2.38,4347.28
maize,Andhra Pradesh,Kurnool,2002,4.44,1783.78
maize,Andhra Pradesh,Kurnool,2003,6.65,2729.59
maize,Andhra Pradesh,Kurnool,2004,9.5,3145.34
maize,Andhra Pradesh,Kurnool,2005,10.08,6260.36
maize,Andhra Pradesh,Kurnool,2006,14.28,3941.44
maize,Andhra Pradesh,Kurnool,2007,20.47,6010.65
maize,Andhra Pradesh,Kurnool,2008,22.46,5667.84
maize,Andhra Pradesh,Kurnool,2009,15.95,4214.63
maize,Andhra Pradesh,Kurnool,2010,21.58,6536.44
maize,Andhra Pradesh,Kurnool,2011,31.67,5373.3
maize,Andhra Pradesh,Kurnool,2012,45.73,5369.67
maize,Andhra Pradesh,Kurnool,2013,55.58,6082.08
maize,Andhra Pradesh,Kurnool,2014,48.9,4234.42
maize,Andhra Pradesh,Kurnool,2015,25.12,4187.27
maize,Andhra Pradesh,Kurnool,2016,36.98,5515.71
maize,Andhra Pradesh,Kurnool,2017,55.51,5488.99
maize,Andhra Pradesh,Ananthapur,2000,3.87,2894.06
maize,Andhra Pradesh,Ananthapur,2001,3.11,3221.87
maize,Andhra Pradesh,Ananthapur,2002,6.0,2000.0
maize,Andhra Pradesh,Ananthapur,2003,7.46,2347.19
maize,Andhra Pradesh,Ananthapur,2004,7.07,5070.72
maize,Andhra Pradesh,Ananthapur,2005,7.39,4365.36
maize,Andhra Pradesh,Ananthapur,2006,8.0,5477.5
maize,Andhra Pradesh,Ananthapur,2007,13.49,5908.08
maize,Andhra Pradesh,Ananthapur,2008,9.7,5484.54
maize,Andhra Pradesh,Ananthapur,2009,13.47,5765.4
maize,Andhra Pradesh,Ananthapur,2010,15.48,6103.36
maize,Andhra Pradesh,Ananthapur,2011,31.66,3525.9
maize,Andhra Pradesh,Ananthapur,2012,29.11,3902.78
maize,Andhra Pradesh,Ananthapur,2013,34.86,3189.9
maize,Andhra Pradesh,Ananthapur,2014,21.31,3487.1
maize,Andhra Pradesh,Ananthapur,2015,17.84,3120.52
maize,Andhra Pradesh,Ananthapur,2016,18.31,2626.3
maize,Andhra Pradesh,Ananthapur,2017,23.27,3936.22
maize,Andhra Pradesh,Kadapa YSR,2008,2.02,7549.51
maize,Andhra Pradesh,Kadapa YSR,2009,1.4,5864.29
maize,Andhra Pradesh,Kadapa YSR,2010,1.41,7929.08
maize,Andhra Pradesh,Kadapa YSR,2011,1.59,6144.65
maize,Andhra Pradesh,Kadapa YSR,2012,2.7,6522.22
maize,Andhra Pradesh,Kadapa YSR,2013,5.49,6752.28
maize,Andhra Pradesh,Kadapa YSR,2014,3.35,6143.28
maize,Andhra Pradesh,Kadapa YSR,2015,1.55,1645.16
maize,Andhra Pradesh,Kadapa YSR,2016,2.74,5151.91
maize,Andhra Pradesh,Chittoor,2002,1.0,2000.0
maize,Andhra Pradesh,Chittoor,2003,1.13,3070.8
maize,Andhra Pradesh,Chittoor,2004,0.86,4674.42
maize,Andhra Pradesh,Chittoor,2005,0.77,6246.75
maize,Andhra Pradesh,Chittoor,2006,1.17,6282.05
maize,Andhra Pradesh,Chittoor,2007,1.06,6622.64
maize,Andhra Pradesh,Chittoor,2008,1.8,6883.33
maize,Andhra Pradesh,Chittoor,2009,1.94,4835.05
maize,Andhra Pradesh,Chittoor,2010,1.51,6543.05
maize,Andhra Pradesh,Chittoor,2011,1.81,5464.09
maize,Andhra Pradesh,Chittoor,2012,1.63,5061.35
maize,Andhra Pradesh,Chittoor,2013,3.21,5420.56
maize,Andhra Pradesh,Chittoor,2014,3.68,4144.02
maize,Andhra Pradesh,Chittoor,2015,3.16,3604.43
maize,Andhra Pradesh,Chittoor,2016,2.03,4194.49
maize,Andhra Pradesh,Chittoor,2017,2.5,5536.74
maize,Telangana,Hyderabad,2000,11.91,2069.69
maize,Telangana,Hyderabad,2001,9.3,2152.69
maize,Telangana,Hyderabad,2002,15.0,2666.67
maize,Telangana,Hyderabad,2003,29.64,4235.16
maize,Telangana,Hyderabad,2004,24.46,2645.95
maize,Telangana,Hyderabad,2005,30.66,3602.41
maize,Telangana,Hyderabad,2006,23.19,2833.12
maize,Telangana,Hyderabad,2007,27.05,4388.54
maize,Telangana,Hyderabad,2008,30.03,2539.46
maize,Telangana,Hyderabad,2009,27.04,1962.65
maize,Telangana,Hyderabad,2010,29.0,2145.86
maize,Telangana,Hyderabad,2011,37.69,1916.69
maize,Telangana,Hyderabad,2012,42.97,3879.45
maize,Telangana,Hyderabad,2013,49.37,3553.58
maize,Telangana,Hyderabad,2014,48.2,2968.88
maize,Telangana,Hyderabad,2015,47.39,3837.52
maize,Telangana,Hyderabad,2016,98.26,3164.57
maize,Telangana,Hyderabad,2017,76.66,2564.58
maize,Telangana,Nizamabad,2000,55.57,4055.61
maize,Telangana,Nizamabad,2001,52.64,4106.57
maize,Telangana,Nizamabad,2002,48.0,3291.67
maize,Telangana,Nizamabad,2003,54.76,3761.69
maize,Telangana,Nizamabad,2004,50.31,3408.67
maize,Telangana,Nizamabad,2005,62.6,4077.96
maize,Telangana,Nizamabad,2006,59.37,2918.48
maize,Telangana,Nizamabad,2007,62.42,5382.89
maize,Telangana,Nizamabad,2008,68.07,5023.65
maize,Telangana,Nizamabad,2009,75.13,3370.96
maize,Telangana,Nizamabad,2010,77.26,4781.13
maize,Telangana,Nizamabad,2011,86.32,5061.17
maize,Telangana,Nizamabad,2012,94.83,5333.12
maize,Telangana,Nizamabad,2013,92.65,5351.75
maize,Telangana,Nizamabad,2014,57.65,4926.28
maize,Telangana,Nizamabad,2015,42.06,4273.18
maize,Telangana,Nizamabad,2016,69.17,5103.2
maize,Telangana,Nizamabad,2017,71.49,5364.09
maize,Telangana,Medak,2000,102.47,1941.74
maize,Telangana,Medak,2001,91.4,2355.91
maize,Telangana,Medak,2002,89.0,2359.55
maize,Telangana,Medak,2003,112.37,1921.78
maize,Telangana,Medak,2004,113.86,2002.11
maize,Telangana,Medak,2005,120.74,2844.29
maize,Telangana,Medak,2006,104.26,1553.81
maize,Telangana,Medak,2007,101.6,4222.15
maize,Telangana,Medak,2008,87.0,2394.02
maize,Telangana,Medak,2009,111.08,1081.38
maize,Telangana,Medak,2010,100.13,3537.9
maize,Telangana,Medak,2011,116.7,2931.28
maize,Telangana,Medak,2012,142.21,4521.69
maize,Telangana,Medak,2013,143.38,3720.25
maize,Telangana,Medak,2014,127.63,1774.74
maize,Telangana,Medak,2015,116.41,2225.75
maize,Telangana,Medak,2016,155.57,2788.39
maize,Telangana,Medak,2017,102.9,3500.01
maize,Telangana,Mahabubnagar,2000,48.64,1555.51
maize,Telangana,Mahabubnagar,2001,40.79,1949.01
maize,Telangana,Mahabubnagar,2002,72.0,1305.56
maize,Telangana,Mahabubnagar,2003,94.74,2209.52
maize,Telangana,Mahabubnagar,2004,92.53,1557.66
maize,Telangana,Mahabubnagar,2005,105.06,3383.97
maize,Telangana,Mahabubnagar,2006,133.68,1549.9
maize,Telangana,Mahabubnagar,2007,123.09,3863.51
maize,Telangana,Mahabubnagar,2008,125.96,1611.78
maize,Telangana,Mahabubnagar,2009,130.08,1074.42
maize,Telangana,Mahabubnagar,2010,88.26,3227.28
maize,Telangana,Mahabubnagar,2011,146.43,1473.4
maize,Telangana,Mahabubnagar,2012,135.43,3099.76
maize,Telangana,Mahabubnagar,2013,165.67,4748.6
maize,Telangana,Mahabubnagar,2014,182.49,1914.41
maize,Telangana,Mahabubnagar,2015,162.56,1315.7
maize,Telangana,Mahabubnagar,2016,201.27,1240.0
maize,Telangana,Mahabubnagar,2017,138.08,2296.62
maize,Telangana,Nalgonda,2000,2.78,2676.26
maize,Telangana,Nalgonda,2001,2.48,3096.77
maize,Telangana,Nalgonda,2002,3.0,2666.67
maize,Telangana,Nalgonda,2003,4.76,3268.91
maize,Telangana,Nalgonda,2004,3.4,2538.24
maize,Telangana,Nalgonda,2005,5.32,3580.83
maize,Telangana,Nalgonda,2006,2.68,2641.79
maize,Telangana,Nalgonda,2007,3.5,2420.0
maize,Telangana,Nalgonda,2008,3.25,1698.46
maize,Telangana,Nalgonda,2009,1.86,2129.03
maize,Telangana,Nalgonda,2010,1.86,2784.95
maize,Telangana,Nalgonda,2011,2.5,2312.0
maize,Telangana,Nalgonda,2012,4.62,2365.8
maize,Telangana,Nalgonda,2013,4.82,1676.35
maize,Telangana,Nalgonda,2014,3.85,1906.49
maize,Telangana,Nalgonda,2015,2.54,1185.04
maize,Telangana,Nalgonda,2016,5.88,2095.36
maize,Telangana,Nalgonda,2017,1.72,3518.26
maize,Telangana,Warangal,2000,62.79,2560.28
maize,Telangana,Warangal,2001,40.14,3336.82
maize,Telangana,Warangal,2002,67.0,2731.34
maize,Telangana,Warangal,2003,84.3,3591.46
maize,Telangana,Warangal,2004,71.86,3656.69
maize,Telangana,Warangal,2005,78.06,4084.42
maize,Telangana,Warangal,2006,75.57,3486.57
maize,Telangana,Warangal,2007,78.89,4444.29
maize,Telangana,Warangal,2008,79.7,4321.08
maize,Telangana,Warangal,2009,68.62,2921.6
maize,Telangana,Warangal,2010,66.94,3896.62
maize,Telangana,Warangal,2011,58.96,4498.13
maize,Telangana,Warangal,2012,80.09,4839.68
maize,Telangana,Warangal,2013,119.93,4983.41
maize,Telangana,Warangal,2014,107.39,4894.78
maize,Telangana,Warangal,2015,74.84,4832.58
maize,Telangana,Warangal,2016,113.68,5607.67
maize,Telangana,Warangal,2017,103.07,6541.12
maize,Telangana,Khammam,2000,21.06,3138.65
maize,Telangana,Khammam,2001,16.2,3076.54
maize,Telangana,Khammam,2002,22.0,1500.0
maize,Telangana,Khammam,2003,25.57,4444.27
maize,Telangana,Khammam,2004,23.31,3090.52
maize,Telangana,Khammam,2005,33.24,3454.87
maize,Telangana,Khammam,2006,27.49,5129.87
maize,Telangana,Khammam,2007,28.53,6239.75
maize,Telangana,Khammam,2008,37.65,6554.05
maize,Telangana,Khammam,2009,36.99,4919.44
maize,Telangana,Khammam,2010,35.06,6164.86
maize,Telangana,Khammam,2011,27.4,4985.04
maize,Telangana,Khammam,2012,32.06,5379.29
maize,Telangana,Khammam,2013,37.24,5469.92
maize,Telangana,Khammam,2014,32.8,4909.15
maize,Telangana,Khammam,2015,20.63,4949.1
maize,Telangana,Khammam,2016,24.5,5650.88
maize,Telangana,Khammam,2017,40.99,6142.77
maize,Telangana,Karimnagar,2000,113.58,3745.64
maize,Telangana,Karimnagar,2001,89.44,3956.28
maize,Telangana,Karimnagar,2002,106.0,3471.7
maize,Telangana,Karimnagar,2003,162.79,4108.61
maize,Telangana,Karimnagar,2004,125.87,2582.74
maize,Telangana,Karimnagar,2005,175.31,4162.57
maize,Telangana,Karimnagar,2006,140.17,3771.06
maize,Telangana,Karimnagar,2007,155.62,5787.88
maize,Telangana,Karimnagar,2008,136.33,4618.65
maize,Telangana,Karimnagar,2009,100.58,3429.61
maize,Telangana,Karimnagar,2010,91.16,4781.26
maize,Telangana,Karimnagar,2011,97.3,3756.83
maize,Telangana,Karimnagar,2012,108.71,5231.17
maize,Telangana,Karimnagar,2013,114.34,5462.74
maize,Telangana,Karimnagar,2014,108.09,5017.21
maize,Telangana,Karimnagar,2015,84.95,4429.9
maize,Telangana,Karimnagar,2016,102.86,5441.84
maize,Telangana,Karimnagar,2017,65.36,5152.81
maize,Telangana,Adilabad,2000,30.5,3132.13
maize,Telangana,Adilabad,2001,27.71,3944.42
maize,Telangana,Adilabad,2002,29.0,2379.31
maize,Telangana,Adilabad,2003,30.46,4078.79
maize,Telangana,Adilabad,2004,26.52,2808.45
maize,Telangana,Adilabad,2005,27.15,3394.84
maize,Telangana,Adilabad,2006,25.06,3112.93
maize,Telangana,Adilabad,2007,23.85,3170.65
maize,Telangana,Adilabad,2008,32.62,4214.59
maize,Telangana,Adilabad,2009,17.9,3825.14
maize,Telangana,Adilabad,2010,20.36,3921.41
maize,Telangana,Adilabad,2011,18.05,2903.05
maize,Telangana,Adilabad,2012,22.02,3123.07
maize,Telangana,Adilabad,2013,22.82,3771.25
maize,Telangana,Adilabad,2014,23.38,2940.98
maize,Telangana,Adilabad,2015,21.41,3428.3
maize,Telangana,Adilabad,2016,30.63,6109.78
maize,Telangana,Adilabad,2017,30.18,7486.25
maize,Karnataka,Bangalore,2000,6.8,3235.29
maize,Karnataka,Bangalore,2001,7.04,3894.89
maize,Karnataka,Bangalore,2002,5.5,3165.45
maize,Karnataka,Bangalore,2003,7.85,4422.93
maize,Karnataka,Bangalore,2004,8.58,3186.48
maize,Karnataka,Bangalore,2005,10.28,4244.16
maize,Karnataka,Bangalore,2006,7.98,3474.94
maize,Karnataka,Bangalore,2007,11.19,4919.57
maize,Karnataka,Bangalore,2008,13.26,4365.01
maize,Karnataka,Bangalore,2009,13.59,4402.5
maize,Karnataka,Bangalore,2010,12.71,5053.5
maize,Karnataka,Bangalore,2011,17.77,4643.22
maize,Karnataka,Bangalore,2012,14.87,3264.29
maize,Karnataka,Bangalore,2013,16.73,3176.93
maize,Karnataka,Bangalore,2014,18.08,3196.35
maize,Karnataka,Bangalore,2015,17.99,2867.15
maize,Karnataka,Bangalore,2016,14.63,2353.77
maize,Karnataka,Bangalore,2017,12.76,4801.21
maize,Karnataka,Kolar,2000,16.4,2621.95
maize,Karnataka,Kolar,2001,16.3,1541.72
maize,Karnataka,Kolar,2002,16.9,1292.9
maize,Karnataka,Kolar,2003,26.33,2092.67
maize,Karnataka,Kolar,2004,24.9,1930.12
maize,Karnataka,Kolar,2005,23.09,2779.13
maize,Karnataka,Kolar,2006,23.95,2014.61
maize,Karnataka,Kolar,2007,34.54,1817.89
maize,Karnataka,Kolar,2008,35.58,3483.14
maize,Karnataka,Kolar,2009,39.99,3019.75
maize,Karnataka,Kolar,2010,43.29,3658.35
maize,Karnataka,Kolar,2011,60.03,3147.09
maize,Karnataka,Kolar,2012,61.53,2791.32
maize,Karnataka,Kolar,2013,59.44,3592.19
maize,Karnataka,Kolar,2014,65.7,2033.33
maize,Karnataka,Kolar,2015,60.02,3350.72
maize,Karnataka,Kolar,2016,53.31,1646.85
maize,Karnataka,Kolar,2017,59.61,4448.56
maize,Karnataka,Tumkur,2000,10.4,2788.46
maize,Karnataka,Tumkur,2001,9.57,2138.98
maize,Karnataka,Tumkur,2002,14.51,1498.28
maize,Karnataka,Tumkur,2003,13.8,1539.13
maize,Karnataka,Tumkur,2004,12.54,2650.72
maize,Karnataka,Tumkur,2005,15.86,3051.7
maize,Karnataka,Tumkur,2006,14.01,1827.27
maize,Karnataka,Tumkur,2007,21.06,2834.76
maize,Karnataka,Tumkur,2008,20.22,1953.02
maize,Karnataka,Tumkur,2009,20.31,1937.47
maize,Karnataka,Tumkur,2010,21.76,2592.83
maize,Karnataka,Tumkur,2011,25.89,2377.75
maize,Karnataka,Tumkur,2012,25.25,2316.04
maize,Karnataka,Tumkur,2013,25.47,2131.53
maize,Karnataka,Tumkur,2014,28.2,2391.49
maize,Karnataka,Tumkur,2015,24.21,2584.06
maize,Karnataka,Tumkur,2016,28.42,1659.99
maize,Karnataka,Tumkur,2017,20.12,2928.44
maize,Karnataka,Mysore,2000,41.8,2870.81
maize,Karnataka,Mysore,2001,32.15,3350.23
maize,Karnataka,Mysore,2002,34.84,2465.27
maize,Karnataka,Mysore,2003,36.5,2015.34
maize,Karnataka,Mysore,2004,38.34,3004.17
maize,Karnataka,Mysore,2005,44.97,3358.02
maize,Karnataka,Mysore,2006,55.46,3176.34
maize,Karnataka,Mysore,2007,64.73,2934.65
maize,Karnataka,Mysore,2008,67.85,3047.75
maize,Karnataka,Mysore,2009,67.29,2607.07
maize,Karnataka,Mysore,2010,63.12,3323.04
maize,Karnataka,Mysore,2011,71.91,2459.19
maize,Karnataka,Mysore,2012,75.07,2664.18
maize,Karnataka,Mysore,2013,73.68,3349.35
maize,Karnataka,Mysore,2014,71.43,3811.56
maize,Karnataka,Mysore,2015,75.77,3578.33
maize,Karnataka,Mysore,2016,63.19,2004.53
maize,Karnataka,Mysore,2017,78.6,4205.46
maize,Karnataka,Mandya,2002,3.21,1853.58
maize,Karnataka,Mandya,2003,3.5,2191.43
maize,Karnataka,Mandya,2004,4.12,3500.0
maize,Karnataka,Mandya,2005,2.6,2411.54
maize,Karnataka,Mandya,2006,3.25,2049.23
maize,Karnataka,Mandya,2007,2.17,3304.15
maize,Karnataka,Mandya,2008,5.94,1670.03
maize,Karnataka,Mandya,2009,4.07,1292.38
maize,Karnataka,Mandya,2010,4.75,1675.79
maize,Karnataka,Mandya,2011,5.26,2958.17
maize,Karnataka,Mandya,2012,4.31,1791.18
maize,Karnataka,Mandya,2013,3.17,3438.49
maize,Karnataka,Mandya,2014,4.49,3993.32
maize,Karnataka,Mandya,2015,4.89,3509.2
maize,Karnataka,Mandya,2016,3.81,1093.13
maize,Karnataka,Mandya,2017,10.29,3077.18
maize,Karnataka,Hassan,2000,14.8,3918.92
maize,Karnataka,Hassan,2001,15.11,3835.21
maize,Karnataka,Hassan,2002,19.16,3054.8
maize,Karnataka,Hassan,2003,21.92,1755.47
maize,Karnataka,Hassan,2004,30.07,3261.06
maize,Karnataka,Hassan,2005,32.23,2941.98
maize,Karnataka,Hassan,2006,41.18,3154.69
maize,Karnataka,Hassan,2007,47.43,3138.94
maize,Karnataka,Hassan,2008,41.75,3312.57
maize,Karnataka,Hassan,2009,62.83,3537.32
maize,Karnataka,Hassan,2010,63.55,4413.06
maize,Karnataka,Hassan,2011,65.7,3530.44
maize,Karnataka,Hassan,2012,70.13,2645.52
maize,Karnataka,Hassan,2013,70.02,3287.63
maize,Karnataka,Hassan,2014,83.44,3874.4
maize,Karnataka,Hassan,2015,79.06,3163.67
maize,Karnataka,Hassan,2016,90.14,2300.98
maize,Karnataka,Hassan,2017,82.85,6371.48
maize,Karnataka,Shimoge,2000,18.7,3315.51
maize,Karnataka,Shimoge,2001,17.82,2826.6
maize,Karnataka,Shimoge,2002,26.68,3620.69
maize,Karnataka,Shimoge,2003,48.65,2950.67
maize,Karnataka,Shimoge,2004,60.14,3677.09
maize,Karnataka,Shimoge,2005,60.27,2677.62
maize,Karnataka,Shimoge,2006,58.55,3126.73
maize,Karnataka,Shimoge,2007,55.81,2210.18
maize,Karnataka,Shimoge,2008,56.52,3759.38
maize,Karnataka,Shimoge,2009,69.48,2877.52
maize,Karnataka,Shimoge,2010,63.73,4283.7
maize,Karnataka,Shimoge,2011,63.02,4215.8
maize,Karnataka,Shimoge,2012,69.53,4131.17
maize,Karnataka,Shimoge,2013,65.44,2923.9
maize,Karnataka,Shimoge,2014,58.98,3580.87
maize,Karnataka,Shimoge,2015,51.3,3957.12
maize,Karnataka,Shimoge,2016,52.78,3368.74
maize,Karnataka,Shimoge,2017,71.21,5045.43
maize,Karnataka,Chickmagalur,2001,0.51,2352.94
maize,Karnataka,Chickmagalur,2002,0.81,1728.4
maize,Karnataka,Chickmagalur,2003,0.64,1484.38
maize,Karnataka,Chickmagalur,2004,2.01,1960.2
maize,Karnataka,Chickmagalur,2005,2.08,3889.42
maize,Karnataka,Chickmagalur,2006,2.33,3763.95
maize,Karnataka,Chickmagalur,2007,4.21,2921.62
maize,Karnataka,Chickmagalur,2008,4.64,2452.59
maize,Karnataka,Chickmagalur,2009,10.7,2752.34
maize,Karnataka,Chickmagalur,2010,15.59,3288.65
maize,Karnataka,Chickmagalur,2011,25.06,2513.97
maize,Karnataka,Chickmagalur,2012,17.39,2077.63
maize,Karnataka,Chickmagalur,2013,28.08,2591.17
maize,Karnataka,Chickmagalur,2014,23.59,2577.36
maize,Karnataka,Chickmagalur,2015,25.83,2387.53
maize,Karnataka,Chickmagalur,2016,28.47,3521.66
maize,Karnataka,Chickmagalur,2017,15.29,2957.35
maize,Karnataka,Chitradurga,2000,174.9,3333.33
maize,Karnataka,Chitradurga,2001,58.56,2529.2
maize,Karnataka,Chitradurga,2002,178.14,1553.44
maize,Karnataka,Chitradurga,2003,137.26,1369.95
maize,Karnataka,Chitradurga,2004,223.34,2959.03
maize,Karnataka,Chitradurga,2005,205.0,2673.27
maize,Karnataka,Chitradurga,2006,241.66,2175.99
maize,Karnataka,Chitradurga,2007,237.3,3042.9
maize,Karnataka,Chitradurga,2008,240.11,2169.42
maize,Karnataka,Chitradurga,2009,258.61,2552.76
maize,Karnataka,Chitradurga,2010,283.54,3623.9
maize,Karnataka,Chitradurga,2011,280.88,2879.02
maize,Karnataka,Chitradurga,2012,286.04,2593.73
maize,Karnataka,Chitradurga,2013,287.5,3111.9
maize,Karnataka,Chitradurga,2014,273.46,3091.17
maize,Karnataka,Chitradurga,2015,265.59,3011.48
maize,Karnataka,Chitradurga,2016,292.83,1678.73
maize,Karnataka,Chitradurga,2017,270.3,4256.05
maize,Karnataka,Bellary,2000,53.3,3076.92
maize,Karnataka,Bellary,2001,44.85,3219.4
maize,Karnataka,Bellary,2002,59.88,2280.06
maize,Karnataka,Bellary,2003,61.05,2726.13
maize,Karnataka,Bellary,2004,53.78,2996.47
maize,Karnataka,Bellary,2005,71.6,3259.08
maize,Karnataka,Bellary,2006,81.24,2286.8
maize,Karnataka,Bellary,2007,96.19,2844.79
maize,Karnataka,Bellary,2008,87.46,2684.43
maize,Karnataka,Bellary,2009,100.52,1971.15
maize,Karnataka,Bellary,2010,93.49,3276.29
maize,Karnataka,Bellary,2011,103.65,2660.01
maize,Karnataka,Bellary,2012,109.12,2332.02
maize,Karnataka,Bellary,2013,84.63,2766.51
maize,Karnataka,Bellary,2014,99.85,2616.73
maize,Karnataka,Bellary,2015,99.74,2640.16
maize,Karnataka,Bellary,2016,95.1,2634.99
maize,Karnataka,Bellary,2017,97.82,3849.42
maize,Karnataka,Dharwad,2000,133.5,3775.28
maize,Karnataka,Dharwad,2001,92.19,2252.31
maize,Karnataka,Dharwad,2002,137.49,1921.01
maize,Karnataka,Dharwad,2003,127.99,1193.06
maize,Karnataka,Dharwad,2004,176.93,2520.43
maize,Karnataka,Dharwad,2005,221.53,2713.58
maize,Karnataka,Dharwad,2006,194.68,3007.24
maize,Karnataka,Dharwad,2007,224.32,2561.39
maize,Karnataka,Dharwad,2008,194.35,2525.55
maize,Karnataka,Dharwad,2009,226.12,2086.33
maize,Karnataka,Dharwad,2010,233.78,3426.68
maize,Karnataka,Dharwad,2011,248.11,3010.84
maize,Karnataka,Dharwad,2012,240.36,2087.04
maize,Karnataka,Dharwad,2013,263.57,3105.85
maize,Karnataka,Dharwad,2014,237.14,2787.59
maize,Karnataka,Dharwad,2015,235.76,2154.56
maize,Karnataka,Dharwad,2016,275.8,2325.56
maize,Karnataka,Dharwad,2017,251.61,3932.23
maize,Karnataka,Belgaum,2000,113.2,2526.5
maize,Karnataka,Belgaum,2001,99.13,2096.74
maize,Karnataka,Belgaum,2002,92.22,2046.74
maize,Karnataka,Belgaum,2003,72.92,2176.08
maize,Karnataka,Belgaum,2004,121.54,3161.18
maize,Karnataka,Belgaum,2005,137.58,3534.67
maize,Karnataka,Belgaum,2006,128.02,3342.37
maize,Karnataka,Belgaum,2007,152.79,3261.4
maize,Karnataka,Belgaum,2008,145.74,2928.98
maize,Karnataka,Belgaum,2009,162.34,2116.42
maize,Karnataka,Belgaum,2010,157.51,3206.46
maize,Karnataka,Belgaum,2011,148.0,2973.31
maize,Karnataka,Belgaum,2012,133.17,2649.47
maize,Karnataka,Belgaum,2013,157.64,3148.0
maize,Karnataka,Belgaum,2014,156.72,3704.31
maize,Karnataka,Belgaum,2015,131.16,2147.38
maize,Karnataka,Belgaum,2016,165.6,3132.11
maize,Karnataka,Belgaum,2017,141.2,4413.1
maize,Karnataka,Bijapur / Vijayapura,2000,67.8,2994.1
maize,Karnataka,Bijapur / Vijayapura,2001,48.71,2816.46
maize,Karnataka,Bijapur / Vijayapura,2002,43.46,2910.72
maize,Karnataka,Bijapur / Vijayapura,2003,37.47,2960.77
maize,Karnataka,Bijapur / Vijayapura,2004,70.46,3201.96
maize,Karnataka,Bijapur / Vijayapura,2005,82.5,3530.55
maize,Karnataka,Bijapur / Vijayapura,2006,82.43,3113.55
maize,Karnataka,Bijapur / Vijayapura,2007,123.45,3529.93
maize,Karnataka,Bijapur / Vijayapura,2008,112.78,3177.43
maize,Karnataka,Bijapur / Vijayapura,2009,146.59,2003.96
maize,Karnataka,Bijapur / Vijayapura,2010,164.02,3100.17
maize,Karnataka,Bijapur / Vijayapura,2011,164.19,3191.79
maize,Karnataka,Bijapur / Vijayapura,2012,140.72,2884.74
maize,Karnataka,Bijapur / Vijayapura,2013,156.53,3520.09
maize,Karnataka,Bijapur / Vijayapura,2014,134.09,3475.87
maize,Karnataka,Bijapur / Vijayapura,2015,84.51,2673.06
maize,Karnataka,Bijapur / Vijayapura,2016,128.67,3734.72
maize,Karnataka,Bijapur / Vijayapura,2017,113.44,4083.32
maize,Karnataka,Bidar,2003,0.53,1452.83
maize,Karnataka,Bidar,2007,0.51,2235.29
maize,Karnataka,Bidar,2008,0.73,1890.41
maize,Karnataka,Bidar,2009,1.69,834.32
maize,Karnataka,Bidar,2010,1.36,3338.24
maize,Karnataka,Bidar,2011,1.53,3058.82
maize,Karnataka,Bidar,2012,2.72,2746.32
maize,Karnataka,Bidar,2013,2.77,3714.8
maize,Karnataka,Bidar,2014,1.48,1851.35
maize,Karnataka,Bidar,2015,1.38,1956.52
maize,Karnataka,Bidar,2016,1.52,1055.37
maize,Karnataka,Bidar,2017,0.87,3494.81
maize,Karnataka,Raichur,2000,11.9,3949.58
maize,Karnataka,Raichur,2001,10.82,3187.62
maize,Karnataka,Raichur,2002,11.6,2216.38
maize,Karnataka,Raichur,2003,16.12,2474.57
maize,Karnataka,Raichur,2004,17.01,2737.21
maize,Karnataka,Raichur,2005,17.03,2267.18
maize,Karnataka,Raichur,2006,18.34,1913.85
maize,Karnataka,Raichur,2007,28.34,2920.61
maize,Karnataka,Raichur,2008,28.24,2748.23
maize,Karnataka,Raichur,2009,41.98,1515.72
maize,Karnataka,Raichur,2010,49.2,2835.98
maize,Karnataka,Raichur,2011,53.81,2920.83
maize,Karnataka,Raichur,2012,56.56,2756.19
maize,Karnataka,Raichur,2013,68.22,3473.03
maize,Karnataka,Raichur,2014,64.26,3021.32
maize,Karnataka,Raichur,2015,50.81,1314.51
maize,Karnataka,Raichur,2016,61.32,1347.81
maize,Karnataka,Raichur,2017,65.34,3611.91
maize,Karnataka,Gulbarga / Kalaburagi,2000,2.5,2400.0
maize,Karnataka,Gulbarga / Kalaburagi,2001,2.04,2465.69
maize,Karnataka,Gulbarga / Kalaburagi,2002,2.2,2122.73
maize,Karnataka,Gulbarga / Kalaburagi,2003,2.57,2151.75
maize,Karnataka,Gulbarga / Kalaburagi,2004,2.29,3676.86
maize,Karnataka,Gulbarga / Kalaburagi,2005,4.6,2836.96
maize,Karnataka,Gulbarga / Kalaburagi,2006,2.4,1804.17
maize,Karnataka,Gulbarga / Kalaburagi,2007,2.68,2563.43
maize,Karnataka,Gulbarga / Kalaburagi,2008,5.94,2383.84
maize,Karnataka,Gulbarga / Kalaburagi,2009,6.35,1124.41
maize,Karnataka,Gulbarga / Kalaburagi,2010,8.53,1865.18
maize,Karnataka,Gulbarga / Kalaburagi,2011,7.44,2262.1
maize,Karnataka,Gulbarga / Kalaburagi,2012,6.45,2800.0
maize,Karnataka,Gulbarga / Kalaburagi,2013,6.25,2633.6
maize,Karnataka,Gulbarga / Kalaburagi,2014,6.33,2551.34
maize,Karnataka,Gulbarga / Kalaburagi,2015,3.6,1375.0
maize,Karnataka,Gulbarga / Kalaburagi,2016,5.1,1860.53
maize,Karnataka,Gulbarga / Kalaburagi,2017,2.28,3711.84
maize,Karnataka,Uttara Kannada,2003,0.71,1478.87
maize,Karnataka,Uttara Kannada,2004,1.13,2557.52
maize,Karnataka,Uttara Kannada,2005,1.93,2331.61
maize,Karnataka,Uttara Kannada,2006,2.04,848.04
maize,Karnataka,Uttara Kannada,2007,2.93,2976.11
maize,Karnataka,Uttara Kannada,2008,3.33,4276.28
maize,Karnataka,Uttara Kannada,2009,4.45,3676.4
maize,Karnataka,Uttara Kannada,2010,4.49,4173.72
maize,Karnataka,Uttara Kannada,2011,3.79,3023.75
maize,Karnataka,Uttara Kannada,2012,4.51,5494.46
maize,Karnataka,Uttara Kannada,2013,5.91,2847.72
maize,Karnataka,Uttara Kannada,2014,6.29,3815.58
maize,Karnataka,Uttara Kannada,2015,5.23,4508.6
maize,Karnataka,Uttara Kannada,2016,5.66,5424.58
maize,Karnataka,Uttara Kannada,2017,9.87,5450.75
maize,Karnataka,Kodagu / Coorg,2000,1.6,3125.0
maize,Karnataka,Kodagu / Coorg,2001,2.36,4279.66
maize,Karnataka,Kodagu / Coorg,2002,2.47,3995.95
maize,Karnataka,Kodagu / Coorg,2003,2.38,4470.59
maize,Karnataka,Kodagu / Coorg,2004,2.88,4065.97
maize,Karnataka,Kodagu / Coorg,2005,2.34,4995.73
maize,Karnataka,Kodagu / Coorg,2006,2.65,4494.34
maize,Karnataka,Kodagu / Coorg,2007,3.14,4098.73
maize,Karnataka,Kodagu / Coorg,2008,3.81,4419.95
maize,Karnataka,Kodagu / Coorg,2009,3.58,4675.98
maize,Karnataka,Kodagu / Coorg,2010,3.27,4798.17
maize,Karnataka,Kodagu / Coorg,2011,3.7,3797.3
maize,Karnataka,Kodagu / Coorg,2012,3.91,4478.26
maize,Karnataka,Kodagu / Coorg,2013,2.1,3861.9
maize,Karnataka,Kodagu / Coorg,2014,3.52,5090.91
maize,Karnataka,Kodagu / Coorg,2015,3.45,4484.06
maize,Karnataka,Kodagu / Coorg,2016,3.86,5537.55
maize,Karnataka,Kodagu / Coorg,2017,3.56,7516.3
maize,Tamil Nadu,Chengalpattu MGR / Kanchipuram,2014,0.54,7833.33
maize,Tamil Nadu,South Arcot / Cuddalore,2002,1.14,1675.44
maize,Tamil Nadu,South Arcot / Cuddalore,2003,8.9,1573.03
maize,Tamil Nadu,South Arcot / Cuddalore,2004,5.66,1780.92
maize,Tamil Nadu,South Arcot / Cuddalore,2005,8.96,1312.5
maize,Tamil Nadu,South Arcot / Cuddalore,2006,9.09,2896.59
maize,Tamil Nadu,South Arcot / Cuddalore,2007,15.74,2417.41
maize,Tamil Nadu,South Arcot / Cuddalore,2008,17.9,2799.44
maize,Tamil Nadu,South Arcot / Cuddalore,2009,14.57,2688.4
maize,Tamil Nadu,South Arcot / Cuddalore,2010,15.18,2118.58
maize,Tamil Nadu,South Arcot / Cuddalore,2011,19.06,3307.97
maize,Tamil Nadu,South Arcot / Cuddalore,2012,20.56,2175.58
maize,Tamil Nadu,South Arcot / Cuddalore,2013,53.26,5165.23
maize,Tamil Nadu,South Arcot / Cuddalore,2014,45.09,7310.49
maize,Tamil Nadu,South Arcot / Cuddalore,2015,44.65,5647.93
maize,Tamil Nadu,South Arcot / Cuddalore,2016,34.7,4900.05
maize,Tamil Nadu,South Arcot / Cuddalore,2017,37.72,7567.6
maize,Tamil Nadu,North Arcot / Vellore,2000,1.12,1660.71
maize,Tamil Nadu,North Arcot / Vellore,2001,1.13,1654.87
maize,Tamil Nadu,North Arcot / Vellore,2002,0.83,1650.6
maize,Tamil Nadu,North Arcot / Vellore,2003,0.8,1650.0
maize,Tamil Nadu,North Arcot / Vellore,2004,1.33,1661.65
maize,Tamil Nadu,North Arcot / Vellore,2005,0.51,1156.86
maize,Tamil Nadu,North Arcot / Vellore,2006,0.56,4035.71
maize,Tamil Nadu,North Arcot / Vellore,2007,0.83,3397.59
maize,Tamil Nadu,North Arcot / Vellore,2008,4.61,5789.59
maize,Tamil Nadu,North Arcot / Vellore,2009,0.91,5769.23
maize,Tamil Nadu,North Arcot / Vellore,2010,0.57,4263.16
maize,Tamil Nadu,North Arcot / Vellore,2011,1.94,6113.4
maize,Tamil Nadu,North Arcot / Vellore,2012,1.72,3313.95
maize,Tamil Nadu,North Arcot / Vellore,2013,7.17,5543.93
maize,Tamil Nadu,North Arcot / Vellore,2014,7.05,7878.01
maize,Tamil Nadu,North Arcot / Vellore,2015,5.52,7125.0
maize,Tamil Nadu,North Arcot / Vellore,2016,4.74,3951.11
maize,Tamil Nadu,North Arcot / Vellore,2017,5.37,8166.57
maize,Tamil Nadu,Salem,2000,7.77,1773.49
maize,Tamil Nadu,Salem,2001,7.04,1761.36
maize,Tamil Nadu,Salem,2002,8.47,1767.41
maize,Tamil Nadu,Salem,2003,12.05,1846.47
maize,Tamil Nadu,Salem,2004,16.07,1845.05
maize,Tamil Nadu,Salem,2005,18.68,1162.21
maize,Tamil Nadu,Salem,2006,10.95,4207.31
maize,Tamil Nadu,Salem,2007,16.93,4103.37
maize,Tamil Nadu,Salem,2008,41.84,3402.72
maize,Tamil Nadu,Salem,2009,30.55,4979.71
maize,Tamil Nadu,Salem,2010,34.12,5615.77
maize,Tamil Nadu,Salem,2011,45.92,5781.36
maize,Tamil Nadu,Salem,2012,41.47,5186.64
maize,Tamil Nadu,Salem,2013,62.56,7412.56
maize,Tamil Nadu,Salem,2014,67.3,8853.2
maize,Tamil Nadu,Salem,2016,44.96,6965.03
maize,Tamil Nadu,Coimbatore,2000,17.49,1137.22
maize,Tamil Nadu,Coimbatore,2001,16.27,1135.22
maize,Tamil Nadu,Coimbatore,2002,18.47,1136.98
maize,Tamil Nadu,Coimbatore,2003,22.04,1133.85
maize,Tamil Nadu,Coimbatore,2004,25.6,1158.59
maize,Tamil Nadu,Coimbatore,2005,22.61,1182.66
maize,Tamil Nadu,Coimbatore,2006,23.09,5582.94
maize,Tamil Nadu,Coimbatore,2007,23.51,5366.65
maize,Tamil Nadu,Coimbatore,2008,23.45,4522.17
maize,Tamil Nadu,Coimbatore,2009,21.23,6637.78
maize,Tamil Nadu,Coimbatore,2010,19.01,5466.86
maize,Tamil Nadu,Coimbatore,2011,22.52,7938.28
maize,Tamil Nadu,Coimbatore,2012,17.67,5421.62
maize,Tamil Nadu,Coimbatore,2013,25.51,7179.93
maize,Tamil Nadu,Coimbatore,2014,21.95,7400.0
maize,Tamil Nadu,Coimbatore,2015,20.8,8141.55
maize,Tamil Nadu,Coimbatore,2016,16.33,3034.96
maize,Tamil Nadu,Coimbatore,2017,18.09,8900.04
maize,Tamil Nadu,Tiruchirapalli / Trichy,2000,5.45,1877.0
maize,Tamil Nadu,Tiruchirapalli / Trichy,2001,5.61,1748.98
maize,Tamil Nadu,Tiruchirapalli / Trichy,2002,31.6,1382.07
maize,Tamil Nadu,Tiruchirapalli / Trichy,2003,50.4,1357.8
maize,Tamil Nadu,Tiruchirapalli / Trichy,2004,74.76,1355.73
maize,Tamil Nadu,Tiruchirapalli / Trichy,2005,78.67,1151.15
maize,Tamil Nadu,Tiruchirapalli / Trichy,2006,71.89,2851.08
maize,Tamil Nadu,Tiruchirapalli / Trichy,2007,78.83,2069.26
maize,Tamil Nadu,Tiruchirapalli / Trichy,2008,78.34,3147.72
maize,Tamil Nadu,Tiruchirapalli / Trichy,2009,75.0,3729.87
maize,Tamil Nadu,Tiruchirapalli / Trichy,2010,64.55,3352.06
maize,Tamil Nadu,Tiruchirapalli / Trichy,2011,77.7,5925.02
maize,Tamil Nadu,Tiruchirapalli / Trichy,2012,85.1,2692.28
maize,Tamil Nadu,Tiruchirapalli / Trichy,2013,97.35,6677.66
maize,Tamil Nadu,Tiruchirapalli / Trichy,2015,108.04,6724.57
maize,Tamil Nadu,Tiruchirapalli / Trichy,2016,91.51,2953.96
maize,Tamil Nadu,Thanjavur,2000,1.85,2341.64
maize,Tamil Nadu,Thanjavur,2001,1.53,2350.2
maize,Tamil Nadu,Thanjavur,2002,2.55,2323.35
maize,Tamil Nadu,Thanjavur,2003,4.22,2361.8
maize,Tamil Nadu,Thanjavur,2004,5.92,2344.95
maize,Tamil Nadu,Thanjavur,2005,5.01,1253.23
maize,Tamil Nadu,Thanjavur,2006,5.47,5889.15
maize,Tamil Nadu,Thanjavur,2007,7.8,4897.29
maize,Tamil Nadu,Thanjavur,2008,12.66,6945.47
maize,Tamil Nadu,Thanjavur,2009,10.09,6639.49
maize,Tamil Nadu,Thanjavur,2010,9.06,5480.69
maize,Tamil Nadu,Thanjavur,2011,9.6,6843.19
maize,Tamil Nadu,Thanjavur,2012,8.35,4991.57
maize,Tamil Nadu,Thanjavur,2013,10.99,6692.46
maize,Tamil Nadu,Thanjavur,2014,11.32,6910.69
maize,Tamil Nadu,Thanjavur,2015,10.74,7629.23
maize,Tamil Nadu,Thanjavur,2016,8.17,3326.4
maize,Tamil Nadu,Thanjavur,2017,10.17,7817.75
maize,Tamil Nadu,Madurai,2000,30.7,1987.95
maize,Tamil Nadu,Madurai,2001,26.55,1984.93
maize,Tamil Nadu,Madurai,2002,38.89,1984.57
maize,Tamil Nadu,Madurai,2003,42.5,1984.94
maize,Tamil Nadu,Madurai,2004,41.07,1985.15
maize,Tamil Nadu,Madurai,2005,42.39,1200.99
maize,Tamil Nadu,Madurai,2006,48.13,4248.7
maize,Tamil Nadu,Madurai,2007,53.35,4425.3
maize,Tamil Nadu,Madurai,2008,69.06,6212.57
maize,Tamil Nadu,Madurai,2009,55.74,5824.0
maize,Tamil Nadu,Madurai,2010,52.49,5532.67
maize,Tamil Nadu,Madurai,2011,58.13,6152.42
maize,Tamil Nadu,Madurai,2012,50.72,3784.31
maize,Tamil Nadu,Madurai,2013,46.07,6476.02
maize,Tamil Nadu,Madurai,2014,40.18,7740.67
maize,Tamil Nadu,Madurai,2015,47.78,8304.1
maize,Tamil Nadu,Madurai,2016,40.99,1642.97
maize,Tamil Nadu,Madurai,2017,42.88,8465.55
maize,Tamil Nadu,Ramananthapuram,2000,6.35,2000.0
maize,Tamil Nadu,Ramananthapuram,2001,6.93,2021.65
maize,Tamil Nadu,Ramananthapuram,2002,8.91,2023.57
maize,Tamil Nadu,Ramananthapuram,2003,8.47,2022.43
maize,Tamil Nadu,Ramananthapuram,2004,8.38,2010.74
maize,Tamil Nadu,Ramananthapuram,2005,11.19,1223.41
maize,Tamil Nadu,Ramananthapuram,2006,13.32,5403.9
maize,Tamil Nadu,Ramananthapuram,2007,13.26,5252.64
maize,Tamil Nadu,Ramananthapuram,2008,16.77,4686.34
maize,Tamil Nadu,Ramananthapuram,2009,14.09,3626.69
maize,Tamil Nadu,Ramananthapuram,2010,11.0,5150.0
maize,Tamil Nadu,Ramananthapuram,2011,17.76,6572.64
maize,Tamil Nadu,Ramananthapuram,2012,25.03,2264.48
maize,Tamil Nadu,Ramananthapuram,2013,26.8,4572.39
maize,Tamil Nadu,Ramananthapuram,2014,19.04,8171.22
maize,Tamil Nadu,Ramananthapuram,2015,22.58,6609.39
maize,Tamil Nadu,Ramananthapuram,2016,27.82,780.77
maize,Tamil Nadu,Ramananthapuram,2017,24.82,6247.74
maize,Tamil Nadu,Thirunelveli,2000,10.61,1498.59
maize,Tamil Nadu,Thirunelveli,2001,7.85,703.18
maize,Tamil Nadu,Thirunelveli,2002,10.2,748.04
maize,Tamil Nadu,Thirunelveli,2003,10.79,792.4
maize,Tamil Nadu,Thirunelveli,2004,11.09,853.92
maize,Tamil Nadu,Thirunelveli,2005,14.82,1279.35
maize,Tamil Nadu,Thirunelveli,2006,15.28,2738.87
maize,Tamil Nadu,Thirunelveli,2007,13.2,5036.36
maize,Tamil Nadu,Thirunelveli,2008,22.03,4108.03
maize,Tamil Nadu,Thirunelveli,2009,22.0,3554.09
maize,Tamil Nadu,Thirunelveli,2010,24.56,3432.0
maize,Tamil Nadu,Thirunelveli,2011,27.98,6278.77
maize,Tamil Nadu,Thirunelveli,2012,40.44,1621.91
maize,Tamil Nadu,Thirunelveli,2013,50.63,2732.96
maize,Tamil Nadu,Thirunelveli,2014,24.24,6834.57
maize,Tamil Nadu,Thirunelveli,2015,34.52,4794.9
maize,Tamil Nadu,Thirunelveli,2016,45.73,330.64
maize,Tamil Nadu,Thirunelveli,2017,44.82,3663.82
maize,Maharashtra,Nasik,2000,22.6,654.87
maize,Maharashtra,Nasik,2001,28.9,2245.67
maize,Maharashtra,Nasik,2002,33.5,2611.94
maize,Maharashtra,Nasik,2003,37.4,2422.46
maize,Maharashtra,Nasik,2004,40.3,2170.47
maize,Maharashtra,Nasik,2005,54.9,2029.14
maize,Maharashtra,Nasik,2006,91.3,1609.42
maize,Maharashtra,Nasik,2007,101.7,2884.07
maize,Maharashtra,Nasik,2008,104.1,2881.46
maize,Maharashtra,Nasik,2009,144.3,2266.39
maize,Maharashtra,Nasik,2010,169.4,3235.66
maize,Maharashtra,Nasik,2011,176.0,3170.28
maize,Maharashtra,Nasik,2012,169.06,2944.99
maize,Maharashtra,Nasik,2013,146.2,3850.21
maize,Maharashtra,Nasik,2014,120.0,2690.83
maize,Maharashtra,Nasik,2015,144.7,2403.59
maize,Maharashtra,Nasik,2016,152.0,4607.89
maize,Maharashtra,Nasik,2017,163.58,4707.67
maize,Maharashtra,Dhule,2000,20.2,643.56
maize,Maharashtra,Dhule,2001,24.1,1543.57
maize,Maharashtra,Dhule,2002,25.2,1444.44
maize,Maharashtra,Dhule,2003,27.6,2268.12
maize,Maharashtra,Dhule,2004,30.0,1739.33
maize,Maharashtra,Dhule,2005,38.5,1844.16
maize,Maharashtra,Dhule,2006,47.1,1543.52
maize,Maharashtra,Dhule,2007,66.7,2417.09
maize,Maharashtra,Dhule,2008,60.2,1672.92
maize,Maharashtra,Dhule,2009,69.5,2255.83
maize,Maharashtra,Dhule,2010,79.4,3032.75
maize,Maharashtra,Dhule,2011,89.1,2604.49
maize,Maharashtra,Dhule,2012,98.71,2607.54
maize,Maharashtra,Dhule,2013,117.1,2778.82
maize,Maharashtra,Dhule,2014,134.4,2039.43
maize,Maharashtra,Dhule,2015,149.2,1712.47
maize,Maharashtra,Dhule,2016,114.9,2656.22
maize,Maharashtra,Dhule,2017,123.93,3101.78
maize,Maharashtra,Jalgaon,2000,9.7,659.79
maize,Maharashtra,Jalgaon,2001,9.9,1828.28
maize,Maharashtra,Jalgaon,2002,14.3,2811.19
maize,Maharashtra,Jalgaon,2003,16.0,3231.25
maize,Maharashtra,Jalgaon,2004,21.3,2065.73
maize,Maharashtra,Jalgaon,2005,29.3,3249.15
maize,Maharashtra,Jalgaon,2006,46.1,2905.86
maize,Maharashtra,Jalgaon,2007,69.3,2814.72
maize,Maharashtra,Jalgaon,2008,74.7,2554.22
maize,Maharashtra,Jalgaon,2009,87.0,2273.45
maize,Maharashtra,Jalgaon,2010,88.5,3234.46
maize,Maharashtra,Jalgaon,2011,79.2,3444.95
maize,Maharashtra,Jalgaon,2012,82.2,2679.44
maize,Maharashtra,Jalgaon,2013,87.5,3481.14
maize,Maharashtra,Jalgaon,2014,154.1,2899.42
maize,Maharashtra,Jalgaon,2015,148.9,1751.51
maize,Maharashtra,Jalgaon,2016,197.6,3392.21
maize,Maharashtra,Jalgaon,2017,202.67,3569.91
maize,Maharashtra,Ahmednagar,2000,21.0,980.95
maize,Maharashtra,Ahmednagar,2001,20.2,1707.92
maize,Maharashtra,Ahmednagar,2002,19.8,1171.72
maize,Maharashtra,Ahmednagar,2003,17.2,686.05
maize,Maharashtra,Ahmednagar,2004,25.4,1589.76
maize,Maharashtra,Ahmednagar,2005,28.5,1407.02
maize,Maharashtra,Ahmednagar,2006,34.4,1865.99
maize,Maharashtra,Ahmednagar,2007,37.2,2756.72
maize,Maharashtra,Ahmednagar,2008,34.1,2938.42
maize,Maharashtra,Ahmednagar,2009,53.6,2640.11
maize,Maharashtra,Ahmednagar,2010,60.8,2782.4
maize,Maharashtra,Ahmednagar,2011,55.5,2667.39
maize,Maharashtra,Ahmednagar,2012,59.86,1953.06
maize,Maharashtra,Ahmednagar,2013,82.9,4314.84
maize,Maharashtra,Ahmednagar,2014,97.7,2396.11
maize,Maharashtra,Ahmednagar,2015,44.0,1590.91
maize,Maharashtra,Ahmednagar,2016,68.0,3608.82
maize,Maharashtra,Ahmednagar,2017,78.38,3086.29
maize,Maharashtra,Pune,2000,16.2,932.1
maize,Maharashtra,Pune,2001,15.3,1686.27
maize,Maharashtra,Pune,2002,14.9,1912.75
maize,Maharashtra,Pune,2003,10.4,1740.38
maize,Maharashtra,Pune,2004,15.3,2205.23
maize,Maharashtra,Pune,2005,16.5,2212.12
maize,Maharashtra,Pune,2006,18.3,2325.14
maize,Maharashtra,Pune,2007,16.6,2721.69
maize,Maharashtra,Pune,2008,17.4,2424.14
maize,Maharashtra,Pune,2009,16.7,2531.74
maize,Maharashtra,Pune,2010,26.96,2786.35
maize,Maharashtra,Pune,2011,27.2,3202.21
maize,Maharashtra,Pune,2012,25.22,2619.35
maize,Maharashtra,Pune,2013,31.9,2880.88
maize,Maharashtra,Pune,2014,36.0,3705.56
maize,Maharashtra,Pune,2015,37.2,2373.66
maize,Maharashtra,Pune,2016,42.6,6042.25
maize,Maharashtra,Pune,2017,47.33,3097.53
maize,Maharashtra,Satara,2000,12.0,991.67
maize,Maharashtra,Satara,2001,12.4,1983.87
maize,Maharashtra,Satara,2002,13.3,2082.71
maize,Maharashtra,Satara,2003,12.5,1952.0
maize,Maharashtra,Satara,2004,16.1,1830.43
maize,Maharashtra,Satara,2005,13.5,1466.67
maize,Maharashtra,Satara,2006,15.5,1624.52
maize,Maharashtra,Satara,2007,16.0,1734.38
maize,Maharashtra,Satara,2008,13.5,2032.59
maize,Maharashtra,Satara,2009,17.8,2504.49
maize,Maharashtra,Satara,2010,20.3,1983.74
maize,Maharashtra,Satara,2011,22.3,2033.18
maize,Maharashtra,Satara,2012,19.52,1580.94
maize,Maharashtra,Satara,2013,25.4,2641.73
maize,Maharashtra,Satara,2014,30.8,1964.29
maize,Maharashtra,Satara,2015,31.0,2016.13
maize,Maharashtra,Satara,2016,35.5,2188.73
maize,Maharashtra,Satara,2017,33.99,2886.48
maize,Maharashtra,Sangli,2000,17.2,1058.14
maize,Maharashtra,Sangli,2001,17.1,1871.34
maize,Maharashtra,Sangli,2002,17.2,1453.49
maize,Maharashtra,Sangli,2003,13.2,2333.33
maize,Maharashtra,Sangli,2004,23.7,2015.19
maize,Maharashtra,Sangli,2005,22.4,2357.14
maize,Maharashtra,Sangli,2006,26.0,1221.15
maize,Maharashtra,Sangli,2007,34.2,2397.08
maize,Maharashtra,Sangli,2008,28.0,2294.29
maize,Maharashtra,Sangli,2009,34.1,2333.72
maize,Maharashtra,Sangli,2010,43.21,3075.21
maize,Maharashtra,Sangli,2011,53.1,2048.4
maize,Maharashtra,Sangli,2012,34.9,1866.76
maize,Maharashtra,Sangli,2013,47.9,2390.4
maize,Maharashtra,Sangli,2014,63.8,3827.59
maize,Maharashtra,Sangli,2015,46.7,1922.91
maize,Maharashtra,Sangli,2016,64.0,3057.81
maize,Maharashtra,Sangli,2017,58.78,2419.03
maize,Maharashtra,Solapur,2000,29.1,903.78
maize,Maharashtra,Solapur,2001,23.1,1190.48
maize,Maharashtra,Solapur,2002,27.1,1749.08
maize,Maharashtra,Solapur,2003,14.8,331.08
maize,Maharashtra,Solapur,2004,27.7,1388.09
maize,Maharashtra,Solapur,2005,30.4,1677.63
maize,Maharashtra,Solapur,2006,31.9,1481.19
maize,Maharashtra,Solapur,2007,33.3,1654.05
maize,Maharashtra,Solapur,2008,26.5,2108.68
maize,Maharashtra,Solapur,2009,38.7,2624.81
maize,Maharashtra,Solapur,2010,58.1,2186.23
maize,Maharashtra,Solapur,2011,39.8,2059.55
maize,Maharashtra,Solapur,2012,33.3,1576.58
maize,Maharashtra,Solapur,2013,44.3,2209.93
maize,Maharashtra,Solapur,2014,51.0,2611.76
maize,Maharashtra,Solapur,2015,48.2,1352.7
maize,Maharashtra,Solapur,2016,63.0,1657.14
maize,Maharashtra,Solapur,2017,75.81,2059.39
maize,Maharashtra,Kolhapur,2000,5.8,1293.1
maize,Maharashtra,Kolhapur,2001,6.6,2136.36
maize,Maharashtra,Kolhapur,2002,7.8,1782.05
maize,Maharashtra,Kolhapur,2003,7.9,1974.68
maize,Maharashtra,Kolhapur,2004,9.3,2631.18
maize,Maharashtra,Kolhapur,2005,8.7,1977.01
maize,Maharashtra,Kolhapur,2006,11.4,1762.28
maize,Maharashtra,Kolhapur,2007,11.6,2657.76
maize,Maharashtra,Kolhapur,2008,10.1,2365.35
maize,Maharashtra,Kolhapur,2009,11.0,2556.36
maize,Maharashtra,Kolhapur,2010,11.6,2215.52
maize,Maharashtra,Kolhapur,2011,11.6,2876.72
maize,Maharashtra,Kolhapur,2012,5.5,1900.0
maize,Maharashtra,Kolhapur,2013,6.6,2545.45
maize,Maharashtra,Kolhapur,2014,9.5,3105.26
maize,Maharashtra,Kolhapur,2015,11.9,2647.06
maize,Maharashtra,Kolhapur,2016,12.0,3700.0
maize,Maharashtra,Kolhapur,2017,10.44,2911.88
maize,Maharashtra,Aurangabad,2000,120.1,960.87
maize,Maharashtra,Aurangabad,2001,119.1,1804.37
maize,Maharashtra,Aurangabad,2002,141.8,2337.09
maize,Maharashtra,Aurangabad,2003,153.7,2322.71
maize,Maharashtra,Aurangabad,2004,152.7,1848.72
maize,Maharashtra,Aurangabad,2005,158.2,2483.57
maize,Maharashtra,Aurangabad,2006,172.1,2521.27
maize,Maharashtra,Aurangabad,2007,177.9,2949.52
maize,Maharashtra,Aurangabad,2008,175.3,2352.65
maize,Maharashtra,Aurangabad,2009,187.9,2475.73
maize,Maharashtra,Aurangabad,2010,206.8,3412.86
maize,Maharashtra,Aurangabad,2011,208.6,3057.72
maize,Maharashtra,Aurangabad,2012,215.24,1904.01
maize,Maharashtra,Aurangabad,2013,258.7,3855.04
maize,Maharashtra,Aurangabad,2014,261.9,843.83
maize,Maharashtra,Aurangabad,2015,284.8,1043.54
maize,Maharashtra,Aurangabad,2016,138.3,3148.23
maize,Maharashtra,Aurangabad,2017,112.65,2026.58
maize,Maharashtra,Parbhani,2000,2.6,1038.46
maize,Maharashtra,Parbhani,2001,2.5,1760.0
maize,Maharashtra,Parbhani,2002,2.9,1068.97
maize,Maharashtra,Parbhani,2003,3.1,677.42
maize,Maharashtra,Parbhani,2004,2.9,1048.28
maize,Maharashtra,Parbhani,2005,2.9,1172.41
maize,Maharashtra,Parbhani,2006,4.3,1362.79
maize,Maharashtra,Parbhani,2007,3.2,1437.5
maize,Maharashtra,Parbhani,2008,4.1,1119.51
maize,Maharashtra,Parbhani,2009,3.7,943.24
maize,Maharashtra,Parbhani,2010,4.4,1268.18
maize,Maharashtra,Parbhani,2011,4.0,1562.5
maize,Maharashtra,Parbhani,2012,5.13,908.38
maize,Maharashtra,Parbhani,2013,4.9,1428.57
maize,Maharashtra,Parbhani,2014,5.3,471.7
maize,Maharashtra,Parbhani,2015,14.6,630.14
maize,Maharashtra,Parbhani,2016,12.33,1311.44
maize,Maharashtra,Parbhani,2017,5.63,836.09
maize,Maharashtra,Beed,2000,7.8,1025.64
maize,Maharashtra,Beed,2001,4.2,1357.14
maize,Maharashtra,Beed,2002,5.6,928.57
maize,Maharashtra,Beed,2003,5.0,640.0
maize,Maharashtra,Beed,2004,5.3,1011.32
maize,Maharashtra,Beed,2005,6.8,1676.47
maize,Maharashtra,Beed,2006,7.7,1909.09
maize,Maharashtra,Beed,2007,8.2,1458.54
maize,Maharashtra,Beed,2008,11.2,1109.82
maize,Maharashtra,Beed,2009,12.1,942.98
maize,Maharashtra,Beed,2010,9.5,1474.74
maize,Maharashtra,Beed,2011,8.6,1153.49
maize,Maharashtra,Beed,2012,10.56,712.12
maize,Maharashtra,Beed,2013,15.2,1263.16
maize,Maharashtra,Beed,2014,16.0,700.0
maize,Maharashtra,Beed,2015,17.2,313.95
maize,Maharashtra,Beed,2016,42.2,1953.32
maize,Maharashtra,Beed,2017,48.83,743.82
maize,Maharashtra,Nanded,2001,1.2,1833.33
maize,Maharashtra,Nanded,2002,1.5,933.33
maize,Maharashtra,Nanded,2003,1.6,1250.0
maize,Maharashtra,Nanded,2004,1.5,1193.33
maize,Maharashtra,Nanded,2005,1.4,1500.0
maize,Maharashtra,Nanded,2006,1.2,1883.33
maize,Maharashtra,Nanded,2007,1.3,1861.54
maize,Maharashtra,Nanded,2008,1.0,1120.0
maize,Maharashtra,Nanded,2009,1.2,850.0
maize,Maharashtra,Nanded,2010,1.14,1298.25
maize,Maharashtra,Nanded,2011,1.1,1636.36
maize,Maharashtra,Nanded,2012,0.8,1437.5
maize,Maharashtra,Nanded,2013,2.7,1000.0
maize,Maharashtra,Nanded,2014,3.9,1000.0
maize,Maharashtra,Nanded,2015,9.1,945.05
maize,Maharashtra,Nanded,2016,10.3,1883.5
maize,Maharashtra,Nanded,2017,6.15,1675.89
maize,Maharashtra,Osmanabad,2000,18.1,972.38
maize,Maharashtra,Osmanabad,2001,15.0,1066.67
maize,Maharashtra,Osmanabad,2002,15.6,679.49
maize,Maharashtra,Osmanabad,2003,16.3,441.72
maize,Maharashtra,Osmanabad,2004,19.2,904.17
maize,Maharashtra,Osmanabad,2005,16.6,915.66
maize,Maharashtra,Osmanabad,2006,20.0,1057.5
maize,Maharashtra,Osmanabad,2007,20.0,972.0
maize,Maharashtra,Osmanabad,2008,20.5,951.71
maize,Maharashtra,Osmanabad,2009,24.0,1074.17
maize,Maharashtra,Osmanabad,2010,26.87,1056.2
maize,Maharashtra,Osmanabad,2011,28.4,1390.85
maize,Maharashtra,Osmanabad,2012,30.43,1023.99
maize,Maharashtra,Osmanabad,2013,35.8,1597.77
maize,Maharashtra,Osmanabad,2014,33.9,460.18
maize,Maharashtra,Osmanabad,2015,26.0,267.31
maize,Maharashtra,Osmanabad,2016,30.6,656.86
maize,Maharashtra,Osmanabad,2017,40.34,775.89
maize,Maharashtra,Buldhana,2000,21.1,952.61
maize,Maharashtra,Buldhana,2001,21.6,2449.07
maize,Maharashtra,Buldhana,2002,25.7,2035.02
maize,Maharashtra,Buldhana,2003,27.1,2129.15
maize,Maharashtra,Buldhana,2004,34.9,1228.08
maize,Maharashtra,Buldhana,2005,33.9,1676.7
maize,Maharashtra,Buldhana,2006,43.6,1671.33
maize,Maharashtra,Buldhana,2007,64.6,3158.82
maize,Maharashtra,Buldhana,2008,56.4,2993.62
maize,Maharashtra,Buldhana,2009,84.94,2184.25
maize,Maharashtra,Buldhana,2010,75.1,2429.69
maize,Maharashtra,Buldhana,2011,65.0,2756.15
maize,Maharashtra,Buldhana,2012,22.5,1783.11
maize,Maharashtra,Buldhana,2013,33.4,2616.77
maize,Maharashtra,Buldhana,2014,48.9,1229.04
maize,Maharashtra,Buldhana,2015,42.7,1149.88
maize,Maharashtra,Buldhana,2016,60.36,2208.42
maize,Maharashtra,Buldhana,2017,39.6,2242.37
maize,Maharashtra,Akola,2001,0.5,2600.0
maize,Maharashtra,Akola,2002,0.6,2000.0
maize,Maharashtra,Akola,2003,0.9,2000.0
maize,Maharashtra,Akola,2004,0.8,1125.0
maize,Maharashtra,Akola,2005,1.5,1733.33
maize,Maharashtra,Akola,2006,3.5,1314.29
maize,Maharashtra,Akola,2007,3.7,3091.89
maize,Maharashtra,Akola,2008,2.5,2880.0
maize,Maharashtra,Akola,2009,2.1,1885.71
maize,Maharashtra,Akola,2010,2.1,2219.05
maize,Maharashtra,Akola,2011,1.6,2625.0
maize,Maharashtra,Akola,2012,1.03,1718.45
maize,Maharashtra,Akola,2013,0.5,2600.0
maize,Maharashtra,Akola,2014,0.9,1222.22
maize,Maharashtra,Akola,2015,1.3,1538.46
maize,Maharashtra,Akola,2016,0.7,2000.0
maize,Maharashtra,Akola,2017,1.15,2168.26
maize,Maharashtra,Amarawati,2000,0.9,1000.0
maize,Maharashtra,Amarawati,2001,1.1,2363.64
maize,Maharashtra,Amarawati,2002,1.0,1900.0
maize,Maharashtra,Amarawati,2003,1.2,2166.67
maize,Maharashtra,Amarawati,2004,1.6,1268.75
maize,Maharashtra,Amarawati,2005,1.9,1626.32
maize,Maharashtra,Amarawati,2006,1.7,1576.47
maize,Maharashtra,Amarawati,2007,1.8,3077.78
maize,Maharashtra,Amarawati,2008,1.6,2900.0
maize,Maharashtra,Amarawati,2009,1.4,2221.43
maize,Maharashtra,Amarawati,2010,1.6,2481.25
maize,Maharashtra,Amarawati,2011,1.2,2783.33
maize,Maharashtra,Amarawati,2012,2.64,1708.33
maize,Maharashtra,Amarawati,2013,1.3,2538.46
maize,Maharashtra,Amarawati,2014,2.6,692.31
maize,Maharashtra,Amarawati,2015,1.0,1400.0
maize,Maharashtra,Amarawati,2016,2.2,2136.36
maize,Maharashtra,Amarawati,2017,8.02,2344.14
maize,Maharashtra,Yeotmal,2008,0.5,3000.0
maize,Maharashtra,Yeotmal,2009,1.1,2218.18
maize,Maharashtra,Yeotmal,2010,0.8,1825.0
maize,Maharashtra,Yeotmal,2011,0.5,2780.0
maize,Maharashtra,Yeotmal,2012,1.26,888.89
maize,Maharashtra,Yeotmal,2014,1.3,1000.0
maize,Maharashtra,Yeotmal,2015,3.4,882.35
maize,Maharashtra,Yeotmal,2016,3.4,2147.06
maize,Maharashtra,Yeotmal,2017,2.4,2041.67
maize,Maharashtra,Wardha,2013,0.5,1000.0
maize,Maharashtra,Wardha,2014,1.0,1000.0
maize,Maharashtra,Nagpur,2000,0.5,1000.0
maize,Maharashtra,Nagpur,2007,0.5,3000.0
maize,Maharashtra,Nagpur,2008,0.6,1500.0
maize,Maharashtra,Nagpur,2012,0.5,2000.0
maize,Maharashtra,Nagpur,2013,0.5,1800.0
maize,Maharashtra,Nagpur,2014,0.6,1333.33
maize,Maharashtra,Nagpur,2017,0.51,492.13
maize,Maharashtra,Bhandara,2014,0.6,500.0
maize,Maharashtra,Bhandara,2015,2.2,863.64
maize,Maharashtra,Bhandara,2016,0.93,1585.31
maize,Maharashtra,Bhandara,2017,0.74,444.15
maize,Maharashtra,Chandrapur,2000,3.1,967.74
maize,Maharashtra,Chandrapur,2001,2.2,2545.45
maize,Maharashtra,Chandrapur,2002,2.3,1956.52
maize,Maharashtra,Chandrapur,2003,2.7,2111.11
maize,Maharashtra,Chandrapur,2004,2.5,1240.0
maize,Maharashtra,Chandrapur,2005,2.5,1680.0
maize,Maharashtra,Chandrapur,2006,2.6,1769.23
maize,Maharashtra,Chandrapur,2007,2.7,3037.04
maize,Maharashtra,Chandrapur,2008,2.4,1541.67
maize,Maharashtra,Chandrapur,2009,2.7,1988.89
maize,Maharashtra,Chandrapur,2010,3.07,2325.73
maize,Maharashtra,Chandrapur,2011,3.4,1358.82
maize,Maharashtra,Chandrapur,2012,3.4,1626.47
maize,Maharashtra,Chandrapur,2013,2.7,2740.74
maize,Maharashtra,Chandrapur,2014,1.9,1473.68
maize,Maharashtra,Chandrapur,2015,2.1,1380.95
maize,Maharashtra,Chandrapur,2016,2.13,2527.23
maize,Maharashtra,Chandrapur,2017,2.37,2309.41
maize,Gujarat,Ahmedabad,2000,1.63,783.35
maize,Gujarat,Ahmedabad,2001,1.34,1867.81
maize,Gujarat,Ahmedabad,2002,1.4,1662.37
maize,Gujarat,Ahmedabad,2003,1.11,1714.29
maize,Gujarat,Ahmedabad,2006,0.59,300.0
maize,Gujarat,Ahmedabad,2009,0.54,1000.0
maize,Gujarat,Ahmedabad,2010,0.57,1793.71
maize,Gujarat,Ahmedabad,2017,1.15,2213.23
maize,Gujarat,Amreli,2000,2.6,769.23
maize,Gujarat,Amreli,2001,1.5,1933.33
maize,Gujarat,Amreli,2002,1.4,1714.29
maize,Gujarat,Amreli,2003,2.2,1681.82
maize,Gujarat,Amreli,2004,0.8,1000.0
maize,Gujarat,Amreli,2005,1.1,1545.45
maize,Gujarat,Amreli,2006,1.9,315.79
maize,Gujarat,Amreli,2007,0.9,1333.33
maize,Gujarat,Amreli,2008,0.6,1500.0
maize,Gujarat,Amreli,2009,1.2,1000.0
maize,Gujarat,Amreli,2010,2.4,1708.33
maize,Gujarat,Banaskantha,2000,13.6,1507.35
maize,Gujarat,Banaskantha,2001,13.2,3098.49
maize,Gujarat,Banaskantha,2002,16.2,833.33
maize,Gujarat,Banaskantha,2003,9.4,2734.04
maize,Gujarat,Banaskantha,2004,8.5,2000.0
maize,Gujarat,Banaskantha,2005,10.4,2355.77
maize,Gujarat,Banaskantha,2006,10.7,1551.4
maize,Gujarat,Banaskantha,2007,11.6,2698.28
maize,Gujarat,Banaskantha,2008,10.7,1766.36
maize,Gujarat,Banaskantha,2009,9.4,1585.11
maize,Gujarat,Banaskantha,2010,10.3,2184.47
maize,Gujarat,Banaskantha,2011,11.7,2153.85
maize,Gujarat,Banaskantha,2012,8.0,1725.0
maize,Gujarat,Banaskantha,2013,8.88,1843.47
maize,Gujarat,Banaskantha,2014,8.48,1728.77
maize,Gujarat,Banaskantha,2015,5.62,1658.36
maize,Gujarat,Banaskantha,2016,5.9,1522.2
maize,Gujarat,Banaskantha,2017,7.74,1929.29
maize,Gujarat,Bharuch,2000,7.3,753.42
maize,Gujarat,Bharuch,2001,9.4,1946.81
maize,Gujarat,Bharuch,2002,9.0,1633.33
maize,Gujarat,Bharuch,2003,11.5,2252.17
maize,Gujarat,Bharuch,2004,9.2,913.04
maize,Gujarat,Bharuch,2005,10.3,1582.52
maize,Gujarat,Bharuch,2006,8.7,758.62
maize,Gujarat,Bharuch,2007,7.5,1466.67
maize,Gujarat,Bharuch,2008,7.7,1441.56
maize,Gujarat,Bharuch,2009,7.5,960.0
maize,Gujarat,Bharuch,2010,15.6,1782.05
maize,Gujarat,Bharuch,2011,14.7,1755.1
maize,Gujarat,Bharuch,2012,9.0,1733.33
maize,Gujarat,Bharuch,2013,12.47,1545.31
maize,Gujarat,Bharuch,2014,5.31,1681.73
maize,Gujarat,Bharuch,2015,6.73,1472.51
maize,Gujarat,Bharuch,2016,8.52,1557.77
maize,Gujarat,Bharuch,2017,8.05,1608.27
maize,Gujarat,Vadodara / Baroda,2000,51.4,955.25
maize,Gujarat,Vadodara / Baroda,2001,62.5,1819.2
maize,Gujarat,Vadodara / Baroda,2002,60.4,1592.72
maize,Gujarat,Vadodara / Baroda,2003,50.4,1632.94
maize,Gujarat,Vadodara / Baroda,2004,52.0,1119.23
maize,Gujarat,Vadodara / Baroda,2005,52.7,1438.33
maize,Gujarat,Vadodara / Baroda,2006,53.1,951.04
maize,Gujarat,Vadodara / Baroda,2007,51.8,1766.41
maize,Gujarat,Vadodara / Baroda,2008,48.6,2086.42
maize,Gujarat,Vadodara / Baroda,2009,47.5,1465.26
maize,Gujarat,Vadodara / Baroda,2010,124.3,2021.72
maize,Gujarat,Vadodara / Baroda,2011,81.1,2057.95
maize,Gujarat,Vadodara / Baroda,2012,68.7,2173.22
maize,Gujarat,Vadodara / Baroda,2013,43.7,2091.99
maize,Gujarat,Vadodara / Baroda,2014,75.99,2236.61
maize,Gujarat,Vadodara / Baroda,2015,65.85,2384.66
maize,Gujarat,Vadodara / Baroda,2016,85.69,2435.43
maize,Gujarat,Vadodara / Baroda,2017,52.85,2324.07
maize,Gujarat,Bhavnagar,2005,0.9,1555.56
maize,Gujarat,Bhavnagar,2006,0.7,285.71
maize,Gujarat,Bhavnagar,2007,2.8,1392.86
maize,Gujarat,Bhavnagar,2008,1.3,1461.54
maize,Gujarat,Bhavnagar,2009,3.9,948.72
maize,Gujarat,Bhavnagar,2010,3.2,1625.0
maize,Gujarat,Bhavnagar,2011,1.1,1363.64
maize,Gujarat,Bhavnagar,2012,0.6,1666.67
maize,Gujarat,Bhavnagar,2014,1.33,1338.35
maize,Gujarat,Bhavnagar,2015,0.68,1323.53
maize,Gujarat,Dangs,2001,0.5,2000.0
maize,Gujarat,Dangs,2002,0.5,1800.0
maize,Gujarat,Dangs,2005,2.0,1600.0
maize,Gujarat,Dangs,2006,2.5,320.0
maize,Gujarat,Dangs,2007,2.2,1363.64
maize,Gujarat,Dangs,2008,3.1,1419.35
maize,Gujarat,Dangs,2009,3.3,969.7
maize,Gujarat,Dangs,2010,2.7,1629.63
maize,Gujarat,Dangs,2011,2.7,1370.37
maize,Gujarat,Dangs,2012,3.6,1638.89
maize,Gujarat,Dangs,2013,3.75,1266.67
maize,Gujarat,Dangs,2015,1.96,1321.43
maize,Gujarat,Dangs,2016,1.87,1677.75
maize,Gujarat,Jamnagar,2000,1.9,789.47
maize,Gujarat,Jamnagar,2001,2.9,1827.59
maize,Gujarat,Jamnagar,2003,3.0,1733.33
maize,Gujarat,Jamnagar,2004,2.9,896.55
maize,Gujarat,Jamnagar,2005,1.6,1625.0
maize,Gujarat,Jamnagar,2006,2.6,307.69
maize,Gujarat,Jamnagar,2007,1.8,1388.89
maize,Gujarat,Jamnagar,2008,1.9,1421.05
maize,Gujarat,Jamnagar,2009,1.1,909.09
maize,Gujarat,Jamnagar,2010,6.3,1634.92
maize,Gujarat,Jamnagar,2017,0.88,1974.97
maize,Gujarat,Junagadh,2001,0.8,1750.0
maize,Gujarat,Junagadh,2010,25.1,1924.3
maize,Gujarat,Kheda,2000,26.9,1557.62
maize,Gujarat,Kheda,2001,28.3,2010.6
maize,Gujarat,Kheda,2002,28.7,2780.49
maize,Gujarat,Kheda,2003,25.5,1721.57
maize,Gujarat,Kheda,2004,17.2,1366.28
maize,Gujarat,Kheda,2005,22.9,1580.79
maize,Gujarat,Kheda,2006,33.1,667.67
maize,Gujarat,Kheda,2007,20.3,1123.15
maize,Gujarat,Kheda,2008,21.0,1485.71
maize,Gujarat,Kheda,2009,14.6,890.41
maize,Gujarat,Kheda,2010,27.9,1863.8
maize,Gujarat,Kheda,2011,17.3,1809.25
maize,Gujarat,Kheda,2012,9.1,1780.22
maize,Gujarat,Kheda,2013,8.32,1521.63
maize,Gujarat,Kheda,2014,10.23,1411.5
maize,Gujarat,Kheda,2015,12.11,1072.37
maize,Gujarat,Kheda,2016,13.28,1562.66
maize,Gujarat,Kheda,2017,11.3,1478.42
maize,Gujarat,Kutch,2012,1.7,1705.88
maize,Gujarat,Kutch,2013,4.68,1267.09
maize,Gujarat,Kutch,2015,2.35,2204.26
maize,Gujarat,Kutch,2016,1.61,2221.19
maize,Gujarat,Mehsana,2000,1.37,746.71
maize,Gujarat,Mehsana,2001,1.06,1884.07
maize,Gujarat,Mehsana,2002,1.2,1643.93
maize,Gujarat,Mehsana,2003,0.69,1735.08
maize,Gujarat,Mehsana,2005,1.0,1500.0
maize,Gujarat,Mehsana,2006,0.51,437.25
maize,Gujarat,Mehsana,2008,1.35,1462.85
maize,Gujarat,Mehsana,2009,0.76,1000.0
maize,Gujarat,Mehsana,2010,4.73,1919.2
maize,Gujarat,Mehsana,2011,0.7,1200.0
maize,Gujarat,Mehsana,2012,0.52,1539.2
maize,Gujarat,Mehsana,2017,0.52,1676.61
maize,Gujarat,Panchmahal,2000,216.2,582.33
maize,Gujarat,Panchmahal,2001,228.6,1845.14
maize,Gujarat,Panchmahal,2002,239.8,1888.24
maize,Gujarat,Panchmahal,2003,230.2,1599.48
maize,Gujarat,Panchmahal,2004,238.8,652.43
maize,Gujarat,Panchmahal,2005,226.0,1368.58
maize,Gujarat,Panchmahal,2006,214.8,624.3
maize,Gujarat,Panchmahal,2007,219.3,1199.73
maize,Gujarat,Panchmahal,2008,228.5,1277.46
maize,Gujarat,Panchmahal,2009,230.2,814.07
maize,Gujarat,Panchmahal,2010,239.1,1557.09
maize,Gujarat,Panchmahal,2011,295.0,1333.22
maize,Gujarat,Panchmahal,2012,292.1,1678.19
maize,Gujarat,Panchmahal,2013,287.97,1400.67
maize,Gujarat,Panchmahal,2014,236.87,1164.1
maize,Gujarat,Panchmahal,2015,239.12,1196.94
maize,Gujarat,Panchmahal,2016,267.89,1703.75
maize,Gujarat,Panchmahal,2017,256.79,1615.93
maize,Gujarat,Rajkot,2002,0.7,1714.29
maize,Gujarat,Rajkot,2003,1.8,1722.22
maize,Gujarat,Rajkot,2006,0.8,250.0
maize,Gujarat,Rajkot,2007,0.7,1428.57
maize,Gujarat,Rajkot,2008,0.8,1375.0
maize,Gujarat,Rajkot,2009,0.9,1000.0
maize,Gujarat,Rajkot,2010,6.0,1616.67
maize,Gujarat,Rajkot,2013,1.03,1514.56
maize,Gujarat,Rajkot,2015,0.53,1758.12
maize,Gujarat,Sabarkantha,2000,136.5,868.86
maize,Gujarat,Sabarkantha,2001,138.5,2132.13
maize,Gujarat,Sabarkantha,2002,143.0,1259.44
maize,Gujarat,Sabarkantha,2003,146.3,1822.97
maize,Gujarat,Sabarkantha,2004,127.3,1127.26
maize,Gujarat,Sabarkantha,2005,125.4,1960.13
maize,Gujarat,Sabarkantha,2006,115.7,589.46
maize,Gujarat,Sabarkantha,2007,101.1,1448.07
maize,Gujarat,Sabarkantha,2008,90.3,1449.61
maize,Gujarat,Sabarkantha,2009,88.3,1027.18
maize,Gujarat,Sabarkantha,2010,94.2,1641.19
maize,Gujarat,Sabarkantha,2011,87.1,1524.68
maize,Gujarat,Sabarkantha,2012,61.3,1460.03
maize,Gujarat,Sabarkantha,2013,57.03,1233.91
maize,Gujarat,Sabarkantha,2014,51.5,1464.47
maize,Gujarat,Sabarkantha,2015,53.83,2187.81
maize,Gujarat,Sabarkantha,2016,59.01,1920.52
maize,Gujarat,Sabarkantha,2017,56.09,2089.22
maize,Gujarat,Surat,2000,1.8,777.78
maize,Gujarat,Surat,2001,1.8,1944.44
maize,Gujarat,Surat,2002,1.9,1684.21
maize,Gujarat,Surat,2003,1.9,1736.84
maize,Gujarat,Surat,2004,2.0,950.0
maize,Gujarat,Surat,2005,2.0,1550.0
maize,Gujarat,Surat,2006,2.0,300.0
maize,Gujarat,Surat,2007,3.5,1371.43
maize,Gujarat,Surat,2008,2.7,1370.37
maize,Gujarat,Surat,2009,2.2,1000.0
maize,Gujarat,Surat,2010,3.1,1774.19
maize,Gujarat,Surat,2011,4.2,1166.67
maize,Gujarat,Surat,2012,2.3,1695.65
maize,Gujarat,Surat,2013,3.78,1417.99
maize,Gujarat,Surat,2014,2.15,1702.33
maize,Gujarat,Surat,2015,2.72,1834.56
maize,Gujarat,Surat,2016,4.79,2104.26
maize,Gujarat,Surat,2017,3.33,2284.73
maize,Gujarat,Surendranagar,2014,0.8,1896.77
maize,Rajasthan,Ajmer,2000,41.32,648.84
maize,Rajasthan,Ajmer,2001,39.73,1023.16
maize,Rajasthan,Ajmer,2002,27.52,63.95
maize,Rajasthan,Ajmer,2003,38.7,1643.41
maize,Rajasthan,Ajmer,2004,37.78,643.99
maize,Rajasthan,Ajmer,2005,36.34,146.95
maize,Rajasthan,Ajmer,2006,36.02,1026.65
maize,Rajasthan,Ajmer,2007,35.76,1066.83
maize,Rajasthan,Ajmer,2008,35.74,719.08
maize,Rajasthan,Ajmer,2009,35.27,60.39
maize,Rajasthan,Ajmer,2010,35.42,1506.21
maize,Rajasthan,Ajmer,2011,32.42,1185.69
maize,Rajasthan,Ajmer,2012,29.48,838.87
maize,Rajasthan,Ajmer,2013,29.44,1104.28
maize,Rajasthan,Ajmer,2014,27.33,959.75
maize,Rajasthan,Ajmer,2015,26.41,667.17
maize,Rajasthan,Ajmer,2016,25.82,1100.13
maize,Rajasthan,Ajmer,2017,23.37,1254.64
maize,Rajasthan,Alwar,2000,12.08,1975.17
maize,Rajasthan,Alwar,2001,11.75,1529.36
maize,Rajasthan,Alwar,2002,8.57,192.53
maize,Rajasthan,Alwar,2003,9.75,1383.59
maize,Rajasthan,Alwar,2004,9.61,1181.06
maize,Rajasthan,Alwar,2005,8.78,1183.37
maize,Rajasthan,Alwar,2006,7.53,1645.42
maize,Rajasthan,Alwar,2007,7.84,1692.6
maize,Rajasthan,Alwar,2008,8.35,1784.43
maize,Rajasthan,Alwar,2009,7.87,879.29
maize,Rajasthan,Alwar,2010,6.77,1802.07
maize,Rajasthan,Alwar,2011,7.02,1883.19
maize,Rajasthan,Alwar,2012,6.64,1596.39
maize,Rajasthan,Alwar,2013,5.2,1592.31
maize,Rajasthan,Alwar,2014,3.97,1758.19
maize,Rajasthan,Alwar,2015,3.62,1593.92
maize,Rajasthan,Alwar,2016,3.68,1516.71
maize,Rajasthan,Alwar,2017,3.28,1763.88
maize,Rajasthan,Banswara,2000,114.86,912.5
maize,Rajasthan,Banswara,2001,123.67,1339.61
maize,Rajasthan,Banswara,2002,134.22,1362.69
maize,Rajasthan,Banswara,2003,140.57,2017.86
maize,Rajasthan,Banswara,2004,134.22,827.97
maize,Rajasthan,Banswara,2005,135.44,1355.51
maize,Rajasthan,Banswara,2006,144.54,368.2
maize,Rajasthan,Banswara,2007,143.44,1457.4
maize,Rajasthan,Banswara,2008,149.53,2139.67
maize,Rajasthan,Banswara,2009,156.95,1060.34
maize,Rajasthan,Banswara,2010,159.5,1989.0
maize,Rajasthan,Banswara,2011,163.78,1086.22
maize,Rajasthan,Banswara,2012,163.51,1531.72
maize,Rajasthan,Banswara,2013,160.55,1368.06
maize,Rajasthan,Banswara,2014,152.85,1140.76
maize,Rajasthan,Banswara,2015,146.02,1061.82
maize,Rajasthan,Banswara,2016,138.53,1354.44
maize,Rajasthan,Banswara,2017,125.13,1700.81
maize,Rajasthan,Bhilwara,2000,159.36,1068.4
maize,Rajasthan,Bhilwara,2001,173.36,1561.89
maize,Rajasthan,Bhilwara,2002,153.64,266.47
maize,Rajasthan,Bhilwara,2003,181.31,1659.59
maize,Rajasthan,Bhilwara,2004,180.93,1643.07
maize,Rajasthan,Bhilwara,2005,174.06,658.57
maize,Rajasthan,Bhilwara,2006,181.45,1653.02
maize,Rajasthan,Bhilwara,2007,182.17,1851.73
maize,Rajasthan,Bhilwara,2008,179.71,1563.07
maize,Rajasthan,Bhilwara,2009,187.23,690.33
maize,Rajasthan,Bhilwara,2010,202.33,1836.36
maize,Rajasthan,Bhilwara,2011,170.51,1687.99
maize,Rajasthan,Bhilwara,2012,156.13,1817.4
maize,Rajasthan,Bhilwara,2013,153.61,1720.66
maize,Rajasthan,Bhilwara,2014,153.06,2012.54
maize,Rajasthan,Bhilwara,2015,162.8,1214.62
maize,Rajasthan,Bhilwara,2016,173.08,1532.31
maize,Rajasthan,Bhilwara,2017,158.94,2276.23
maize,Rajasthan,Bundi,2000,34.58,1272.41
maize,Rajasthan,Bundi,2001,37.3,1496.51
maize,Rajasthan,Bundi,2002,32.78,433.5
maize,Rajasthan,Bundi,2003,44.48,1814.75
maize,Rajasthan,Bundi,2004,33.63,1093.07
maize,Rajasthan,Bundi,2005,31.39,1302.96
maize,Rajasthan,Bundi,2006,30.72,1834.64
maize,Rajasthan,Bundi,2007,33.24,2304.15
maize,Rajasthan,Bundi,2008,32.7,2250.15
maize,Rajasthan,Bundi,2009,37.99,1304.82
maize,Rajasthan,Bundi,2010,48.61,2517.79
maize,Rajasthan,Bundi,2011,41.04,2679.82
maize,Rajasthan,Bundi,2012,42.61,3046.47
maize,Rajasthan,Bundi,2013,29.74,1998.65
maize,Rajasthan,Bundi,2014,34.17,2673.98
maize,Rajasthan,Bundi,2015,29.72,2907.13
maize,Rajasthan,Bundi,2016,30.34,2880.55
maize,Rajasthan,Bundi,2017,22.94,3454.63
maize,Rajasthan,Chittorgarh,2000,156.12,1248.08
maize,Rajasthan,Chittorgarh,2001,162.35,1805.67
maize,Rajasthan,Chittorgarh,2002,156.53,1188.53
maize,Rajasthan,Chittorgarh,2003,174.71,2141.03
maize,Rajasthan,Chittorgarh,2004,156.89,1760.79
maize,Rajasthan,Chittorgarh,2005,150.25,1738.7
maize,Rajasthan,Chittorgarh,2006,161.24,1680.35
maize,Rajasthan,Chittorgarh,2007,187.64,2446.92
maize,Rajasthan,Chittorgarh,2008,184.7,2745.12
maize,Rajasthan,Chittorgarh,2009,193.92,1745.42
maize,Rajasthan,Chittorgarh,2010,199.1,2133.43
maize,Rajasthan,Chittorgarh,2011,171.89,2349.69
maize,Rajasthan,Chittorgarh,2012,157.49,2624.17
maize,Rajasthan,Chittorgarh,2013,140.52,2191.45
maize,Rajasthan,Chittorgarh,2014,121.56,2563.5
maize,Rajasthan,Chittorgarh,2015,105.08,2066.68
maize,Rajasthan,Chittorgarh,2016,125.9,1461.25
maize,Rajasthan,Chittorgarh,2017,120.76,2917.48
maize,Rajasthan,Dungarpur,2000,69.93,560.42
maize,Rajasthan,Dungarpur,2001,68.68,818.58
maize,Rajasthan,Dungarpur,2002,75.29,850.58
maize,Rajasthan,Dungarpur,2003,75.31,1178.6
maize,Rajasthan,Dungarpur,2004,70.88,738.57
maize,Rajasthan,Dungarpur,2005,73.29,377.4
maize,Rajasthan,Dungarpur,2006,74.92,147.89
maize,Rajasthan,Dungarpur,2007,73.07,1682.09
maize,Rajasthan,Dungarpur,2008,88.37,878.35
maize,Rajasthan,Dungarpur,2009,90.0,632.56
maize,Rajasthan,Dungarpur,2010,89.06,1464.86
maize,Rajasthan,Dungarpur,2011,82.21,482.79
maize,Rajasthan,Dungarpur,2012,79.06,866.68
maize,Rajasthan,Dungarpur,2013,76.16,938.42
maize,Rajasthan,Dungarpur,2014,70.76,1241.52
maize,Rajasthan,Dungarpur,2015,66.6,869.07
maize,Rajasthan,Dungarpur,2016,63.66,1374.32
maize,Rajasthan,Dungarpur,2017,61.45,1144.17
maize,Rajasthan,Jaipur,2000,10.69,994.39
maize,Rajasthan,Jaipur,2001,11.69,1223.27
maize,Rajasthan,Jaipur,2002,7.91,600.51
maize,Rajasthan,Jaipur,2003,9.09,1683.17
maize,Rajasthan,Jaipur,2004,7.69,793.24
maize,Rajasthan,Jaipur,2005,6.86,705.54
maize,Rajasthan,Jaipur,2006,5.45,1330.28
maize,Rajasthan,Jaipur,2007,5.45,1033.03
maize,Rajasthan,Jaipur,2008,5.59,1221.82
maize,Rajasthan,Jaipur,2009,4.77,587.0
maize,Rajasthan,Jaipur,2010,4.21,1790.97
maize,Rajasthan,Jaipur,2011,4.3,1295.35
maize,Rajasthan,Jaipur,2012,3.05,1121.31
maize,Rajasthan,Jaipur,2013,3.21,1404.98
maize,Rajasthan,Jaipur,2014,2.32,1181.03
maize,Rajasthan,Jaipur,2015,2.45,1526.53
maize,Rajasthan,Jaipur,2016,1.98,1497.98
maize,Rajasthan,Jaipur,2017,1.99,1306.65
maize,Rajasthan,Jhalawar,2000,41.25,1209.94
maize,Rajasthan,Jhalawar,2001,44.34,1254.62
maize,Rajasthan,Jhalawar,2002,52.42,1249.33
maize,Rajasthan,Jhalawar,2003,64.82,2284.48
maize,Rajasthan,Jhalawar,2004,55.12,1220.79
maize,Rajasthan,Jhalawar,2005,47.11,1818.3
maize,Rajasthan,Jhalawar,2006,44.6,1442.15
maize,Rajasthan,Jhalawar,2007,40.77,2550.4
maize,Rajasthan,Jhalawar,2008,37.58,2138.9
maize,Rajasthan,Jhalawar,2009,35.71,1991.6
maize,Rajasthan,Jhalawar,2010,40.58,2089.7
maize,Rajasthan,Jhalawar,2011,33.15,1715.84
maize,Rajasthan,Jhalawar,2012,28.6,2164.69
maize,Rajasthan,Jhalawar,2013,21.84,921.7
maize,Rajasthan,Jhalawar,2014,36.67,2030.54
maize,Rajasthan,Jhalawar,2015,31.56,1803.55
maize,Rajasthan,Jhalawar,2016,50.64,1868.67
maize,Rajasthan,Jhalawar,2017,45.99,3064.08
maize,Rajasthan,Kota,2000,28.41,2216.83
maize,Rajasthan,Kota,2001,31.87,1501.41
maize,Rajasthan,Kota,2002,36.25,1191.45
maize,Rajasthan,Kota,2003,54.03,1341.29
maize,Rajasthan,Kota,2004,39.83,1330.66
maize,Rajasthan,Kota,2005,30.62,1401.05
maize,Rajasthan,Kota,2006,28.91,1193.7
maize,Rajasthan,Kota,2007,26.81,1362.18
maize,Rajasthan,Kota,2008,19.53,1462.37
maize,Rajasthan,Kota,2009,25.17,1509.73
maize,Rajasthan,Kota,2010,31.01,2357.63
maize,Rajasthan,Kota,2011,20.74,1654.29
maize,Rajasthan,Kota,2012,14.49,2539.68
maize,Rajasthan,Kota,2013,8.01,1028.71
maize,Rajasthan,Kota,2014,10.68,1510.3
maize,Rajasthan,Kota,2015,12.26,2216.97
maize,Rajasthan,Kota,2016,29.43,2419.11
maize,Rajasthan,Kota,2017,24.29,2933.96
maize,Rajasthan,Nagaur,2000,0.51,1058.82
maize,Rajasthan,Pali,2000,22.63,490.5
maize,Rajasthan,Pali,2001,24.72,1116.91
maize,Rajasthan,Pali,2002,21.64,127.54
maize,Rajasthan,Pali,2003,25.27,1807.28
maize,Rajasthan,Pali,2004,25.5,876.47
maize,Rajasthan,Pali,2005,22.89,363.48
maize,Rajasthan,Pali,2006,22.59,472.33
maize,Rajasthan,Pali,2007,22.83,992.12
maize,Rajasthan,Pali,2008,20.12,550.2
maize,Rajasthan,Pali,2009,20.39,369.3
maize,Rajasthan,Pali,2010,21.31,1653.68
maize,Rajasthan,Pali,2011,18.08,1524.34
maize,Rajasthan,Pali,2012,17.08,1408.08
maize,Rajasthan,Pali,2013,14.95,938.46
maize,Rajasthan,Pali,2014,13.95,1063.08
maize,Rajasthan,Pali,2015,13.54,1265.14
maize,Rajasthan,Pali,2016,13.6,1402.87
maize,Rajasthan,Pali,2017,12.78,750.67
maize,Rajasthan,Swami Madhopur,2000,1.57,1050.96
maize,Rajasthan,Swami Madhopur,2001,1.47,1442.18
maize,Rajasthan,Swami Madhopur,2002,1.02,882.35
maize,Rajasthan,Swami Madhopur,2003,1.15,1869.57
maize,Rajasthan,Swami Madhopur,2004,1.11,1207.21
maize,Rajasthan,Swami Madhopur,2005,0.81,1098.77
maize,Rajasthan,Swami Madhopur,2006,0.83,1084.34
maize,Rajasthan,Swami Madhopur,2007,0.83,1867.47
maize,Rajasthan,Swami Madhopur,2008,1.06,1745.28
maize,Rajasthan,Swami Madhopur,2009,0.91,1043.96
maize,Rajasthan,Swami Madhopur,2010,0.62,1774.19
maize,Rajasthan,Swami Madhopur,2011,0.74,1581.08
maize,Rajasthan,Swami Madhopur,2012,0.71,1887.32
maize,Rajasthan,Swami Madhopur,2013,0.58,1586.21
maize,Rajasthan,Swami Madhopur,2015,0.5,1280.0
maize,Rajasthan,Sirohi,2000,25.23,1309.95
maize,Rajasthan,Sirohi,2001,27.5,1831.27
maize,Rajasthan,Sirohi,2002,27.8,295.68
maize,Rajasthan,Sirohi,2003,30.65,1820.88
maize,Rajasthan,Sirohi,2004,28.21,458.7
maize,Rajasthan,Sirohi,2005,26.93,1224.66
maize,Rajasthan,Sirohi,2006,28.27,578.0
maize,Rajasthan,Sirohi,2007,28.69,1849.42
maize,Rajasthan,Sirohi,2008,28.26,1282.02
maize,Rajasthan,Sirohi,2009,28.0,368.93
maize,Rajasthan,Sirohi,2010,28.95,1785.84
maize,Rajasthan,Sirohi,2011,27.49,1307.38
maize,Rajasthan,Sirohi,2012,23.99,1540.23
maize,Rajasthan,Sirohi,2013,23.1,1027.71
maize,Rajasthan,Sirohi,2014,22.73,1395.95
maize,Rajasthan,Sirohi,2015,20.11,1248.63
maize,Rajasthan,Sirohi,2016,20.15,1309.41
maize,Rajasthan,Sirohi,2017,20.42,41.91
maize,Rajasthan,Tonk,2000,17.95,1003.9
maize,Rajasthan,Tonk,2001,17.3,1064.16
maize,Rajasthan,Tonk,2002,14.75,69.83
maize,Rajasthan,Tonk,2003,16.36,1381.42
maize,Rajasthan,Tonk,2004,15.49,946.42
maize,Rajasthan,Tonk,2005,15.19,793.94
maize,Rajasthan,Tonk,2006,13.66,828.7
maize,Rajasthan,Tonk,2007,13.71,903.72
maize,Rajasthan,Tonk,2008,13.36,1069.61
maize,Rajasthan,Tonk,2009,13.95,258.06
maize,Rajasthan,Tonk,2010,13.05,1226.82
maize,Rajasthan,Tonk,2011,12.55,996.81
maize,Rajasthan,Tonk,2012,10.69,1147.8
maize,Rajasthan,Tonk,2013,10.73,989.75
maize,Rajasthan,Tonk,2014,9.03,1096.35
maize,Rajasthan,Tonk,2015,8.92,989.91
maize,Rajasthan,Tonk,2016,8.71,1048.0
maize,Rajasthan,Tonk,2017,7.32,4396.04
maize,Rajasthan,Udaipur,2000,232.94,958.14
maize,Rajasthan,Udaipur,2001,240.83,1499.15
maize,Rajasthan,Udaipur,2002,232.84,1082.5
maize,Rajasthan,Udaipur,2003,244.05,2054.46
maize,Rajasthan,Udaipur,2004,245.09,1119.87
maize,Rajasthan,Udaipur,2005,244.6,1112.02
maize,Rajasthan,Udaipur,2006,251.13,921.67
maize,Rajasthan,Udaipur,2007,253.01,1852.77
maize,Rajasthan,Udaipur,2008,248.97,1412.62
maize,Rajasthan,Udaipur,2009,257.95,1010.27
maize,Rajasthan,Udaipur,2010,262.42,1338.39
maize,Rajasthan,Udaipur,2011,259.54,1566.35
maize,Rajasthan,Udaipur,2012,252.47,1980.54
maize,Rajasthan,Udaipur,2013,248.85,1733.52
maize,Rajasthan,Udaipur,2014,244.56,1669.34
maize,Rajasthan,Udaipur,2015,251.34,1111.19
maize,Rajasthan,Udaipur,2016,250.96,1330.64
maize,Rajasthan,Udaipur,2017,240.94,1633.17
maize,Punjab,Gurdaspur,2000,13.0,2153.85
maize,Punjab,Gurdaspur,2001,13.0,2076.92
maize,Punjab,Gurdaspur,2002,12.0,1500.0
maize,Punjab,Gurdaspur,2003,13.0,2384.62
maize,Punjab,Gurdaspur,2004,15.0,2333.33
maize,Punjab,Gurdaspur,2005,13.0,2307.69
maize,Punjab,Gurdaspur,2006,13.0,2230.77
maize,Punjab,Gurdaspur,2007,13.0,2153.85
maize,Punjab,Gurdaspur,2008,13.0,2307.69
maize,Punjab,Gurdaspur,2009,11.0,2272.73
maize,Punjab,Gurdaspur,2010,11.0,2727.27
maize,Punjab,Gurdaspur,2011,1.72,2906.98
maize,Punjab,Gurdaspur,2012,11.0,2636.36
maize,Punjab,Gurdaspur,2013,10.0,3000.0
maize,Punjab,Gurdaspur,2014,9.0,2333.33
maize,Punjab,Gurdaspur,2015,8.0,2500.0
maize,Punjab,Gurdaspur,2016,9.0,2666.67
maize,Punjab,Gurdaspur,2017,9.0,2333.33
maize,Punjab,Amritsar,2000,5.0,2200.0
maize,Punjab,Amritsar,2001,6.0,2500.0
maize,Punjab,Amritsar,2002,4.0,1750.0
maize,Punjab,Amritsar,2003,4.0,3250.0
maize,Punjab,Amritsar,2004,4.0,3250.0
maize,Punjab,Amritsar,2005,3.0,3666.67
maize,Punjab,Amritsar,2006,3.0,3666.67
maize,Punjab,Amritsar,2007,3.0,4333.33
maize,Punjab,Amritsar,2008,2.0,3500.0
maize,Punjab,Amritsar,2009,2.0,3500.0
maize,Punjab,Amritsar,2010,2.0,3500.0
maize,Punjab,Amritsar,2011,2.0,5000.0
maize,Punjab,Amritsar,2012,1.0,4000.0
maize,Punjab,Amritsar,2013,2.0,4000.0
maize,Punjab,Amritsar,2014,1.0,4000.0
maize,Punjab,Amritsar,2015,1.0,4000.0
maize,Punjab,Amritsar,2016,1.0,3000.0
maize,Punjab,Amritsar,2017,2.0,2500.0
maize,Punjab,Kapurthala,2000,4.0,3000.0
maize,Punjab,Kapurthala,2001,4.0,3500.0
maize,Punjab,Kapurthala,2002,3.0,2666.67
maize,Punjab,Kapurthala,2003,3.0,3666.67
maize,Punjab,Kapurthala,2004,4.0,3000.0
maize,Punjab,Kapurthala,2005,3.0,3000.0
maize,Punjab,Kapurthala,2006,3.0,3666.67
maize,Punjab,Kapurthala,2007,3.0,4333.33
maize,Punjab,Kapurthala,2008,3.0,3666.67
maize,Punjab,Kapurthala,2009,3.0,4666.67
maize,Punjab,Kapurthala,2010,2.0,5500.0
maize,Punjab,Kapurthala,2011,3.0,6000.0
maize,Punjab,Kapurthala,2012,2.0,4500.0
maize,Punjab,Kapurthala,2013,3.0,6666.67
maize,Punjab,Kapurthala,2014,3.0,3666.67
maize,Punjab,Kapurthala,2015,2.0,2500.0
maize,Punjab,Kapurthala,2016,2.0,2500.0
maize,Punjab,Kapurthala,2017,2.0,5500.0
maize,Punjab,Jalandhar,2000,26.37,3197.95
maize,Punjab,Jalandhar,2001,26.98,2932.17
maize,Punjab,Jalandhar,2002,24.59,2406.67
maize,Punjab,Jalandhar,2003,24.98,3508.81
maize,Punjab,Jalandhar,2004,23.98,2805.67
maize,Punjab,Jalandhar,2005,22.37,3097.0
maize,Punjab,Jalandhar,2006,22.98,3458.66
maize,Punjab,Jalandhar,2007,23.37,4028.24
maize,Punjab,Jalandhar,2008,22.37,3659.81
maize,Punjab,Jalandhar,2009,19.76,3500.0
maize,Punjab,Jalandhar,2010,17.54,3977.77
maize,Punjab,Jalandhar,2011,16.54,4265.42
maize,Punjab,Jalandhar,2012,16.54,3771.46
maize,Punjab,Jalandhar,2013,15.32,3687.99
maize,Punjab,Jalandhar,2014,14.1,3960.28
maize,Punjab,Jalandhar,2015,12.49,3884.71
maize,Punjab,Jalandhar,2016,12.49,5076.06
maize,Punjab,Jalandhar,2017,10.88,4423.71
maize,Punjab,Hoshiarpur,2000,72.63,2804.21
maize,Punjab,Hoshiarpur,2001,72.02,2900.44
maize,Punjab,Hoshiarpur,2002,69.41,2057.63
maize,Punjab,Hoshiarpur,2003,73.02,2908.11
maize,Punjab,Hoshiarpur,2004,74.02,2873.82
maize,Punjab,Hoshiarpur,2005,72.63,2625.91
maize,Punjab,Hoshiarpur,2006,75.02,3352.71
maize,Punjab,Hoshiarpur,2007,76.63,3378.05
maize,Punjab,Hoshiarpur,2008,76.63,3499.02
maize,Punjab,Hoshiarpur,2009,73.24,3575.1
maize,Punjab,Hoshiarpur,2010,68.46,3845.02
maize,Punjab,Hoshiarpur,2011,64.46,4071.52
maize,Punjab,Hoshiarpur,2012,66.46,4071.92
maize,Punjab,Hoshiarpur,2013,62.68,3948.63
maize,Punjab,Hoshiarpur,2014,62.9,3802.23
maize,Punjab,Hoshiarpur,2015,59.51,3671.32
maize,Punjab,Hoshiarpur,2016,59.51,3824.57
maize,Punjab,Hoshiarpur,2017,59.12,3549.9
maize,Punjab,Roopnagar / Ropar,2000,28.0,2500.0
maize,Punjab,Roopnagar / Ropar,2001,29.0,2275.86
maize,Punjab,Roopnagar / Ropar,2002,25.0,1760.0
maize,Punjab,Roopnagar / Ropar,2003,23.0,2826.09
maize,Punjab,Roopnagar / Ropar,2004,25.0,2400.0
maize,Punjab,Roopnagar / Ropar,2005,25.0,2760.0
maize,Punjab,Roopnagar / Ropar,2006,27.5,2527.27
maize,Punjab,Roopnagar / Ropar,2007,25.5,3313.73
maize,Punjab,Roopnagar / Ropar,2008,25.5,3392.16
maize,Punjab,Roopnagar / Ropar,2009,23.5,3127.66
maize,Punjab,Roopnagar / Ropar,2010,26.0,3384.62
maize,Punjab,Roopnagar / Ropar,2011,24.0,3833.33
maize,Punjab,Roopnagar / Ropar,2012,26.0,3192.31
maize,Punjab,Roopnagar / Ropar,2013,27.5,3490.91
maize,Punjab,Roopnagar / Ropar,2014,24.0,3041.67
maize,Punjab,Roopnagar / Ropar,2015,23.0,3782.61
maize,Punjab,Roopnagar / Ropar,2016,24.0,3791.67
maize,Punjab,Roopnagar / Ropar,2017,25.0,4140.0
maize,Punjab,Ludhiana,2000,4.15,4204.82
maize,Punjab,Ludhiana,2001,5.15,3388.35
maize,Punjab,Ludhiana,2002,4.15,3240.96
maize,Punjab,Ludhiana,2003,3.15,3317.46
maize,Punjab,Ludhiana,2004,2.15,3069.77
maize,Punjab,Ludhiana,2005,2.0,3500.0
maize,Punjab,Ludhiana,2006,2.15,4465.12
maize,Punjab,Ludhiana,2007,2.15,3465.12
maize,Punjab,Ludhiana,2008,2.15,3534.88
maize,Punjab,Ludhiana,2009,2.15,4395.35
maize,Punjab,Ludhiana,2010,2.0,3500.0
maize,Punjab,Ludhiana,2011,2.0,3000.0
maize,Punjab,Ludhiana,2012,3.15,2730.16
maize,Punjab,Ludhiana,2013,2.15,6790.7
maize,Punjab,Ludhiana,2014,3.15,6857.14
maize,Punjab,Ludhiana,2015,3.15,5587.3
maize,Punjab,Ludhiana,2016,1.0,3000.0
maize,Punjab,Ludhiana,2017,1.0,4000.0
maize,Punjab,Ferozpur,2000,2.22,2666.67
maize,Punjab,Ferozpur,2001,0.74,3000.0
maize,Punjab,Ferozpur,2002,1.48,1500.0
maize,Punjab,Ferozpur,2003,0.74,3000.0
maize,Punjab,Ferozpur,2016,2.0,4000.0
maize,Punjab,Ferozpur,2017,1.0,4000.0
maize,Punjab,Bhatinda,2000,1.78,2853.93
maize,Punjab,Bhatinda,2002,2.52,1896.83
maize,Punjab,Bhatinda,2003,1.26,3000.0
maize,Punjab,Bhatinda,2014,1.0,4000.0
maize,Punjab,Sangrur,2000,1.08,3000.0
maize,Punjab,Sangrur,2001,2.08,2519.23
maize,Punjab,Sangrur,2002,2.08,2038.46
maize,Punjab,Sangrur,2003,2.08,3000.0
maize,Punjab,Sangrur,2004,1.08,3074.07
maize,Punjab,Sangrur,2005,1.0,2000.0
maize,Punjab,Sangrur,2006,1.08,3074.07
maize,Punjab,Sangrur,2008,1.08,3074.07
maize,Punjab,Sangrur,2013,1.08,4000.0
maize,Punjab,Sangrur,2014,2.08,3519.23
maize,Punjab,Sangrur,2015,1.08,4000.0
maize,Punjab,Sangrur,2016,1.0,3000.0
maize,Punjab,Patiala,2000,5.77,2826.69
maize,Punjab,Patiala,2001,5.77,2306.76
maize,Punjab,Patiala,2002,4.77,1742.14
maize,Punjab,Patiala,2003,5.77,2826.69
maize,Punjab,Patiala,2004,4.77,2532.49
maize,Punjab,Patiala,2005,6.0,2500.0
maize,Punjab,Patiala,2006,6.27,2644.34
maize,Punjab,Patiala,2007,6.27,3478.47
maize,Punjab,Patiala,2008,5.27,3525.62
maize,Punjab,Patiala,2009,4.27,3468.38
maize,Punjab,Patiala,2010,4.0,3750.0
maize,Punjab,Patiala,2011,4.0,4500.0
maize,Punjab,Patiala,2012,4.77,3371.07
maize,Punjab,Patiala,2013,6.27,4797.45
maize,Punjab,Patiala,2014,5.77,4000.0
maize,Punjab,Patiala,2015,4.77,4000.0
maize,Punjab,Patiala,2016,4.0,4250.0
maize,Punjab,Patiala,2017,4.0,4125.0
maize,Haryana,Gurgaon,2000,0.8,2500.0
maize,Haryana,Gurgaon,2001,0.9,3333.33
maize,Haryana,Gurgaon,2002,0.9,2222.22
maize,Haryana,Jind,2003,0.52,3861.0
maize,Haryana,Ambala,2000,13.3,2255.64
maize,Haryana,Ambala,2001,15.3,2679.74
maize,Haryana,Ambala,2002,13.9,1942.45
maize,Haryana,Ambala,2003,14.3,2587.41
maize,Haryana,Ambala,2004,14.32,2583.8
maize,Haryana,Ambala,2005,15.9,2138.36
maize,Haryana,Ambala,2006,12.2,2459.02
maize,Haryana,Ambala,2007,12.1,2644.63
maize,Haryana,Ambala,2008,10.5,2171.43
maize,Haryana,Ambala,2009,9.4,2127.66
maize,Haryana,Ambala,2010,7.9,1898.73
maize,Haryana,Ambala,2011,8.5,2470.59
maize,Haryana,Ambala,2012,7.64,2617.8
maize,Haryana,Ambala,2013,7.0,3000.0
maize,Haryana,Ambala,2014,6.0,2000.0
maize,Haryana,Ambala,2015,4.3,3255.81
maize,Haryana,Ambala,2016,3.7,2702.7
maize,Haryana,Ambala,2017,5.2,2884.62
maize,Haryana,Karnal,2000,0.96,2074.69
maize,Haryana,Karnal,2001,1.16,2577.32
maize,Haryana,Karnal,2007,0.7,2857.14
maize,Haryana,Karnal,2008,0.78,1790.28
maize,Haryana,Karnal,2011,1.0,3000.0
maize,Haryana,Karnal,2014,1.0,2000.0
maize,Haryana,Karnal,2015,1.3,2307.69
maize,Haryana,Karnal,2016,1.5,666.67
maize,Haryana,Rohtak,2003,0.6,3333.33
maize,Haryana,Rohtak,2004,0.57,3508.77
maize,Haryana,Rohtak,2005,0.8,2500.0
maize,Haryana,Rohtak,2007,0.8,3750.0
maize,Haryana,Rohtak,2009,2.3,1739.13
maize,Haryana,Rohtak,2010,1.2,3333.33
maize,Haryana,Rohtak,2011,1.4,4285.71
maize,Haryana,Rohtak,2012,1.53,3921.57
maize,Haryana,Rohtak,2013,1.0,3000.0
maize,Haryana,Rohtak,2014,2.0,2000.0
maize,Haryana,Rohtak,2017,0.8,5000.0
maize,Uttar Pradesh,Saharanpur,2000,10.2,1501.96
maize,Uttar Pradesh,Saharanpur,2001,9.72,1681.07
maize,Uttar Pradesh,Saharanpur,2002,8.4,1219.05
maize,Uttar Pradesh,Saharanpur,2003,8.23,1150.67
maize,Uttar Pradesh,Saharanpur,2004,8.93,1499.44
maize,Uttar Pradesh,Saharanpur,2005,11.18,1509.84
maize,Uttar Pradesh,Saharanpur,2006,9.78,1495.91
maize,Uttar Pradesh,Saharanpur,2007,9.07,1263.51
maize,Uttar Pradesh,Saharanpur,2008,9.62,1441.79
maize,Uttar Pradesh,Saharanpur,2009,8.76,1089.04
maize,Uttar Pradesh,Saharanpur,2010,8.72,1375.0
maize,Uttar Pradesh,Saharanpur,2011,8.57,1420.07
maize,Uttar Pradesh,Saharanpur,2012,8.56,1356.31
maize,Uttar Pradesh,Saharanpur,2013,7.78,1239.07
maize,Uttar Pradesh,Saharanpur,2014,7.99,1414.27
maize,Uttar Pradesh,Saharanpur,2015,7.78,1629.82
maize,Uttar Pradesh,Saharanpur,2016,8.12,1628.99
maize,Uttar Pradesh,Saharanpur,2017,8.17,1637.14
maize,Uttar Pradesh,Muzaffarnagar,2000,0.9,1666.67
maize,Uttar Pradesh,Muzaffarnagar,2001,1.05,1714.29
maize,Uttar Pradesh,Muzaffarnagar,2002,1.11,1117.12
maize,Uttar Pradesh,Muzaffarnagar,2003,0.63,1190.48
maize,Uttar Pradesh,Meerut,2000,17.41,1866.39
maize,Uttar Pradesh,Meerut,2001,18.17,2208.1
maize,Uttar Pradesh,Meerut,2002,11.62,1023.32
maize,Uttar Pradesh,Meerut,2003,8.27,1561.22
maize,Uttar Pradesh,Meerut,2004,11.5,1516.28
maize,Uttar Pradesh,Meerut,2005,4.32,1488.51
maize,Uttar Pradesh,Meerut,2006,3.43,1877.11
maize,Uttar Pradesh,Meerut,2007,3.22,1938.07
maize,Uttar Pradesh,Meerut,2008,2.9,2391.89
maize,Uttar Pradesh,Meerut,2009,2.9,1873.17
maize,Uttar Pradesh,Meerut,2010,2.56,2217.77
maize,Uttar Pradesh,Meerut,2011,2.27,2111.04
maize,Uttar Pradesh,Meerut,2012,2.18,2301.83
maize,Uttar Pradesh,Meerut,2013,2.24,2394.85
maize,Uttar Pradesh,Meerut,2014,1.18,2172.13
maize,Uttar Pradesh,Meerut,2015,1.8,1757.74
maize,Uttar Pradesh,Meerut,2016,1.88,1941.37
maize,Uttar Pradesh,Meerut,2017,1.76,2321.18
maize,Uttar Pradesh,Buland Shahar,2000,77.48,2185.53
maize,Uttar Pradesh,Buland Shahar,2001,81.09,2417.66
maize,Uttar Pradesh,Buland Shahar,2002,68.92,1264.07
maize,Uttar Pradesh,Buland Shahar,2003,68.11,1935.52
maize,Uttar Pradesh,Buland Shahar,2004,59.1,1697.66
maize,Uttar Pradesh,Buland Shahar,2005,59.89,1592.92
maize,Uttar Pradesh,Buland Shahar,2006,56.43,1867.3
maize,Uttar Pradesh,Buland Shahar,2007,56.22,1956.94
maize,Uttar Pradesh,Buland Shahar,2008,55.28,2162.86
maize,Uttar Pradesh,Buland Shahar,2009,54.42,1894.11
maize,Uttar Pradesh,Buland Shahar,2010,54.4,2076.89
maize,Uttar Pradesh,Buland Shahar,2011,51.04,2204.5
maize,Uttar Pradesh,Buland Shahar,2012,45.66,2358.34
maize,Uttar Pradesh,Buland Shahar,2013,41.99,2391.89
maize,Uttar Pradesh,Buland Shahar,2014,40.65,2320.7
maize,Uttar Pradesh,Buland Shahar,2015,36.94,2397.77
maize,Uttar Pradesh,Buland Shahar,2016,48.65,2317.71
maize,Uttar Pradesh,Buland Shahar,2017,44.28,2494.89
maize,Uttar Pradesh,Aligarh,2000,51.52,2108.11
maize,Uttar Pradesh,Aligarh,2001,50.65,1990.33
maize,Uttar Pradesh,Aligarh,2002,27.65,957.32
maize,Uttar Pradesh,Aligarh,2003,35.51,1664.32
maize,Uttar Pradesh,Aligarh,2004,31.92,1901.32
maize,Uttar Pradesh,Aligarh,2005,32.3,1539.01
maize,Uttar Pradesh,Aligarh,2006,30.7,1614.98
maize,Uttar Pradesh,Aligarh,2007,30.61,1932.7
maize,Uttar Pradesh,Aligarh,2008,30.37,2446.16
maize,Uttar Pradesh,Aligarh,2009,26.93,1847.75
maize,Uttar Pradesh,Aligarh,2010,25.54,1993.34
maize,Uttar Pradesh,Aligarh,2011,21.02,2031.4
maize,Uttar Pradesh,Aligarh,2012,19.88,2572.43
maize,Uttar Pradesh,Aligarh,2013,14.66,2899.73
maize,Uttar Pradesh,Aligarh,2014,18.46,2122.97
maize,Uttar Pradesh,Aligarh,2015,19.42,2311.02
maize,Uttar Pradesh,Aligarh,2016,23.83,2262.15
maize,Uttar Pradesh,Aligarh,2017,21.94,2590.54
maize,Uttar Pradesh,Mathura,2000,0.69,2000.0
maize,Uttar Pradesh,Mathura,2001,0.75,1933.33
maize,Uttar Pradesh,Agra,2000,3.15,1980.64
maize,Uttar Pradesh,Agra,2001,3.53,2394.21
maize,Uttar Pradesh,Agra,2002,2.9,1070.93
maize,Uttar Pradesh,Agra,2003,2.51,1729.42
maize,Uttar Pradesh,Agra,2004,2.91,2662.01
maize,Uttar Pradesh,Agra,2005,2.83,1856.26
maize,Uttar Pradesh,Agra,2006,2.82,2316.9
maize,Uttar Pradesh,Agra,2007,2.89,2491.7
maize,Uttar Pradesh,Agra,2008,3.2,2637.16
maize,Uttar Pradesh,Agra,2009,2.93,2412.03
maize,Uttar Pradesh,Agra,2010,2.91,2383.35
maize,Uttar Pradesh,Agra,2011,3.1,2738.97
maize,Uttar Pradesh,Agra,2012,3.16,2562.68
maize,Uttar Pradesh,Agra,2013,2.47,3144.66
maize,Uttar Pradesh,Agra,2014,4.04,2535.95
maize,Uttar Pradesh,Agra,2015,3.27,2512.51
maize,Uttar Pradesh,Agra,2016,3.94,2614.79
maize,Uttar Pradesh,Agra,2017,2.64,2800.44
maize,Uttar Pradesh,Mainpuri,2000,40.0,2109.78
maize,Uttar Pradesh,Mainpuri,2001,49.87,2126.3
maize,Uttar Pradesh,Mainpuri,2002,30.44,1336.23
maize,Uttar Pradesh,Mainpuri,2003,40.84,1782.3
maize,Uttar Pradesh,Mainpuri,2004,39.43,2172.84
maize,Uttar Pradesh,Mainpuri,2005,52.43,1766.67
maize,Uttar Pradesh,Mainpuri,2006,58.9,2041.86
maize,Uttar Pradesh,Mainpuri,2007,57.92,2247.21
maize,Uttar Pradesh,Mainpuri,2008,62.3,2402.92
maize,Uttar Pradesh,Mainpuri,2009,38.01,1871.4
maize,Uttar Pradesh,Mainpuri,2010,50.18,2197.97
maize,Uttar Pradesh,Mainpuri,2011,48.21,2566.89
maize,Uttar Pradesh,Mainpuri,2012,47.5,2672.67
maize,Uttar Pradesh,Mainpuri,2013,45.75,2685.3
maize,Uttar Pradesh,Mainpuri,2014,57.9,2565.71
maize,Uttar Pradesh,Mainpuri,2015,54.55,2825.56
maize,Uttar Pradesh,Mainpuri,2016,47.93,2964.07
maize,Uttar Pradesh,Mainpuri,2017,45.71,3073.28
maize,Uttar Pradesh,Etah,2000,58.73,1910.44
maize,Uttar Pradesh,Etah,2001,63.21,1750.51
maize,Uttar Pradesh,Etah,2002,50.28,1090.29
maize,Uttar Pradesh,Etah,2003,51.11,1315.01
maize,Uttar Pradesh,Etah,2004,50.01,1726.65
maize,Uttar Pradesh,Etah,2005,56.03,1858.65
maize,Uttar Pradesh,Etah,2006,58.8,1909.69
maize,Uttar Pradesh,Etah,2007,59.17,1944.4
maize,Uttar Pradesh,Etah,2008,63.13,2063.68
maize,Uttar Pradesh,Etah,2009,55.12,2026.12
maize,Uttar Pradesh,Etah,2010,59.53,1875.02
maize,Uttar Pradesh,Etah,2011,59.27,2510.71
maize,Uttar Pradesh,Etah,2012,59.59,2764.89
maize,Uttar Pradesh,Etah,2013,57.2,2923.25
maize,Uttar Pradesh,Etah,2014,60.0,3045.17
maize,Uttar Pradesh,Etah,2015,71.17,2494.45
maize,Uttar Pradesh,Etah,2016,67.65,2478.33
maize,Uttar Pradesh,Etah,2017,56.52,2566.42
maize,Uttar Pradesh,Bareilly,2003,0.52,1769.23
maize,Uttar Pradesh,Bareilly,2004,0.63,1571.43
maize,Uttar Pradesh,Bareilly,2015,0.69,1811.59
maize,Uttar Pradesh,Bareilly,2016,0.95,1971.52
maize,Uttar Pradesh,Budaun,2000,16.09,1646.99
maize,Uttar Pradesh,Budaun,2001,18.25,1523.84
maize,Uttar Pradesh,Budaun,2002,13.11,1043.48
maize,Uttar Pradesh,Budaun,2003,12.37,2006.47
maize,Uttar Pradesh,Budaun,2004,14.52,1549.59
maize,Uttar Pradesh,Budaun,2005,11.08,1534.3
maize,Uttar Pradesh,Budaun,2006,9.97,1675.03
maize,Uttar Pradesh,Budaun,2007,10.06,1714.71
maize,Uttar Pradesh,Budaun,2008,12.72,1890.72
maize,Uttar Pradesh,Budaun,2009,13.8,1833.33
maize,Uttar Pradesh,Budaun,2010,13.37,1938.67
maize,Uttar Pradesh,Budaun,2011,12.36,1934.97
maize,Uttar Pradesh,Budaun,2012,12.23,1914.79
maize,Uttar Pradesh,Budaun,2013,10.75,2124.43
maize,Uttar Pradesh,Budaun,2014,14.38,2035.02
maize,Uttar Pradesh,Budaun,2015,20.53,1859.63
maize,Uttar Pradesh,Budaun,2016,19.61,2021.79
maize,Uttar Pradesh,Budaun,2017,10.44,2245.27
maize,Uttar Pradesh,Moradabad,2000,7.62,1335.96
maize,Uttar Pradesh,Moradabad,2001,6.98,1521.49
maize,Uttar Pradesh,Moradabad,2002,6.2,1112.9
maize,Uttar Pradesh,Moradabad,2003,5.77,1123.05
maize,Uttar Pradesh,Moradabad,2004,4.08,1250.0
maize,Uttar Pradesh,Moradabad,2005,5.28,1136.36
maize,Uttar Pradesh,Moradabad,2006,5.32,1063.91
maize,Uttar Pradesh,Moradabad,2007,5.26,1363.12
maize,Uttar Pradesh,Moradabad,2008,5.32,1374.06
maize,Uttar Pradesh,Moradabad,2009,5.47,1504.57
maize,Uttar Pradesh,Moradabad,2010,4.82,1190.87
maize,Uttar Pradesh,Moradabad,2011,5.03,1678.83
maize,Uttar Pradesh,Moradabad,2012,5.71,1115.82
maize,Uttar Pradesh,Moradabad,2013,4.17,1501.8
maize,Uttar Pradesh,Moradabad,2014,6.16,1817.54
maize,Uttar Pradesh,Moradabad,2015,13.92,1921.81
maize,Uttar Pradesh,Moradabad,2016,6.33,2033.47
maize,Uttar Pradesh,Moradabad,2017,5.64,2143.43
maize,Uttar Pradesh,Shahjahanpur,2000,3.48,1839.08
maize,Uttar Pradesh,Shahjahanpur,2001,3.62,1287.29
maize,Uttar Pradesh,Shahjahanpur,2002,1.8,1316.67
maize,Uttar Pradesh,Shahjahanpur,2003,3.41,1425.22
maize,Uttar Pradesh,Shahjahanpur,2004,0.82,1609.76
maize,Uttar Pradesh,Shahjahanpur,2005,3.19,1498.43
maize,Uttar Pradesh,Shahjahanpur,2006,2.69,1851.3
maize,Uttar Pradesh,Shahjahanpur,2007,2.52,1642.86
maize,Uttar Pradesh,Shahjahanpur,2008,2.28,1921.05
maize,Uttar Pradesh,Shahjahanpur,2009,1.95,1907.69
maize,Uttar Pradesh,Shahjahanpur,2010,1.84,1722.83
maize,Uttar Pradesh,Shahjahanpur,2011,2.34,1388.89
maize,Uttar Pradesh,Shahjahanpur,2012,1.78,1893.26
maize,Uttar Pradesh,Shahjahanpur,2013,1.59,1106.92
maize,Uttar Pradesh,Shahjahanpur,2014,1.98,1136.36
maize,Uttar Pradesh,Shahjahanpur,2015,1.48,1358.11
maize,Uttar Pradesh,Shahjahanpur,2016,2.25,1908.77
maize,Uttar Pradesh,Shahjahanpur,2017,2.3,2131.13
maize,Uttar Pradesh,Pilibhit,2014,0.58,1948.28
maize,Uttar Pradesh,Pilibhit,2015,1.66,1765.06
maize,Uttar Pradesh,Farrukhabad,2000,93.71,2308.29
maize,Uttar Pradesh,Farrukhabad,2001,97.73,1951.81
maize,Uttar Pradesh,Farrukhabad,2002,78.46,1365.79
maize,Uttar Pradesh,Farrukhabad,2003,86.7,1420.65
maize,Uttar Pradesh,Farrukhabad,2004,89.81,1962.92
maize,Uttar Pradesh,Farrukhabad,2005,88.6,1488.49
maize,Uttar Pradesh,Farrukhabad,2006,88.65,1504.0
maize,Uttar Pradesh,Farrukhabad,2007,90.2,1895.68
maize,Uttar Pradesh,Farrukhabad,2008,90.19,2155.23
maize,Uttar Pradesh,Farrukhabad,2009,72.04,1600.36
maize,Uttar Pradesh,Farrukhabad,2010,76.72,1952.03
maize,Uttar Pradesh,Farrukhabad,2011,79.63,2376.49
maize,Uttar Pradesh,Farrukhabad,2012,75.78,2390.6
maize,Uttar Pradesh,Farrukhabad,2013,76.46,2271.12
maize,Uttar Pradesh,Farrukhabad,2014,79.77,1829.13
maize,Uttar Pradesh,Farrukhabad,2015,90.78,1934.02
maize,Uttar Pradesh,Farrukhabad,2016,90.63,2048.32
maize,Uttar Pradesh,Farrukhabad,2017,85.47,3140.12
maize,Uttar Pradesh,Etawah,2000,20.8,2419.23
maize,Uttar Pradesh,Etawah,2001,21.26,2071.97
maize,Uttar Pradesh,Etawah,2002,16.99,1764.57
maize,Uttar Pradesh,Etawah,2003,18.52,1899.03
maize,Uttar Pradesh,Etawah,2004,19.26,2028.56
maize,Uttar Pradesh,Etawah,2005,16.93,1493.21
maize,Uttar Pradesh,Etawah,2006,16.77,1836.02
maize,Uttar Pradesh,Etawah,2007,16.76,2058.47
maize,Uttar Pradesh,Etawah,2008,14.16,2192.09
maize,Uttar Pradesh,Etawah,2009,13.29,1972.16
maize,Uttar Pradesh,Etawah,2010,13.87,1970.44
maize,Uttar Pradesh,Etawah,2011,14.17,1976.01
maize,Uttar Pradesh,Etawah,2012,15.16,2529.68
maize,Uttar Pradesh,Etawah,2013,11.87,2645.32
maize,Uttar Pradesh,Etawah,2014,14.57,2430.34
maize,Uttar Pradesh,Etawah,2015,12.69,2524.82
maize,Uttar Pradesh,Etawah,2016,14.55,2624.18
maize,Uttar Pradesh,Etawah,2017,14.62,2954.05
maize,Uttar Pradesh,Kanpur,2000,36.18,1482.31
maize,Uttar Pradesh,Kanpur,2001,35.09,1789.97
maize,Uttar Pradesh,Kanpur,2002,29.69,1176.83
maize,Uttar Pradesh,Kanpur,2003,33.52,1174.82
maize,Uttar Pradesh,Kanpur,2004,31.12,1413.24
maize,Uttar Pradesh,Kanpur,2005,36.12,1107.97
maize,Uttar Pradesh,Kanpur,2006,36.46,1074.6
maize,Uttar Pradesh,Kanpur,2007,36.05,1429.68
maize,Uttar Pradesh,Kanpur,2008,37.3,1442.9
maize,Uttar Pradesh,Kanpur,2009,33.24,1243.38
maize,Uttar Pradesh,Kanpur,2010,34.72,1257.78
maize,Uttar Pradesh,Kanpur,2011,36.05,1428.29
maize,Uttar Pradesh,Kanpur,2012,33.12,1669.38
maize,Uttar Pradesh,Kanpur,2013,33.63,1901.87
maize,Uttar Pradesh,Kanpur,2014,32.38,1394.07
maize,Uttar Pradesh,Kanpur,2015,35.41,2443.38
maize,Uttar Pradesh,Kanpur,2016,41.85,2563.33
maize,Uttar Pradesh,Kanpur,2017,34.24,3226.65
maize,Uttar Pradesh,Fatehpur,2004,0.61,1852.46
maize,Uttar Pradesh,Fatehpur,2015,0.53,754.72
maize,Uttar Pradesh,Fatehpur,2016,0.5,1954.27
maize,Uttar Pradesh,Allahabad,2013,0.83,1674.7
maize,Uttar Pradesh,Allahabad,2014,0.85,2141.18
maize,Uttar Pradesh,Allahabad,2015,0.57,1315.79
maize,Uttar Pradesh,Allahabad,2017,0.56,2431.13
maize,Uttar Pradesh,Jhansi,2000,28.03,1849.8
maize,Uttar Pradesh,Jhansi,2001,28.04,1058.49
maize,Uttar Pradesh,Jhansi,2002,24.82,332.39
maize,Uttar Pradesh,Jhansi,2003,30.82,1205.71
maize,Uttar Pradesh,Jhansi,2004,36.35,900.14
maize,Uttar Pradesh,Jhansi,2005,30.39,749.59
maize,Uttar Pradesh,Jhansi,2006,35.45,905.78
maize,Uttar Pradesh,Jhansi,2007,43.05,722.65
maize,Uttar Pradesh,Jhansi,2008,42.27,1012.3
maize,Uttar Pradesh,Jhansi,2009,38.81,1651.38
maize,Uttar Pradesh,Jhansi,2010,38.42,1560.39
maize,Uttar Pradesh,Jhansi,2011,30.14,1132.71
maize,Uttar Pradesh,Jhansi,2012,26.5,1296.23
maize,Uttar Pradesh,Jhansi,2013,27.45,619.67
maize,Uttar Pradesh,Jhansi,2014,22.14,979.22
maize,Uttar Pradesh,Jhansi,2015,17.2,700.58
maize,Uttar Pradesh,Jhansi,2016,29.23,1150.72
maize,Uttar Pradesh,Jhansi,2017,20.74,888.9
maize,Uttar Pradesh,Hamirpur,2013,1.56,3532.05
maize,Uttar Pradesh,Hamirpur,2016,1.55,2794.08
maize,Uttar Pradesh,Varanasi,2000,7.13,1340.81
maize,Uttar Pradesh,Varanasi,2001,4.56,1381.58
maize,Uttar Pradesh,Varanasi,2002,3.8,1347.37
maize,Uttar Pradesh,Varanasi,2003,3.76,1718.09
maize,Uttar Pradesh,Varanasi,2004,2.83,1494.7
maize,Uttar Pradesh,Varanasi,2005,3.78,1383.6
maize,Uttar Pradesh,Varanasi,2006,3.72,1215.05
maize,Uttar Pradesh,Varanasi,2007,3.65,1309.59
maize,Uttar Pradesh,Varanasi,2008,3.69,1214.09
maize,Uttar Pradesh,Varanasi,2009,3.73,1340.48
maize,Uttar Pradesh,Varanasi,2010,3.72,1368.28
maize,Uttar Pradesh,Varanasi,2011,3.67,1356.95
maize,Uttar Pradesh,Varanasi,2012,3.74,1625.67
maize,Uttar Pradesh,Varanasi,2013,3.66,1609.29
maize,Uttar Pradesh,Varanasi,2014,3.43,1533.53
maize,Uttar Pradesh,Varanasi,2015,3.53,1450.42
maize,Uttar Pradesh,Varanasi,2016,3.7,1602.22
maize,Uttar Pradesh,Varanasi,2017,3.4,1721.42
maize,Uttar Pradesh,Mirzpur,2000,18.3,813.11
maize,Uttar Pradesh,Mirzpur,2001,17.19,521.23
maize,Uttar Pradesh,Mirzpur,2002,16.77,737.63
maize,Uttar Pradesh,Mirzpur,2003,19.15,1142.56
maize,Uttar Pradesh,Mirzpur,2004,14.5,591.72
maize,Uttar Pradesh,Mirzpur,2005,16.67,775.64
maize,Uttar Pradesh,Mirzpur,2006,17.19,620.13
maize,Uttar Pradesh,Mirzpur,2007,17.03,796.24
maize,Uttar Pradesh,Mirzpur,2008,15.04,594.41
maize,Uttar Pradesh,Mirzpur,2009,15.08,685.01
maize,Uttar Pradesh,Mirzpur,2010,14.9,885.23
maize,Uttar Pradesh,Mirzpur,2011,16.74,856.03
maize,Uttar Pradesh,Mirzpur,2012,16.58,1003.02
maize,Uttar Pradesh,Mirzpur,2013,14.67,1160.19
maize,Uttar Pradesh,Mirzpur,2014,17.15,1061.81
maize,Uttar Pradesh,Mirzpur,2015,16.1,893.79
maize,Uttar Pradesh,Mirzpur,2016,17.0,846.68
maize,Uttar Pradesh,Mirzpur,2017,15.28,1009.75
maize,Uttar Pradesh,Jaunpur,2000,47.59,1857.74
maize,Uttar Pradesh,Jaunpur,2001,47.42,1671.66
maize,Uttar Pradesh,Jaunpur,2002,40.85,1263.65
maize,Uttar Pradesh,Jaunpur,2003,40.84,1631.0
maize,Uttar Pradesh,Jaunpur,2004,40.32,2034.72
maize,Uttar Pradesh,Jaunpur,2005,45.49,1471.75
maize,Uttar Pradesh,Jaunpur,2006,45.55,1320.09
maize,Uttar Pradesh,Jaunpur,2007,45.44,1399.43
maize,Uttar Pradesh,Jaunpur,2008,45.01,1308.38
maize,Uttar Pradesh,Jaunpur,2009,43.25,1429.13
maize,Uttar Pradesh,Jaunpur,2010,45.35,1461.3
maize,Uttar Pradesh,Jaunpur,2011,45.51,1455.72
maize,Uttar Pradesh,Jaunpur,2012,44.81,1767.91
maize,Uttar Pradesh,Jaunpur,2013,43.92,1579.01
maize,Uttar Pradesh,Jaunpur,2014,45.5,1590.55
maize,Uttar Pradesh,Jaunpur,2015,44.1,1444.22
maize,Uttar Pradesh,Jaunpur,2016,46.4,1544.97
maize,Uttar Pradesh,Jaunpur,2017,43.35,1550.96
maize,Uttar Pradesh,Ghazipur,2000,1.16,1405.17
maize,Uttar Pradesh,Ghazipur,2001,0.7,1671.43
maize,Uttar Pradesh,Ghazipur,2002,0.65,1292.31
maize,Uttar Pradesh,Ghazipur,2003,0.64,1640.62
maize,Uttar Pradesh,Ghazipur,2005,0.66,1484.85
maize,Uttar Pradesh,Ghazipur,2006,0.67,1328.36
maize,Uttar Pradesh,Ghazipur,2007,0.71,1408.45
maize,Uttar Pradesh,Ghazipur,2008,0.64,1328.13
maize,Uttar Pradesh,Ghazipur,2009,0.64,1421.88
maize,Uttar Pradesh,Ghazipur,2010,0.66,1469.7
maize,Uttar Pradesh,Ghazipur,2011,0.66,1484.85
maize,Uttar Pradesh,Ghazipur,2012,0.65,1769.23
maize,Uttar Pradesh,Ghazipur,2013,0.76,2026.32
maize,Uttar Pradesh,Ghazipur,2014,0.8,1687.5
maize,Uttar Pradesh,Ghazipur,2015,1.14,1210.53
maize,Uttar Pradesh,Ghazipur,2016,0.86,1095.02
maize,Uttar Pradesh,Ghazipur,2017,0.81,1267.24
maize,Uttar Pradesh,Ballia,2000,21.64,1585.49
maize,Uttar Pradesh,Ballia,2001,21.47,1312.99
maize,Uttar Pradesh,Ballia,2002,23.44,1413.82
maize,Uttar Pradesh,Ballia,2003,26.22,706.33
maize,Uttar Pradesh,Ballia,2004,26.0,1083.85
maize,Uttar Pradesh,Ballia,2005,25.96,828.58
maize,Uttar Pradesh,Ballia,2006,26.47,952.4
maize,Uttar Pradesh,Ballia,2007,26.2,787.4
maize,Uttar Pradesh,Ballia,2008,7.91,620.73
maize,Uttar Pradesh,Ballia,2009,29.89,1388.76
maize,Uttar Pradesh,Ballia,2010,29.91,1573.05
maize,Uttar Pradesh,Ballia,2011,32.72,1769.87
maize,Uttar Pradesh,Ballia,2012,33.5,1958.21
maize,Uttar Pradesh,Ballia,2013,31.3,1513.1
maize,Uttar Pradesh,Ballia,2014,32.06,1487.21
maize,Uttar Pradesh,Ballia,2015,32.73,1176.9
maize,Uttar Pradesh,Ballia,2016,31.71,997.19
maize,Uttar Pradesh,Ballia,2017,31.76,1918.55
maize,Uttar Pradesh,Gorakhpur,2000,3.85,1477.92
maize,Uttar Pradesh,Gorakhpur,2001,3.65,1789.04
maize,Uttar Pradesh,Gorakhpur,2002,4.41,1297.05
maize,Uttar Pradesh,Gorakhpur,2003,4.42,984.16
maize,Uttar Pradesh,Gorakhpur,2004,3.9,1325.64
maize,Uttar Pradesh,Gorakhpur,2005,4.42,1545.25
maize,Uttar Pradesh,Gorakhpur,2006,4.41,1238.1
maize,Uttar Pradesh,Gorakhpur,2007,4.04,648.51
maize,Uttar Pradesh,Gorakhpur,2008,2.46,422.76
maize,Uttar Pradesh,Gorakhpur,2009,3.38,1068.05
maize,Uttar Pradesh,Gorakhpur,2010,3.19,617.55
maize,Uttar Pradesh,Gorakhpur,2011,3.08,1227.27
maize,Uttar Pradesh,Gorakhpur,2012,3.11,1434.08
maize,Uttar Pradesh,Gorakhpur,2013,2.69,1022.3
maize,Uttar Pradesh,Gorakhpur,2014,3.34,1625.75
maize,Uttar Pradesh,Gorakhpur,2015,3.48,1433.91
maize,Uttar Pradesh,Gorakhpur,2016,3.83,1360.41
maize,Uttar Pradesh,Gorakhpur,2017,3.06,802.68
maize,Uttar Pradesh,Deoria,2000,8.91,1479.24
maize,Uttar Pradesh,Deoria,2001,8.54,1137.0
maize,Uttar Pradesh,Deoria,2002,12.52,1243.61
maize,Uttar Pradesh,Deoria,2003,13.1,1072.52
maize,Uttar Pradesh,Deoria,2004,9.38,1191.9
maize,Uttar Pradesh,Deoria,2005,13.54,1845.64
maize,Uttar Pradesh,Deoria,2006,13.84,1594.65
maize,Uttar Pradesh,Deoria,2007,13.36,1089.82
maize,Uttar Pradesh,Deoria,2008,12.4,1283.87
maize,Uttar Pradesh,Deoria,2009,11.95,1410.04
maize,Uttar Pradesh,Deoria,2010,11.6,1739.66
maize,Uttar Pradesh,Deoria,2011,11.85,2018.57
maize,Uttar Pradesh,Deoria,2012,12.45,2325.3
maize,Uttar Pradesh,Deoria,2013,12.64,2789.56
maize,Uttar Pradesh,Deoria,2014,12.64,2458.86
maize,Uttar Pradesh,Deoria,2015,12.61,2394.13
maize,Uttar Pradesh,Deoria,2016,15.21,2665.83
maize,Uttar Pradesh,Deoria,2017,15.86,2744.37
maize,Uttar Pradesh,Basti,2000,7.53,476.76
maize,Uttar Pradesh,Basti,2001,6.14,752.44
maize,Uttar Pradesh,Basti,2002,6.32,881.33
maize,Uttar Pradesh,Basti,2003,6.37,1100.47
maize,Uttar Pradesh,Basti,2004,5.12,1205.08
maize,Uttar Pradesh,Basti,2005,7.29,1445.82
maize,Uttar Pradesh,Basti,2006,6.72,1336.31
maize,Uttar Pradesh,Basti,2007,6.07,1454.7
maize,Uttar Pradesh,Basti,2008,6.15,1531.71
maize,Uttar Pradesh,Basti,2009,5.93,1446.88
maize,Uttar Pradesh,Basti,2010,5.04,1210.32
maize,Uttar Pradesh,Basti,2011,4.71,1774.95
maize,Uttar Pradesh,Basti,2012,4.86,1853.91
maize,Uttar Pradesh,Basti,2013,5.13,1908.38
maize,Uttar Pradesh,Basti,2014,4.58,1781.66
maize,Uttar Pradesh,Basti,2015,4.66,1856.22
maize,Uttar Pradesh,Basti,2016,4.61,951.64
maize,Uttar Pradesh,Basti,2017,4.89,965.62
maize,Uttar Pradesh,Azamgarh,2000,8.05,1649.69
maize,Uttar Pradesh,Azamgarh,2001,8.06,1755.58
maize,Uttar Pradesh,Azamgarh,2002,7.83,1187.74
maize,Uttar Pradesh,Azamgarh,2003,8.54,1248.24
maize,Uttar Pradesh,Azamgarh,2004,9.75,1790.77
maize,Uttar Pradesh,Azamgarh,2005,8.13,1200.49
maize,Uttar Pradesh,Azamgarh,2006,8.09,1515.45
maize,Uttar Pradesh,Azamgarh,2007,8.04,1570.9
maize,Uttar Pradesh,Azamgarh,2008,6.71,992.55
maize,Uttar Pradesh,Azamgarh,2009,7.3,1771.23
maize,Uttar Pradesh,Azamgarh,2010,7.19,1557.72
maize,Uttar Pradesh,Azamgarh,2011,7.02,1524.22
maize,Uttar Pradesh,Azamgarh,2012,7.31,1792.07
maize,Uttar Pradesh,Azamgarh,2013,6.81,1958.88
maize,Uttar Pradesh,Azamgarh,2014,7.51,1873.5
maize,Uttar Pradesh,Azamgarh,2015,6.27,1676.24
maize,Uttar Pradesh,Azamgarh,2016,7.24,1619.72
maize,Uttar Pradesh,Azamgarh,2017,6.44,1679.25
maize,Uttar Pradesh,Lucknow,2000,3.13,846.65
maize,Uttar Pradesh,Lucknow,2001,3.18,830.19
maize,Uttar Pradesh,Lucknow,2002,2.66,530.08
maize,Uttar Pradesh,Lucknow,2003,2.72,812.5
maize,Uttar Pradesh,Lucknow,2004,1.79,1245.81
maize,Uttar Pradesh,Lucknow,2005,2.93,993.17
maize,Uttar Pradesh,Lucknow,2006,2.37,1097.05
maize,Uttar Pradesh,Lucknow,2007,2.28,1473.68
maize,Uttar Pradesh,Lucknow,2008,1.58,1208.86
maize,Uttar Pradesh,Lucknow,2009,1.54,1259.74
maize,Uttar Pradesh,Lucknow,2010,1.47,979.59
maize,Uttar Pradesh,Lucknow,2011,1.54,1136.36
maize,Uttar Pradesh,Lucknow,2012,1.44,1493.06
maize,Uttar Pradesh,Lucknow,2013,1.26,1698.41
maize,Uttar Pradesh,Lucknow,2014,1.58,854.43
maize,Uttar Pradesh,Lucknow,2015,1.11,1243.24
maize,Uttar Pradesh,Lucknow,2016,2.9,1606.83
maize,Uttar Pradesh,Lucknow,2017,1.62,1166.56
maize,Uttar Pradesh,Unnao,2000,37.76,1527.81
maize,Uttar Pradesh,Unnao,2001,39.39,1402.13
maize,Uttar Pradesh,Unnao,2002,30.15,823.88
maize,Uttar Pradesh,Unnao,2003,39.25,1428.54
maize,Uttar Pradesh,Unnao,2004,28.51,1548.93
maize,Uttar Pradesh,Unnao,2005,38.7,966.92
maize,Uttar Pradesh,Unnao,2006,36.98,952.95
maize,Uttar Pradesh,Unnao,2007,36.72,1224.67
maize,Uttar Pradesh,Unnao,2008,35.29,1243.13
maize,Uttar Pradesh,Unnao,2009,25.29,1325.43
maize,Uttar Pradesh,Unnao,2010,30.06,779.44
maize,Uttar Pradesh,Unnao,2011,31.53,1042.5
maize,Uttar Pradesh,Unnao,2012,28.52,1186.19
maize,Uttar Pradesh,Unnao,2013,27.93,1577.52
maize,Uttar Pradesh,Unnao,2014,24.57,1424.09
maize,Uttar Pradesh,Unnao,2015,26.07,1528.96
maize,Uttar Pradesh,Unnao,2016,30.98,1631.69
maize,Uttar Pradesh,Unnao,2017,29.23,2245.41
maize,Uttar Pradesh,Rae-Bareily,2017,0.55,1856.48
maize,Uttar Pradesh,Sitapur,2000,17.19,867.95
maize,Uttar Pradesh,Sitapur,2001,15.32,726.5
maize,Uttar Pradesh,Sitapur,2002,16.17,659.86
maize,Uttar Pradesh,Sitapur,2003,17.9,737.99
maize,Uttar Pradesh,Sitapur,2004,11.28,815.6
maize,Uttar Pradesh,Sitapur,2005,17.53,1044.5
maize,Uttar Pradesh,Sitapur,2006,16.73,956.96
maize,Uttar Pradesh,Sitapur,2007,17.43,841.08
maize,Uttar Pradesh,Sitapur,2008,16.99,449.68
maize,Uttar Pradesh,Sitapur,2009,17.47,813.39
maize,Uttar Pradesh,Sitapur,2010,15.93,765.22
maize,Uttar Pradesh,Sitapur,2011,12.94,731.84
maize,Uttar Pradesh,Sitapur,2012,13.23,962.21
maize,Uttar Pradesh,Sitapur,2013,11.19,965.15
maize,Uttar Pradesh,Sitapur,2014,8.98,895.32
maize,Uttar Pradesh,Sitapur,2015,8.72,1027.52
maize,Uttar Pradesh,Sitapur,2016,15.37,1254.08
maize,Uttar Pradesh,Sitapur,2017,9.97,915.23
maize,Uttar Pradesh,Hardoi,2000,53.51,1605.12
maize,Uttar Pradesh,Hardoi,2001,54.21,1521.49
maize,Uttar Pradesh,Hardoi,2002,40.21,890.08
maize,Uttar Pradesh,Hardoi,2003,52.35,1308.12
maize,Uttar Pradesh,Hardoi,2004,47.01,1708.57
maize,Uttar Pradesh,Hardoi,2005,48.05,1223.31
maize,Uttar Pradesh,Hardoi,2006,52.37,1328.81
maize,Uttar Pradesh,Hardoi,2007,50.95,1478.12
maize,Uttar Pradesh,Hardoi,2008,49.99,1479.3
maize,Uttar Pradesh,Hardoi,2009,39.18,1415.26
maize,Uttar Pradesh,Hardoi,2010,39.7,1175.82
maize,Uttar Pradesh,Hardoi,2011,37.66,1321.83
maize,Uttar Pradesh,Hardoi,2012,36.86,1915.36
maize,Uttar Pradesh,Hardoi,2013,42.79,1921.48
maize,Uttar Pradesh,Hardoi,2014,33.57,1694.67
maize,Uttar Pradesh,Hardoi,2015,42.95,2016.53
maize,Uttar Pradesh,Hardoi,2016,37.34,2429.0
maize,Uttar Pradesh,Hardoi,2017,36.16,2425.74
maize,Uttar Pradesh,Kheri,2000,13.02,749.62
maize,Uttar Pradesh,Kheri,2001,13.05,859.0
maize,Uttar Pradesh,Kheri,2002,9.9,853.54
maize,Uttar Pradesh,Kheri,2003,9.96,869.48
maize,Uttar Pradesh,Kheri,2004,10.62,1065.91
maize,Uttar Pradesh,Kheri,2005,9.28,1067.89
maize,Uttar Pradesh,Kheri,2006,8.92,1041.48
maize,Uttar Pradesh,Kheri,2007,9.73,922.92
maize,Uttar Pradesh,Kheri,2008,9.88,824.9
maize,Uttar Pradesh,Kheri,2009,9.69,887.51
maize,Uttar Pradesh,Kheri,2010,9.81,833.84
maize,Uttar Pradesh,Kheri,2011,9.1,981.32
maize,Uttar Pradesh,Kheri,2012,10.22,1118.4
maize,Uttar Pradesh,Kheri,2013,8.28,1853.86
maize,Uttar Pradesh,Kheri,2014,7.96,1399.5
maize,Uttar Pradesh,Kheri,2015,6.5,1481.54
maize,Uttar Pradesh,Kheri,2016,9.82,1857.36
maize,Uttar Pradesh,Kheri,2017,8.41,1541.1
maize,Uttar Pradesh,Faizabad,2000,4.25,1484.71
maize,Uttar Pradesh,Faizabad,2001,4.11,1598.54
maize,Uttar Pradesh,Faizabad,2002,4.06,1118.23
maize,Uttar Pradesh,Faizabad,2003,3.04,1378.29
maize,Uttar Pradesh,Faizabad,2004,2.35,1604.26
maize,Uttar Pradesh,Faizabad,2005,3.21,1389.41
maize,Uttar Pradesh,Faizabad,2006,3.34,1284.43
maize,Uttar Pradesh,Faizabad,2007,3.79,1282.32
maize,Uttar Pradesh,Faizabad,2008,3.49,974.21
maize,Uttar Pradesh,Faizabad,2009,3.58,1243.02
maize,Uttar Pradesh,Faizabad,2010,3.2,1171.88
maize,Uttar Pradesh,Faizabad,2011,3.33,1276.28
maize,Uttar Pradesh,Faizabad,2012,3.74,1395.72
maize,Uttar Pradesh,Faizabad,2013,2.0,775.0
maize,Uttar Pradesh,Faizabad,2014,3.61,1265.93
maize,Uttar Pradesh,Faizabad,2015,4.17,1093.53
maize,Uttar Pradesh,Faizabad,2016,3.19,1338.24
maize,Uttar Pradesh,Faizabad,2017,3.59,1938.7
maize,Uttar Pradesh,Gonda,2000,71.82,885.13
maize,Uttar Pradesh,Gonda,2001,62.59,1254.03
maize,Uttar Pradesh,Gonda,2002,61.88,930.51
maize,Uttar Pradesh,Gonda,2003,62.05,1121.03
maize,Uttar Pradesh,Gonda,2004,62.28,1025.85
maize,Uttar Pradesh,Gonda,2005,62.08,836.66
maize,Uttar Pradesh,Gonda,2006,63.41,864.37
maize,Uttar Pradesh,Gonda,2007,63.23,977.7
maize,Uttar Pradesh,Gonda,2008,59.35,646.17
maize,Uttar Pradesh,Gonda,2009,62.46,1066.12
maize,Uttar Pradesh,Gonda,2010,62.13,1033.48
maize,Uttar Pradesh,Gonda,2011,58.99,1094.08
maize,Uttar Pradesh,Gonda,2012,57.12,1173.67
maize,Uttar Pradesh,Gonda,2013,48.4,1148.97
maize,Uttar Pradesh,Gonda,2014,54.77,1212.71
maize,Uttar Pradesh,Gonda,2015,27.29,1086.48
maize,Uttar Pradesh,Gonda,2016,55.67,1244.32
maize,Uttar Pradesh,Gonda,2017,51.0,1278.78
maize,Uttar Pradesh,Bahraich,2000,117.03,869.61
maize,Uttar Pradesh,Bahraich,2001,119.24,1138.12
maize,Uttar Pradesh,Bahraich,2002,114.04,1135.48
maize,Uttar Pradesh,Bahraich,2003,110.93,1160.91
maize,Uttar Pradesh,Bahraich,2004,108.97,1221.25
maize,Uttar Pradesh,Bahraich,2005,113.22,1064.12
maize,Uttar Pradesh,Bahraich,2006,109.27,994.51
maize,Uttar Pradesh,Bahraich,2007,98.56,1062.09
maize,Uttar Pradesh,Bahraich,2008,89.71,975.37
maize,Uttar Pradesh,Bahraich,2009,96.34,1042.25
maize,Uttar Pradesh,Bahraich,2010,93.82,1094.97
maize,Uttar Pradesh,Bahraich,2011,90.59,1165.58
maize,Uttar Pradesh,Bahraich,2012,90.12,1231.36
maize,Uttar Pradesh,Bahraich,2013,94.45,1285.97
maize,Uttar Pradesh,Bahraich,2014,80.62,1232.94
maize,Uttar Pradesh,Bahraich,2015,62.53,1149.53
maize,Uttar Pradesh,Bahraich,2016,100.5,1382.05
maize,Uttar Pradesh,Bahraich,2017,92.37,1671.19
maize,Uttar Pradesh,Sultanpur,2000,5.38,1410.78
maize,Uttar Pradesh,Sultanpur,2001,5.48,1496.35
maize,Uttar Pradesh,Sultanpur,2002,4.34,1463.13
maize,Uttar Pradesh,Sultanpur,2003,5.16,2292.64
maize,Uttar Pradesh,Sultanpur,2004,5.26,2117.87
maize,Uttar Pradesh,Sultanpur,2005,5.33,1482.18
maize,Uttar Pradesh,Sultanpur,2006,5.26,1279.47
maize,Uttar Pradesh,Sultanpur,2007,4.74,1322.78
maize,Uttar Pradesh,Sultanpur,2008,4.95,917.17
maize,Uttar Pradesh,Sultanpur,2009,5.34,1434.46
maize,Uttar Pradesh,Sultanpur,2010,5.23,1042.9
maize,Uttar Pradesh,Sultanpur,2011,5.15,1164.86
maize,Uttar Pradesh,Sultanpur,2012,4.94,1413.21
maize,Uttar Pradesh,Sultanpur,2013,4.89,496.12
maize,Uttar Pradesh,Sultanpur,2014,4.89,799.76
maize,Uttar Pradesh,Sultanpur,2015,4.92,614.68
maize,Uttar Pradesh,Sultanpur,2016,4.91,749.45
maize,Uttar Pradesh,Sultanpur,2017,5.35,1735.2
maize,Uttar Pradesh,Pratapgarh,2000,1.8,2100.0
maize,Uttar Pradesh,Pratapgarh,2001,1.89,1920.63
maize,Uttar Pradesh,Pratapgarh,2002,0.92,1358.7
maize,Uttar Pradesh,Pratapgarh,2003,1.28,1156.25
maize,Uttar Pradesh,Pratapgarh,2004,0.93,1827.96
maize,Uttar Pradesh,Pratapgarh,2005,1.27,1291.34
maize,Uttar Pradesh,Pratapgarh,2006,0.68,1323.53
maize,Uttar Pradesh,Pratapgarh,2007,0.95,1452.63
maize,Uttar Pradesh,Pratapgarh,2008,0.68,1529.41
maize,Uttar Pradesh,Pratapgarh,2009,0.6,1450.0
maize,Uttar Pradesh,Pratapgarh,2010,0.87,896.55
maize,Uttar Pradesh,Pratapgarh,2011,0.85,1011.76
maize,Uttar Pradesh,Pratapgarh,2012,0.79,1151.9
maize,Uttar Pradesh,Pratapgarh,2013,0.54,1092.59
maize,Uttar Pradesh,Pratapgarh,2014,0.61,1770.49
maize,Uttar Pradesh,Pratapgarh,2015,0.55,890.91
maize,Uttar Pradesh,Pratapgarh,2016,0.63,1928.91
maize,Uttar Pradesh,Pratapgarh,2017,0.6,2251.25
maize,Uttar Pradesh,Barabanki,2000,5.89,1431.24
maize,Uttar Pradesh,Barabanki,2001,5.66,1681.98
maize,Uttar Pradesh,Barabanki,2002,5.98,876.25
maize,Uttar Pradesh,Barabanki,2003,6.86,715.74
maize,Uttar Pradesh,Barabanki,2004,7.42,1505.39
maize,Uttar Pradesh,Barabanki,2005,7.17,1171.55
maize,Uttar Pradesh,Barabanki,2006,6.94,685.88
maize,Uttar Pradesh,Barabanki,2007,5.75,721.74
maize,Uttar Pradesh,Barabanki,2008,5.26,152.09
maize,Uttar Pradesh,Barabanki,2009,5.07,595.66
maize,Uttar Pradesh,Barabanki,2010,4.75,888.42
maize,Uttar Pradesh,Barabanki,2011,4.62,932.9
maize,Uttar Pradesh,Barabanki,2012,3.94,776.65
maize,Uttar Pradesh,Barabanki,2013,3.46,988.44
maize,Uttar Pradesh,Barabanki,2014,3.36,863.1
maize,Uttar Pradesh,Barabanki,2015,3.07,638.44
maize,Uttar Pradesh,Barabanki,2016,4.07,799.26
maize,Uttar Pradesh,Barabanki,2017,4.45,1869.38
maize,Uttarakhand,Nainital,2000,8.22,1425.79
maize,Uttarakhand,Nainital,2001,6.58,1332.83
maize,Uttarakhand,Nainital,2002,4.18,1117.22
maize,Uttarakhand,Nainital,2003,7.39,1332.88
maize,Uttarakhand,Nainital,2004,5.17,2025.15
maize,Uttarakhand,Nainital,2005,4.64,2032.33
maize,Uttarakhand,Nainital,2006,4.21,1432.3
maize,Uttarakhand,Nainital,2007,3.82,1424.08
maize,Uttarakhand,Nainital,2008,6.79,1301.91
maize,Uttarakhand,Nainital,2009,4.41,1698.41
maize,Uttarakhand,Nainital,2010,5.5,1700.0
maize,Uttarakhand,Nainital,2011,4.75,1837.89
maize,Uttarakhand,Nainital,2012,4.51,2150.78
maize,Uttarakhand,Nainital,2013,3.95,2131.65
maize,Uttarakhand,Nainital,2014,3.82,2034.03
maize,Uttarakhand,Nainital,2015,3.36,1898.81
maize,Uttarakhand,Nainital,2016,3.69,1334.06
maize,Uttarakhand,Nainital,2017,3.46,1325.25
maize,Uttarakhand,Almorah,2000,2.31,1268.4
maize,Uttarakhand,Almorah,2001,2.49,1176.71
maize,Uttarakhand,Almorah,2002,2.49,795.18
maize,Uttarakhand,Almorah,2003,2.85,792.98
maize,Uttarakhand,Almorah,2004,2.48,1125.0
maize,Uttarakhand,Almorah,2005,3.46,1132.95
maize,Uttarakhand,Almorah,2006,2.19,666.67
maize,Uttarakhand,Almorah,2007,2.55,1039.22
maize,Uttarakhand,Almorah,2008,2.77,1083.03
maize,Uttarakhand,Almorah,2009,2.43,1065.84
maize,Uttarakhand,Almorah,2010,1.96,1678.57
maize,Uttarakhand,Almorah,2011,1.9,1700.0
maize,Uttarakhand,Almorah,2012,2.46,1504.07
maize,Uttarakhand,Almorah,2013,1.96,1239.8
maize,Uttarakhand,Almorah,2014,2.28,1131.58
maize,Uttarakhand,Almorah,2015,2.15,660.47
maize,Uttarakhand,Almorah,2016,2.32,922.28
maize,Uttarakhand,Almorah,2017,2.16,1307.12
maize,Uttarakhand,Pithorgarh,2000,4.52,1338.5
maize,Uttarakhand,Pithorgarh,2001,5.73,1237.35
maize,Uttarakhand,Pithorgarh,2002,4.07,997.54
maize,Uttarakhand,Pithorgarh,2003,4.47,1201.34
maize,Uttarakhand,Pithorgarh,2004,3.89,1205.66
maize,Uttarakhand,Pithorgarh,2005,4.81,1201.66
maize,Uttarakhand,Pithorgarh,2006,5.58,987.46
maize,Uttarakhand,Pithorgarh,2007,5.92,1027.03
maize,Uttarakhand,Pithorgarh,2008,5.36,1037.31
maize,Uttarakhand,Pithorgarh,2009,4.64,1036.64
maize,Uttarakhand,Pithorgarh,2010,3.64,1115.38
maize,Uttarakhand,Pithorgarh,2011,3.8,1118.42
maize,Uttarakhand,Pithorgarh,2012,4.38,1223.74
maize,Uttarakhand,Pithorgarh,2013,3.2,1865.63
maize,Uttarakhand,Pithorgarh,2014,3.65,1901.37
maize,Uttarakhand,Pithorgarh,2015,4.02,1273.63
maize,Uttarakhand,Pithorgarh,2016,3.15,1308.16
maize,Uttarakhand,Pithorgarh,2017,2.75,1506.9
maize,Uttarakhand,Chamoli,2003,0.58,896.55
maize,Uttarakhand,Chamoli,2006,1.22,844.26
maize,Uttarakhand,Chamoli,2008,1.51,1092.72
maize,Uttarakhand,Chamoli,2009,0.72,1041.67
maize,Uttarakhand,Uttar Kashi,2000,0.63,1285.71
maize,Uttarakhand,Uttar Kashi,2002,0.5,860.0
maize,Uttarakhand,Uttar Kashi,2003,0.66,863.64
maize,Uttarakhand,Uttar Kashi,2007,0.74,1256.76
maize,Uttarakhand,Uttar Kashi,2012,0.59,1033.9
maize,Uttarakhand,Uttar Kashi,2013,1.04,1038.46
maize,Uttarakhand,Tehri Garhwal,2000,1.93,1046.63
maize,Uttarakhand,Tehri Garhwal,2001,1.88,1101.06
maize,Uttarakhand,Tehri Garhwal,2002,1.64,634.15
maize,Uttarakhand,Tehri Garhwal,2003,1.69,633.14
maize,Uttarakhand,Tehri Garhwal,2004,2.06,1048.54
maize,Uttarakhand,Tehri Garhwal,2005,1.9,1047.37
maize,Uttarakhand,Tehri Garhwal,2006,2.32,956.9
maize,Uttarakhand,Tehri Garhwal,2007,2.15,939.53
maize,Uttarakhand,Tehri Garhwal,2008,2.04,1024.51
maize,Uttarakhand,Tehri Garhwal,2009,0.89,2168.54
maize,Uttarakhand,Tehri Garhwal,2010,1.94,1092.78
maize,Uttarakhand,Tehri Garhwal,2011,1.78,1101.12
maize,Uttarakhand,Tehri Garhwal,2012,2.11,1156.4
maize,Uttarakhand,Tehri Garhwal,2013,1.79,1156.42
maize,Uttarakhand,Tehri Garhwal,2014,2.05,2521.95
maize,Uttarakhand,Tehri Garhwal,2015,1.79,1681.56
maize,Uttarakhand,Tehri Garhwal,2016,1.77,1687.96
maize,Uttarakhand,Tehri Garhwal,2017,2.11,2252.97
maize,Uttarakhand,Garhwal,2000,1.92,1156.25
maize,Uttarakhand,Garhwal,2001,2.11,857.82
maize,Uttarakhand,Garhwal,2002,2.41,800.83
maize,Uttarakhand,Garhwal,2003,3.0,800.0
maize,Uttarakhand,Garhwal,2004,2.31,1147.19
maize,Uttarakhand,Garhwal,2005,2.64,1147.73
maize,Uttarakhand,Garhwal,2006,2.06,791.26
maize,Uttarakhand,Garhwal,2007,2.5,852.0
maize,Uttarakhand,Garhwal,2008,1.9,852.63
maize,Uttarakhand,Garhwal,2009,2.38,852.94
maize,Uttarakhand,Garhwal,2010,1.95,876.92
maize,Uttarakhand,Garhwal,2011,2.44,901.64
maize,Uttarakhand,Garhwal,2012,2.12,1023.58
maize,Uttarakhand,Garhwal,2013,2.1,1019.05
maize,Uttarakhand,Garhwal,2014,2.35,1753.19
maize,Uttarakhand,Garhwal,2015,2.32,1801.72
maize,Uttarakhand,Garhwal,2016,2.21,1799.91
maize,Uttarakhand,Garhwal,2017,2.22,2064.84
maize,Uttarakhand,Dehradun,2000,11.6,1657.76
maize,Uttarakhand,Dehradun,2001,11.53,1250.65
maize,Uttarakhand,Dehradun,2002,11.71,1333.05
maize,Uttarakhand,Dehradun,2003,10.68,1233.15
maize,Uttarakhand,Dehradun,2004,11.5,1661.74
maize,Uttarakhand,Dehradun,2005,8.94,1664.43
maize,Uttarakhand,Dehradun,2006,10.17,1655.85
maize,Uttarakhand,Dehradun,2007,10.31,2152.28
maize,Uttarakhand,Dehradun,2008,10.51,1584.21
maize,Uttarakhand,Dehradun,2009,10.49,1590.09
maize,Uttarakhand,Dehradun,2010,9.54,1836.48
maize,Uttarakhand,Dehradun,2011,9.24,1722.94
maize,Uttarakhand,Dehradun,2012,8.81,1490.35
maize,Uttarakhand,Dehradun,2013,8.65,1195.38
maize,Uttarakhand,Dehradun,2014,8.37,2413.38
maize,Uttarakhand,Dehradun,2015,7.17,2171.55
maize,Uttarakhand,Dehradun,2016,7.3,2206.99
maize,Uttarakhand,Dehradun,2017,6.75,2746.74
maize,Himachal Pradesh,Bilashpur,2000,26.57,2220.17
maize,Himachal Pradesh,Bilashpur,2001,26.17,2623.61
maize,Himachal Pradesh,Bilashpur,2002,26.74,1449.89
maize,Himachal Pradesh,Bilashpur,2003,25.19,2104.41
maize,Himachal Pradesh,Bilashpur,2004,25.65,1979.34
maize,Himachal Pradesh,Bilashpur,2005,25.16,1506.36
maize,Himachal Pradesh,Bilashpur,2006,27.28,2087.24
maize,Himachal Pradesh,Bilashpur,2007,30.99,2288.48
maize,Himachal Pradesh,Bilashpur,2008,26.32,1933.13
maize,Himachal Pradesh,Bilashpur,2009,25.33,1981.44
maize,Himachal Pradesh,Bilashpur,2010,24.58,2675.75
maize,Himachal Pradesh,Bilashpur,2011,24.46,2576.04
maize,Himachal Pradesh,Bilashpur,2012,24.09,2377.75
maize,Himachal Pradesh,Bilashpur,2013,25.51,2203.84
maize,Himachal Pradesh,Bilashpur,2014,25.24,1889.07
maize,Himachal Pradesh,Bilashpur,2015,24.51,2736.43
maize,Himachal Pradesh,Bilashpur,2016,23.09,1981.64
maize,Himachal Pradesh,Bilashpur,2017,24.51,2818.19
maize,Himachal Pradesh,Chamba,2000,24.58,2510.98
maize,Himachal Pradesh,Chamba,2001,27.88,2953.73
maize,Himachal Pradesh,Chamba,2002,28.67,1962.68
maize,Himachal Pradesh,Chamba,2003,28.4,3040.85
maize,Himachal Pradesh,Chamba,2004,28.04,2587.73
maize,Himachal Pradesh,Chamba,2005,28.26,1227.88
maize,Himachal Pradesh,Chamba,2006,29.23,2557.99
maize,Himachal Pradesh,Chamba,2007,28.42,1748.42
maize,Himachal Pradesh,Chamba,2008,28.39,2606.2
maize,Himachal Pradesh,Chamba,2009,27.64,2671.85
maize,Himachal Pradesh,Chamba,2010,26.83,3606.78
maize,Himachal Pradesh,Chamba,2011,26.7,3472.66
maize,Himachal Pradesh,Chamba,2012,26.29,3205.78
maize,Himachal Pradesh,Chamba,2013,27.84,2970.91
maize,Himachal Pradesh,Chamba,2014,27.55,2546.64
maize,Himachal Pradesh,Chamba,2015,26.75,3689.35
maize,Himachal Pradesh,Chamba,2016,25.2,2671.57
maize,Himachal Pradesh,Chamba,2017,26.75,3693.05
maize,Himachal Pradesh,Kangra,2000,116.85,1897.56
maize,Himachal Pradesh,Kangra,2001,118.29,2052.58
maize,Himachal Pradesh,Kangra,2002,117.99,1334.6
maize,Himachal Pradesh,Kangra,2003,120.41,1896.02
maize,Himachal Pradesh,Kangra,2004,120.47,1821.78
maize,Himachal Pradesh,Kangra,2005,120.37,1511.67
maize,Himachal Pradesh,Kangra,2006,119.98,1863.89
maize,Himachal Pradesh,Kangra,2007,121.13,2030.3
maize,Himachal Pradesh,Kangra,2008,121.33,1911.23
maize,Himachal Pradesh,Kangra,2009,119.62,1828.46
maize,Himachal Pradesh,Kangra,2010,116.1,2468.39
maize,Himachal Pradesh,Kangra,2011,125.52,2187.54
maize,Himachal Pradesh,Kangra,2012,113.75,2194.2
maize,Himachal Pradesh,Kangra,2013,120.45,2033.71
maize,Himachal Pradesh,Kangra,2014,119.2,1743.12
maize,Himachal Pradesh,Kangra,2015,115.75,2524.92
maize,Himachal Pradesh,Kangra,2016,109.06,1828.45
maize,Himachal Pradesh,Kangra,2017,115.75,2529.11
maize,Himachal Pradesh,Kullu,2000,16.67,3191.96
maize,Himachal Pradesh,Kullu,2001,16.74,3246.12
maize,Himachal Pradesh,Kullu,2002,16.86,964.41
maize,Himachal Pradesh,Kullu,2003,17.41,2837.45
maize,Himachal Pradesh,Kullu,2004,16.52,2380.15
maize,Himachal Pradesh,Kullu,2005,16.37,2624.31
maize,Himachal Pradesh,Kullu,2006,16.35,2940.06
maize,Himachal Pradesh,Kullu,2007,16.36,3042.18
maize,Himachal Pradesh,Kullu,2008,16.68,2696.04
maize,Himachal Pradesh,Kullu,2009,15.57,2841.36
maize,Himachal Pradesh,Kullu,2010,15.11,3836.53
maize,Himachal Pradesh,Kullu,2011,15.03,3695.28
maize,Himachal Pradesh,Kullu,2012,14.8,3410.81
maize,Himachal Pradesh,Kullu,2013,15.6,3173.72
maize,Himachal Pradesh,Kullu,2014,15.51,2709.86
maize,Himachal Pradesh,Kullu,2015,15.06,3925.63
maize,Himachal Pradesh,Kullu,2016,14.19,2842.09
maize,Himachal Pradesh,Kullu,2017,15.06,3925.04
maize,Himachal Pradesh,Solan,2000,24.42,2031.94
maize,Himachal Pradesh,Solan,2001,24.41,2356.41
maize,Himachal Pradesh,Solan,2002,23.78,1624.47
maize,Himachal Pradesh,Solan,2003,22.5,2071.11
maize,Himachal Pradesh,Solan,2004,22.85,1763.24
maize,Himachal Pradesh,Solan,2005,21.78,1671.26
maize,Himachal Pradesh,Solan,2006,22.36,2166.37
maize,Himachal Pradesh,Solan,2007,22.62,2363.84
maize,Himachal Pradesh,Solan,2008,22.73,2409.15
maize,Himachal Pradesh,Solan,2009,21.63,2535.37
maize,Himachal Pradesh,Solan,2010,20.99,887.57
maize,Himachal Pradesh,Solan,2011,20.89,760.65
maize,Himachal Pradesh,Solan,2012,20.57,3042.29
maize,Himachal Pradesh,Solan,2013,21.7,2840.55
maize,Himachal Pradesh,Solan,2014,21.55,2417.17
maize,Himachal Pradesh,Solan,2015,20.93,3500.72
maize,Himachal Pradesh,Solan,2016,19.72,2535.34
maize,Himachal Pradesh,Solan,2017,20.93,3501.31
maize,Himachal Pradesh,Mandi,2000,48.49,2786.55
maize,Himachal Pradesh,Mandi,2001,48.76,3109.93
maize,Himachal Pradesh,Mandi,2002,48.68,2077.86
maize,Himachal Pradesh,Mandi,2003,46.67,3332.33
maize,Himachal Pradesh,Mandi,2004,46.52,2819.86
maize,Himachal Pradesh,Mandi,2005,47.1,2435.03
maize,Himachal Pradesh,Mandi,2006,47.98,3023.97
maize,Himachal Pradesh,Mandi,2007,45.61,2760.58
maize,Himachal Pradesh,Mandi,2008,48.35,2772.49
maize,Himachal Pradesh,Mandi,2009,48.15,259.61
maize,Himachal Pradesh,Mandi,2010,46.73,350.52
maize,Himachal Pradesh,Mandi,2011,46.49,337.49
maize,Himachal Pradesh,Mandi,2012,45.79,311.42
maize,Himachal Pradesh,Mandi,2013,48.42,289.14
maize,Himachal Pradesh,Mandi,2014,47.98,247.39
maize,Himachal Pradesh,Mandi,2015,46.59,358.45
maize,Himachal Pradesh,Mandi,2016,43.9,259.58
maize,Himachal Pradesh,Mandi,2017,46.59,358.49
maize,Himachal Pradesh,Shimla,2000,16.02,2043.7
maize,Himachal Pradesh,Shimla,2001,15.22,2655.06
maize,Himachal Pradesh,Shimla,2002,13.64,1502.93
maize,Himachal Pradesh,Shimla,2003,14.84,2919.14
maize,Himachal Pradesh,Shimla,2004,13.9,2417.99
maize,Himachal Pradesh,Shimla,2005,13.06,2482.39
maize,Himachal Pradesh,Shimla,2006,12.93,1856.92
maize,Himachal Pradesh,Shimla,2007,12.63,1828.98
maize,Himachal Pradesh,Shimla,2008,11.47,2163.91
maize,Himachal Pradesh,Shimla,2009,10.54,2267.55
maize,Himachal Pradesh,Shimla,2010,10.23,3060.61
maize,Himachal Pradesh,Shimla,2011,10.18,2946.95
maize,Himachal Pradesh,Shimla,2012,10.02,2721.56
maize,Himachal Pradesh,Shimla,2013,10.61,2534.4
maize,Himachal Pradesh,Shimla,2014,10.5,2161.9
maize,Himachal Pradesh,Shimla,2015,10.2,3130.39
maize,Himachal Pradesh,Shimla,2016,9.61,2267.83
maize,Himachal Pradesh,Shimla,2017,10.2,3131.62
maize,Himachal Pradesh,Sirmaur,2000,24.03,2894.3
maize,Himachal Pradesh,Sirmaur,2001,23.4,2965.38
maize,Himachal Pradesh,Sirmaur,2002,23.06,2327.41
maize,Himachal Pradesh,Sirmaur,2003,22.65,2908.17
maize,Himachal Pradesh,Sirmaur,2004,23.61,2049.98
maize,Himachal Pradesh,Sirmaur,2005,22.86,2680.66
maize,Himachal Pradesh,Sirmaur,2006,22.59,3259.85
maize,Himachal Pradesh,Sirmaur,2007,22.14,2854.56
maize,Himachal Pradesh,Sirmaur,2008,22.19,2734.57
maize,Himachal Pradesh,Sirmaur,2009,21.51,2393.31
maize,Himachal Pradesh,Sirmaur,2010,20.88,3230.84
maize,Himachal Pradesh,Sirmaur,2011,20.77,3111.7
maize,Himachal Pradesh,Sirmaur,2012,20.46,2871.46
maize,Himachal Pradesh,Sirmaur,2013,21.62,2672.06
maize,Himachal Pradesh,Sirmaur,2014,21.44,2281.25
maize,Himachal Pradesh,Sirmaur,2015,20.82,3304.03
maize,Himachal Pradesh,Sirmaur,2016,17.61,2664.87
maize,Himachal Pradesh,Sirmaur,2017,20.82,3304.86
maize,Orissa,Balasore,2000,0.59,1220.34
maize,Orissa,Balasore,2001,0.62,806.45
maize,Orissa,Balasore,2002,0.53,943.4
maize,Orissa,Balasore,2003,0.54,1000.0
maize,Orissa,Balasore,2008,0.53,1245.28
maize,Orissa,Balasore,2009,0.54,1296.3
maize,Orissa,Balasore,2010,1.16,1362.07
maize,Orissa,Balasore,2011,1.46,2171.23
maize,Orissa,Balasore,2012,0.57,2122.81
maize,Orissa,Balasore,2013,0.57,2210.53
maize,Orissa,Balasore,2014,0.56,2196.43
maize,Orissa,Balasore,2016,0.55,2236.36
maize,Orissa,Bolangir,2000,3.58,997.21
maize,Orissa,Bolangir,2001,3.64,755.49
maize,Orissa,Bolangir,2002,3.49,908.31
maize,Orissa,Bolangir,2003,3.56,941.01
maize,Orissa,Bolangir,2004,3.53,1014.16
maize,Orissa,Bolangir,2005,3.4,1217.65
maize,Orissa,Bolangir,2006,3.4,1241.18
maize,Orissa,Bolangir,2007,3.77,1275.86
maize,Orissa,Bolangir,2008,4.08,1276.96
maize,Orissa,Bolangir,2009,4.16,1300.48
maize,Orissa,Bolangir,2010,6.38,2070.53
maize,Orissa,Bolangir,2011,7.19,2112.66
maize,Orissa,Bolangir,2012,7.12,2188.2
maize,Orissa,Bolangir,2013,8.03,2399.75
maize,Orissa,Bolangir,2014,6.03,2436.15
maize,Orissa,Bolangir,2015,5.59,2484.79
maize,Orissa,Bolangir,2016,7.0,2680.0
maize,Orissa,Bolangir,2017,7.46,2859.25
maize,Orissa,Cuttack,2000,4.62,826.84
maize,Orissa,Cuttack,2001,3.73,938.34
maize,Orissa,Cuttack,2002,3.6,927.78
maize,Orissa,Cuttack,2003,4.13,956.42
maize,Orissa,Cuttack,2004,4.75,894.74
maize,Orissa,Cuttack,2005,5.19,949.9
maize,Orissa,Cuttack,2006,4.83,954.45
maize,Orissa,Cuttack,2007,5.56,949.64
maize,Orissa,Cuttack,2008,5.77,1336.22
maize,Orissa,Cuttack,2009,5.38,1204.46
maize,Orissa,Cuttack,2010,5.44,1226.1
maize,Orissa,Cuttack,2011,5.21,1714.01
maize,Orissa,Cuttack,2012,5.8,1872.41
maize,Orissa,Cuttack,2013,5.1,2117.65
maize,Orissa,Cuttack,2014,4.17,2040.77
maize,Orissa,Cuttack,2015,2.92,2147.26
maize,Orissa,Cuttack,2016,3.39,2330.38
maize,Orissa,Cuttack,2017,3.44,2412.79
maize,Orissa,Dhenkanal,2000,6.53,448.7
maize,Orissa,Dhenkanal,2001,6.78,592.92
maize,Orissa,Dhenkanal,2002,6.47,709.43
maize,Orissa,Dhenkanal,2003,7.17,662.48
maize,Orissa,Dhenkanal,2004,7.06,600.57
maize,Orissa,Dhenkanal,2005,7.05,855.32
maize,Orissa,Dhenkanal,2006,7.25,893.79
maize,Orissa,Dhenkanal,2007,7.02,1005.7
maize,Orissa,Dhenkanal,2008,6.99,1008.58
maize,Orissa,Dhenkanal,2009,6.94,1164.27
maize,Orissa,Dhenkanal,2010,7.2,2398.61
maize,Orissa,Dhenkanal,2011,7.53,1463.48
maize,Orissa,Dhenkanal,2012,7.61,1542.71
maize,Orissa,Dhenkanal,2013,8.48,1875.0
maize,Orissa,Dhenkanal,2014,8.21,1876.98
maize,Orissa,Dhenkanal,2015,9.62,1891.89
maize,Orissa,Dhenkanal,2016,8.94,2244.97
maize,Orissa,Dhenkanal,2017,8.22,2456.2
maize,Orissa,Ganjam,2000,14.38,1123.09
maize,Orissa,Ganjam,2001,15.07,1178.5
maize,Orissa,Ganjam,2002,14.81,1332.88
maize,Orissa,Ganjam,2003,14.67,1192.23
maize,Orissa,Ganjam,2004,14.64,1357.92
maize,Orissa,Ganjam,2005,16.86,1340.45
maize,Orissa,Ganjam,2006,17.82,1363.64
maize,Orissa,Ganjam,2007,17.79,1392.92
maize,Orissa,Ganjam,2008,18.57,1449.11
maize,Orissa,Ganjam,2009,18.51,1407.35
maize,Orissa,Ganjam,2010,20.95,1557.04
maize,Orissa,Ganjam,2011,22.47,1921.67
maize,Orissa,Ganjam,2012,23.82,1992.02
maize,Orissa,Ganjam,2013,25.26,2389.55
maize,Orissa,Ganjam,2014,25.86,2389.4
maize,Orissa,Ganjam,2015,23.0,2405.22
maize,Orissa,Ganjam,2016,28.77,2938.83
maize,Orissa,Ganjam,2017,30.91,2915.24
maize,Orissa,Kalahandi,2000,8.19,1207.57
maize,Orissa,Kalahandi,2001,7.97,1173.15
maize,Orissa,Kalahandi,2002,5.27,1576.85
maize,Orissa,Kalahandi,2003,6.72,1208.33
maize,Orissa,Kalahandi,2004,6.45,1161.24
maize,Orissa,Kalahandi,2005,7.18,1185.24
maize,Orissa,Kalahandi,2006,14.59,1228.24
maize,Orissa,Kalahandi,2007,20.39,1531.14
maize,Orissa,Kalahandi,2008,21.85,1538.22
maize,Orissa,Kalahandi,2009,22.62,2230.33
maize,Orissa,Kalahandi,2010,24.3,2535.8
maize,Orissa,Kalahandi,2011,22.76,3396.75
maize,Orissa,Kalahandi,2012,25.73,3382.04
maize,Orissa,Kalahandi,2013,29.1,3371.13
maize,Orissa,Kalahandi,2014,28.9,3372.66
maize,Orissa,Kalahandi,2015,24.86,3542.24
maize,Orissa,Kalahandi,2016,19.58,3221.65
maize,Orissa,Kalahandi,2017,15.9,2935.85
maize,Orissa,Keonjhar,2000,24.12,787.73
maize,Orissa,Keonjhar,2001,23.68,654.56
maize,Orissa,Keonjhar,2002,20.68,830.27
maize,Orissa,Keonjhar,2003,24.06,869.49
maize,Orissa,Keonjhar,2004,24.34,1053.82
maize,Orissa,Keonjhar,2005,24.34,667.63
maize,Orissa,Keonjhar,2006,25.75,830.29
maize,Orissa,Keonjhar,2007,26.95,1034.51
maize,Orissa,Keonjhar,2008,27.43,1035.73
maize,Orissa,Keonjhar,2009,27.25,1446.61
maize,Orissa,Keonjhar,2010,27.8,1719.06
maize,Orissa,Keonjhar,2011,24.57,1431.83
maize,Orissa,Keonjhar,2012,26.65,1759.1
maize,Orissa,Keonjhar,2013,24.77,2418.65
maize,Orissa,Keonjhar,2014,21.3,2417.84
maize,Orissa,Keonjhar,2015,28.06,2463.29
maize,Orissa,Keonjhar,2016,22.46,2953.7
maize,Orissa,Keonjhar,2017,24.42,2841.93
maize,Orissa,Koraput,2000,70.49,1507.16
maize,Orissa,Koraput,2001,64.11,1312.9
maize,Orissa,Koraput,2002,62.26,1172.18
maize,Orissa,Koraput,2003,69.54,1264.45
maize,Orissa,Koraput,2004,76.1,1645.73
maize,Orissa,Koraput,2005,74.91,2124.95
maize,Orissa,Koraput,2006,76.98,2338.27
maize,Orissa,Koraput,2007,84.44,3732.0
maize,Orissa,Koraput,2008,88.9,3782.56
maize,Orissa,Koraput,2009,93.19,3150.98
maize,Orissa,Koraput,2010,108.72,3594.65
maize,Orissa,Koraput,2011,113.28,2823.8
maize,Orissa,Koraput,2012,124.93,2818.3
maize,Orissa,Koraput,2013,124.75,3189.9
maize,Orissa,Koraput,2014,123.29,3167.41
maize,Orissa,Koraput,2015,97.43,3184.65
maize,Orissa,Koraput,2016,113.62,3231.03
maize,Orissa,Koraput,2017,112.69,3203.12
maize,Orissa,Mayurbhanja,2000,10.62,862.52
maize,Orissa,Mayurbhanja,2001,10.33,1170.38
maize,Orissa,Mayurbhanja,2002,10.34,994.2
maize,Orissa,Mayurbhanja,2003,10.27,1008.76
maize,Orissa,Mayurbhanja,2004,14.22,1019.69
maize,Orissa,Mayurbhanja,2005,13.43,1083.4
maize,Orissa,Mayurbhanja,2006,13.64,1078.45
maize,Orissa,Mayurbhanja,2007,12.94,1179.29
maize,Orissa,Mayurbhanja,2008,13.74,1184.13
maize,Orissa,Mayurbhanja,2009,12.97,1324.6
maize,Orissa,Mayurbhanja,2010,13.4,1281.34
maize,Orissa,Mayurbhanja,2011,15.3,1392.16
maize,Orissa,Mayurbhanja,2012,14.83,1592.72
maize,Orissa,Mayurbhanja,2013,10.77,2062.21
maize,Orissa,Mayurbhanja,2014,7.42,2028.3
maize,Orissa,Mayurbhanja,2015,4.55,2092.31
maize,Orissa,Mayurbhanja,2016,7.44,2385.75
maize,Orissa,Mayurbhanja,2017,3.84,2322.92
maize,Orissa,Phulbani ( Kandhamal ),2000,16.12,1488.83
maize,Orissa,Phulbani ( Kandhamal ),2001,15.15,1378.22
maize,Orissa,Phulbani ( Kandhamal ),2002,13.71,1320.2
maize,Orissa,Phulbani ( Kandhamal ),2003,14.71,1335.15
maize,Orissa,Phulbani ( Kandhamal ),2004,15.76,1408.63
maize,Orissa,Phulbani ( Kandhamal ),2005,16.7,1398.8
maize,Orissa,Phulbani ( Kandhamal ),2006,17.43,1408.49
maize,Orissa,Phulbani ( Kandhamal ),2007,17.25,1609.86
maize,Orissa,Phulbani ( Kandhamal ),2008,17.17,1610.37
maize,Orissa,Phulbani ( Kandhamal ),2009,17.72,1603.84
maize,Orissa,Phulbani ( Kandhamal ),2010,18.21,1661.18
maize,Orissa,Phulbani ( Kandhamal ),2011,18.53,1588.77
maize,Orissa,Phulbani ( Kandhamal ),2012,18.16,1692.73
maize,Orissa,Phulbani ( Kandhamal ),2013,17.68,2113.12
maize,Orissa,Phulbani ( Kandhamal ),2014,17.67,2113.19
maize,Orissa,Phulbani ( Kandhamal ),2015,16.85,2172.11
maize,Orissa,Phulbani ( Kandhamal ),2016,18.78,2413.74
maize,Orissa,Phulbani ( Kandhamal ),2017,16.74,2708.48
maize,Orissa,Puri,2000,6.19,959.61
maize,Orissa,Puri,2001,2.7,1011.11
maize,Orissa,Puri,2002,4.96,1024.19
maize,Orissa,Puri,2003,6.61,966.72
maize,Orissa,Puri,2004,5.89,1050.93
maize,Orissa,Puri,2005,5.79,1072.54
maize,Orissa,Puri,2006,5.47,1120.66
maize,Orissa,Puri,2007,5.79,1129.53
maize,Orissa,Puri,2008,6.44,1225.16
maize,Orissa,Puri,2009,6.34,1170.35
maize,Orissa,Puri,2010,6.32,1463.61
maize,Orissa,Puri,2011,6.59,1851.29
maize,Orissa,Puri,2012,6.4,1864.06
maize,Orissa,Puri,2013,6.54,2058.1
maize,Orissa,Puri,2014,6.74,2083.09
maize,Orissa,Puri,2015,6.37,2125.59
maize,Orissa,Puri,2016,3.39,2321.53
maize,Orissa,Puri,2017,6.18,2328.48
maize,Orissa,Sambalpur,2000,3.77,1628.65
maize,Orissa,Sambalpur,2001,3.77,1620.69
maize,Orissa,Sambalpur,2002,3.61,1130.19
maize,Orissa,Sambalpur,2003,3.86,904.15
maize,Orissa,Sambalpur,2004,3.73,1069.71
maize,Orissa,Sambalpur,2005,4.58,1192.14
maize,Orissa,Sambalpur,2006,4.82,1309.13
maize,Orissa,Sambalpur,2007,5.17,1272.73
maize,Orissa,Sambalpur,2008,5.35,1289.72
maize,Orissa,Sambalpur,2009,4.59,1331.15
maize,Orissa,Sambalpur,2010,5.02,2163.35
maize,Orissa,Sambalpur,2011,9.7,1938.14
maize,Orissa,Sambalpur,2012,11.42,1967.6
maize,Orissa,Sambalpur,2013,10.75,2212.09
maize,Orissa,Sambalpur,2014,11.19,2218.95
maize,Orissa,Sambalpur,2015,11.13,2244.38
maize,Orissa,Sambalpur,2016,9.98,2425.85
maize,Orissa,Sambalpur,2017,8.99,2412.68
maize,Orissa,Sundargarh,2000,6.85,1443.8
maize,Orissa,Sundargarh,2001,6.88,880.81
maize,Orissa,Sundargarh,2002,8.3,1218.07
maize,Orissa,Sundargarh,2003,9.43,918.35
maize,Orissa,Sundargarh,2004,7.82,831.2
maize,Orissa,Sundargarh,2005,7.5,1138.67
maize,Orissa,Sundargarh,2006,6.98,1189.11
maize,Orissa,Sundargarh,2007,7.01,1238.23
maize,Orissa,Sundargarh,2008,7.41,1245.61
maize,Orissa,Sundargarh,2009,7.68,1300.78
maize,Orissa,Sundargarh,2010,7.75,1303.23
maize,Orissa,Sundargarh,2011,7.46,1675.6
maize,Orissa,Sundargarh,2012,7.63,1844.04
maize,Orissa,Sundargarh,2013,7.81,2344.43
maize,Orissa,Sundargarh,2014,8.06,2333.75
maize,Orissa,Sundargarh,2015,8.33,2352.94
maize,Orissa,Sundargarh,2016,8.34,2556.35
maize,Orissa,Sundargarh,2017,8.5,2578.82
maize,West Bengal,24 Parganas,2009,0.54,2314.81
maize,West Bengal,24 Parganas,2010,0.53,2301.89
maize,West Bengal,24 Parganas,2016,0.7,2802.86
maize,West Bengal,Nadia,2001,0.68,2338.24
maize,West Bengal,Nadia,2003,2.67,2486.89
maize,West Bengal,Nadia,2004,1.74,2775.86
maize,West Bengal,Nadia,2005,1.83,2366.12
maize,West Bengal,Nadia,2006,4.47,2324.38
maize,West Bengal,Nadia,2007,2.9,2482.76
maize,West Bengal,Nadia,2008,2.55,2568.63
maize,West Bengal,Nadia,2009,3.59,2362.12
maize,West Bengal,Nadia,2010,2.59,2621.62
maize,West Bengal,Nadia,2011,2.58,2608.53
maize,West Bengal,Nadia,2012,2.91,2536.08
maize,West Bengal,Nadia,2013,3.15,2612.7
maize,West Bengal,Nadia,2014,5.1,2986.27
maize,West Bengal,Nadia,2015,4.0,2592.5
maize,West Bengal,Nadia,2016,4.66,2595.02
maize,West Bengal,Nadia,2017,6.0,3841.75
maize,West Bengal,Murshidabad,2003,1.97,3187.82
maize,West Bengal,Murshidabad,2004,2.71,3250.92
maize,West Bengal,Murshidabad,2005,5.35,4461.68
maize,West Bengal,Murshidabad,2006,7.46,4617.96
maize,West Bengal,Murshidabad,2007,4.2,4642.86
maize,West Bengal,Murshidabad,2008,3.98,4487.44
maize,West Bengal,Murshidabad,2009,3.78,4780.42
maize,West Bengal,Murshidabad,2010,3.63,4680.44
maize,West Bengal,Murshidabad,2011,3.73,4675.6
maize,West Bengal,Murshidabad,2012,4.94,3884.62
maize,West Bengal,Murshidabad,2013,6.08,4447.37
maize,West Bengal,Murshidabad,2014,7.45,5010.74
maize,West Bengal,Murshidabad,2015,7.03,4704.12
maize,West Bengal,Murshidabad,2016,12.46,4882.35
maize,West Bengal,Murshidabad,2017,13.78,4088.53
maize,West Bengal,Burdwan,2011,0.5,2100.0
maize,West Bengal,Burdwan,2012,0.56,2089.29
maize,West Bengal,Burdwan,2013,0.56,2107.14
maize,West Bengal,Burdwan,2014,0.56,2142.86
maize,West Bengal,Burdwan,2015,0.57,2157.89
maize,West Bengal,Burdwan,2016,0.68,2149.12
maize,West Bengal,Birbhum,2000,0.5,1840.0
maize,West Bengal,Birbhum,2007,0.5,1200.0
maize,West Bengal,Birbhum,2009,0.61,1360.66
maize,West Bengal,Birbhum,2016,0.52,2469.11
maize,West Bengal,Birbhum,2017,1.18,2221.0
maize,West Bengal,Bankura,2001,0.55,1763.64
maize,West Bengal,Bankura,2003,0.51,1294.12
maize,West Bengal,Bankura,2004,0.61,1786.89
maize,West Bengal,Bankura,2005,0.78,1935.9
maize,West Bengal,Bankura,2006,0.78,2692.31
maize,West Bengal,Bankura,2017,0.73,2513.07
maize,West Bengal,Hooghly,2017,0.53,2517.05
maize,West Bengal,Jalpaiguri,2000,1.62,3098.77
maize,West Bengal,Jalpaiguri,2001,1.61,1366.46
maize,West Bengal,Jalpaiguri,2002,1.93,1611.4
maize,West Bengal,Jalpaiguri,2003,10.01,1815.18
maize,West Bengal,Jalpaiguri,2004,10.93,1885.64
maize,West Bengal,Jalpaiguri,2005,12.08,1861.75
maize,West Bengal,Jalpaiguri,2006,11.68,1982.02
maize,West Bengal,Jalpaiguri,2007,11.7,2170.94
maize,West Bengal,Jalpaiguri,2008,11.8,2464.41
maize,West Bengal,Jalpaiguri,2009,11.8,2008.47
maize,West Bengal,Jalpaiguri,2010,12.85,3202.33
maize,West Bengal,Jalpaiguri,2011,13.5,2551.85
maize,West Bengal,Jalpaiguri,2012,12.69,2621.75
maize,West Bengal,Jalpaiguri,2013,12.75,3385.88
maize,West Bengal,Jalpaiguri,2014,14.23,2670.41
maize,West Bengal,Jalpaiguri,2015,15.56,3094.47
maize,West Bengal,Jalpaiguri,2016,14.96,3379.24
maize,West Bengal,Jalpaiguri,2017,30.97,5179.94
maize,West Bengal,Darjeeling,2000,12.88,3095.5
maize,West Bengal,Darjeeling,2001,12.93,3470.22
maize,West Bengal,Darjeeling,2002,12.95,2254.05
maize,West Bengal,Darjeeling,2003,14.16,1973.87
maize,West Bengal,Darjeeling,2004,14.52,2889.12
maize,West Bengal,Darjeeling,2005,14.38,2045.2
maize,West Bengal,Darjeeling,2006,14.56,2116.07
maize,West Bengal,Darjeeling,2007,15.3,2496.73
maize,West Bengal,Darjeeling,2008,15.76,2721.45
maize,West Bengal,Darjeeling,2009,15.84,2500.63
maize,West Bengal,Darjeeling,2010,16.06,2539.85
maize,West Bengal,Darjeeling,2011,16.2,2331.48
maize,West Bengal,Darjeeling,2012,16.19,2331.69
maize,West Bengal,Darjeeling,2013,17.48,2386.16
maize,West Bengal,Darjeeling,2014,16.97,2421.92
maize,West Bengal,Darjeeling,2015,17.29,2562.17
maize,West Bengal,Darjeeling,2016,6.7,2279.7
maize,West Bengal,Darjeeling,2017,12.65,2377.49
maize,West Bengal,Malda,2000,3.37,3097.92
maize,West Bengal,Malda,2001,3.48,3227.01
maize,West Bengal,Malda,2002,3.57,2350.14
maize,West Bengal,Malda,2003,7.72,2639.9
maize,West Bengal,Malda,2004,10.9,2930.28
maize,West Bengal,Malda,2005,11.17,2658.01
maize,West Bengal,Malda,2006,13.69,2156.32
maize,West Bengal,Malda,2007,11.1,2054.05
maize,West Bengal,Malda,2008,9.47,2592.4
maize,West Bengal,Malda,2009,8.62,2314.39
maize,West Bengal,Malda,2010,8.81,2298.52
maize,West Bengal,Malda,2011,13.6,2163.24
maize,West Bengal,Malda,2012,20.37,1978.4
maize,West Bengal,Malda,2013,16.24,2629.93
maize,West Bengal,Malda,2014,16.21,2289.33
maize,West Bengal,Malda,2015,17.14,2320.89
maize,West Bengal,Malda,2016,19.92,4893.17
maize,West Bengal,Malda,2017,36.68,7757.91
maize,West Bengal,Cooch Behar,2004,2.22,5022.52
maize,West Bengal,Cooch Behar,2005,3.05,7416.39
maize,West Bengal,Cooch Behar,2006,5.9,5966.1
maize,West Bengal,Cooch Behar,2007,9.7,5948.45
maize,West Bengal,Cooch Behar,2008,8.47,5766.23
maize,West Bengal,Cooch Behar,2009,10.79,5798.89
maize,West Bengal,Cooch Behar,2010,8.95,5764.25
maize,West Bengal,Cooch Behar,2011,9.35,5772.19
maize,West Bengal,Cooch Behar,2012,13.29,5817.16
maize,West Bengal,Cooch Behar,2013,19.82,5910.7
maize,West Bengal,Cooch Behar,2014,19.89,5867.27
maize,West Bengal,Cooch Behar,2015,20.1,5885.07
maize,West Bengal,Cooch Behar,2016,20.84,5743.07
maize,West Bengal,Cooch Behar,2017,24.38,6135.95
maize,West Bengal,Purulia,2000,14.05,1873.31
maize,West Bengal,Purulia,2001,12.14,1752.06
maize,West Bengal,Purulia,2002,8.04,1529.85
maize,West Bengal,Purulia,2003,11.55,1791.34
maize,West Bengal,Purulia,2004,11.1,1849.55
maize,West Bengal,Purulia,2005,11.2,1598.21
maize,West Bengal,Purulia,2006,11.41,1687.12
maize,West Bengal,Purulia,2007,7.2,972.22
maize,West Bengal,Purulia,2008,8.04,1567.16
maize,West Bengal,Purulia,2009,7.42,1323.45
maize,West Bengal,Purulia,2010,5.42,1761.99
maize,West Bengal,Purulia,2011,5.84,1671.23
maize,West Bengal,Purulia,2012,5.97,2021.78
maize,West Bengal,Purulia,2013,6.51,1718.89
maize,West Bengal,Purulia,2014,6.64,2316.27
maize,West Bengal,Purulia,2015,6.36,2067.61
maize,West Bengal,Purulia,2016,8.45,2593.28
maize,West Bengal,Purulia,2017,10.46,1652.68
maize,West Bengal,Midnapur,2000,1.65,1836.36
maize,West Bengal,Midnapur,2001,0.88,1772.73
maize,West Bengal,Midnapur,2003,0.8,2050.0
maize,West Bengal,Midnapur,2004,0.87,1770.11
maize,West Bengal,Midnapur,2005,1.13,1796.46
maize,West Bengal,Midnapur,2006,0.8,2287.5
maize,West Bengal,Midnapur,2007,0.5,2000.0
maize,West Bengal,Midnapur,2008,0.99,2202.02
maize,West Bengal,Midnapur,2009,1.17,2504.27
maize,West Bengal,Midnapur,2010,0.97,2484.54
maize,West Bengal,Midnapur,2011,1.12,2500.0
maize,West Bengal,Midnapur,2012,1.22,2565.57
maize,West Bengal,Midnapur,2013,1.97,3370.56
maize,West Bengal,Midnapur,2014,1.63,2251.53
maize,West Bengal,Midnapur,2015,1.92,2770.83
maize,West Bengal,Midnapur,2016,1.7,2523.5
maize,West Bengal,Midnapur,2017,1.11,2940.33
maize,West Bengal,West Dinajpur,2001,0.56,3232.14
maize,West Bengal,West Dinajpur,2003,4.94,4305.67
maize,West Bengal,West Dinajpur,2004,8.43,5559.91
maize,West Bengal,West Dinajpur,2005,10.0,5198.0
maize,West Bengal,West Dinajpur,2006,13.53,4752.4
maize,West Bengal,West Dinajpur,2007,12.7,4874.02
maize,West Bengal,West Dinajpur,2008,27.68,5598.99
maize,West Bengal,West Dinajpur,2009,32.63,6008.89
maize,West Bengal,West Dinajpur,2010,27.6,5765.58
maize,West Bengal,West Dinajpur,2011,30.27,5567.56
maize,West Bengal,West Dinajpur,2012,43.7,5193.59
maize,West Bengal,West Dinajpur,2013,58.29,5477.1
maize,West Bengal,West Dinajpur,2014,61.62,5526.45
maize,West Bengal,West Dinajpur,2015,61.49,5605.3
maize,West Bengal,West Dinajpur,2016,58.95,5757.67
maize,West Bengal,West Dinajpur,2017,82.96,7818.75
maize,Bihar,Champaran,2000,74.0,3148.65
maize,Bihar,Champaran,2001,71.0,3366.2
maize,Bihar,Champaran,2002,69.0,3623.19
maize,Bihar,Champaran,2003,72.0,3486.11
maize,Bihar,Champaran,2004,69.24,3426.92
maize,Bihar,Champaran,2005,43.69,2707.48
maize,Bihar,Champaran,2006,62.61,2382.53
maize,Bihar,Champaran,2007,61.25,3699.1
maize,Bihar,Champaran,2008,26.7,2493.63
maize,Bihar,Champaran,2009,79.87,2367.22
maize,Bihar,Champaran,2010,69.22,2798.18
maize,Bihar,Champaran,2011,104.81,4697.07
maize,Bihar,Champaran,2012,101.64,4577.33
maize,Bihar,Champaran,2013,107.89,3529.89
maize,Bihar,Champaran,2014,105.48,3416.48
maize,Bihar,Champaran,2015,97.43,2405.32
maize,Bihar,Champaran,2016,92.94,3821.09
maize,Bihar,Champaran,2017,88.6,3318.58
maize,Bihar,Muzaffarpur,2000,72.0,2236.11
maize,Bihar,Muzaffarpur,2001,73.0,2726.03
maize,Bihar,Muzaffarpur,2002,72.0,2430.56
maize,Bihar,Muzaffarpur,2003,66.0,2000.0
maize,Bihar,Muzaffarpur,2004,70.59,2734.38
maize,Bihar,Muzaffarpur,2005,67.09,2428.98
maize,Bihar,Muzaffarpur,2006,63.82,2111.56
maize,Bihar,Muzaffarpur,2007,50.13,2174.95
maize,Bihar,Muzaffarpur,2008,37.14,2533.39
maize,Bihar,Muzaffarpur,2009,63.22,2305.28
maize,Bihar,Muzaffarpur,2010,67.73,2514.84
maize,Bihar,Muzaffarpur,2011,65.01,3375.33
maize,Bihar,Muzaffarpur,2012,66.87,3506.95
maize,Bihar,Muzaffarpur,2013,66.04,4035.13
maize,Bihar,Muzaffarpur,2014,88.41,3940.62
maize,Bihar,Muzaffarpur,2015,78.05,3126.07
maize,Bihar,Muzaffarpur,2016,70.65,2952.5
maize,Bihar,Muzaffarpur,2017,74.19,2507.23
maize,Bihar,Darbhanga,2000,58.0,2137.93
maize,Bihar,Darbhanga,2001,55.0,2818.18
maize,Bihar,Darbhanga,2002,55.0,2418.18
maize,Bihar,Darbhanga,2003,51.0,2078.43
maize,Bihar,Darbhanga,2004,57.25,2180.26
maize,Bihar,Darbhanga,2005,60.35,2208.62
maize,Bihar,Darbhanga,2006,59.21,3402.8
maize,Bihar,Darbhanga,2007,45.99,4511.85
maize,Bihar,Darbhanga,2008,52.91,3473.26
maize,Bihar,Darbhanga,2009,73.35,2489.71
maize,Bihar,Darbhanga,2010,74.89,3943.78
maize,Bihar,Darbhanga,2011,60.98,2764.18
maize,Bihar,Darbhanga,2012,60.75,3758.52
maize,Bihar,Darbhanga,2013,77.84,3112.02
maize,Bihar,Darbhanga,2014,72.27,2780.27
maize,Bihar,Darbhanga,2015,78.95,3089.42
maize,Bihar,Darbhanga,2016,76.32,5276.24
maize,Bihar,Darbhanga,2017,76.44,6279.49
maize,Bihar,Saharsa,2000,38.0,3236.84
maize,Bihar,Saharsa,2001,38.0,2657.89
maize,Bihar,Saharsa,2002,43.0,2488.37
maize,Bihar,Saharsa,2003,39.0,3025.64
maize,Bihar,Saharsa,2004,40.2,3416.67
maize,Bihar,Saharsa,2005,44.13,2780.65
maize,Bihar,Saharsa,2006,42.38,3887.92
maize,Bihar,Saharsa,2007,37.27,3031.93
maize,Bihar,Saharsa,2008,25.35,2974.36
maize,Bihar,Saharsa,2009,48.94,3323.46
maize,Bihar,Saharsa,2010,58.4,5258.56
maize,Bihar,Saharsa,2011,54.6,5369.23
maize,Bihar,Saharsa,2012,56.5,5433.27
maize,Bihar,Saharsa,2013,55.88,5305.65
maize,Bihar,Saharsa,2014,40.65,4401.72
maize,Bihar,Saharsa,2015,40.09,3719.38
maize,Bihar,Saharsa,2016,44.94,5538.77
maize,Bihar,Saharsa,2017,44.05,5346.65
maize,Bihar,Purnea,2000,82.0,2621.95
maize,Bihar,Purnea,2001,86.0,2290.7
maize,Bihar,Purnea,2002,81.0,2049.38
maize,Bihar,Purnea,2003,86.0,2418.6
maize,Bihar,Purnea,2004,80.03,2643.63
maize,Bihar,Purnea,2005,106.44,2483.0
maize,Bihar,Purnea,2006,106.38,3494.55
maize,Bihar,Purnea,2007,107.83,3688.49
maize,Bihar,Purnea,2008,54.68,3278.71
maize,Bihar,Purnea,2009,111.81,3161.97
maize,Bihar,Purnea,2010,112.88,3586.02
maize,Bihar,Purnea,2011,128.42,3425.71
maize,Bihar,Purnea,2012,126.87,4291.95
maize,Bihar,Purnea,2013,151.58,5258.74
maize,Bihar,Purnea,2014,129.88,4480.75
maize,Bihar,Purnea,2015,140.98,5582.71
maize,Bihar,Purnea,2016,172.24,8772.46
maize,Bihar,Purnea,2017,148.41,6940.78
maize,Bihar,Saran,2000,67.0,2149.25
maize,Bihar,Saran,2001,66.0,1939.39
maize,Bihar,Saran,2002,66.0,1939.39
maize,Bihar,Saran,2003,68.0,2117.65
maize,Bihar,Saran,2004,63.47,2158.97
maize,Bihar,Saran,2005,63.11,1797.02
maize,Bihar,Saran,2006,62.12,2031.71
maize,Bihar,Saran,2007,58.77,1274.46
maize,Bihar,Saran,2008,48.5,1309.9
maize,Bihar,Saran,2009,57.0,2255.96
maize,Bihar,Saran,2010,65.88,2077.11
maize,Bihar,Saran,2011,59.34,2750.93
maize,Bihar,Saran,2012,61.73,2607.65
maize,Bihar,Saran,2013,59.82,2987.46
maize,Bihar,Saran,2014,62.67,2719.96
maize,Bihar,Saran,2015,56.78,2905.25
maize,Bihar,Saran,2016,54.28,4167.95
maize,Bihar,Saran,2017,60.75,2937.9
maize,Bihar,Patna,2000,14.0,2428.57
maize,Bihar,Patna,2001,10.0,2200.0
maize,Bihar,Patna,2002,15.0,1866.67
maize,Bihar,Patna,2003,15.0,1866.67
maize,Bihar,Patna,2004,15.07,2041.8
maize,Bihar,Patna,2005,18.33,1717.4
maize,Bihar,Patna,2006,16.94,2148.76
maize,Bihar,Patna,2007,21.6,1490.74
maize,Bihar,Patna,2008,10.25,708.29
maize,Bihar,Patna,2009,13.08,1643.73
maize,Bihar,Patna,2010,14.47,1925.36
maize,Bihar,Patna,2011,14.17,2928.02
maize,Bihar,Patna,2012,13.65,3364.1
maize,Bihar,Patna,2013,10.88,3835.48
maize,Bihar,Patna,2014,12.68,3147.48
maize,Bihar,Patna,2015,13.06,2879.02
maize,Bihar,Patna,2016,14.39,3506.63
maize,Bihar,Patna,2017,12.48,4331.94
maize,Bihar,Mungair,2000,141.0,2198.58
maize,Bihar,Mungair,2001,124.0,2330.65
maize,Bihar,Mungair,2002,130.0,1715.38
maize,Bihar,Mungair,2003,139.0,2381.29
maize,Bihar,Mungair,2004,129.81,2134.97
maize,Bihar,Mungair,2005,140.01,2036.85
maize,Bihar,Mungair,2006,140.43,2790.14
maize,Bihar,Mungair,2007,122.48,1933.46
maize,Bihar,Mungair,2008,91.94,1938.76
maize,Bihar,Mungair,2009,130.52,1749.62
maize,Bihar,Mungair,2010,124.5,2911.97
maize,Bihar,Mungair,2011,131.4,3423.06
maize,Bihar,Mungair,2012,132.75,2961.58
maize,Bihar,Mungair,2013,127.84,2642.52
maize,Bihar,Mungair,2014,121.36,3037.74
maize,Bihar,Mungair,2015,127.01,2529.56
maize,Bihar,Mungair,2016,131.72,4823.83
maize,Bihar,Mungair,2017,114.66,3636.81
maize,Bihar,Bhagalpur,2000,60.0,2233.33
maize,Bihar,Bhagalpur,2001,57.0,2438.6
maize,Bihar,Bhagalpur,2002,60.0,1900.0
maize,Bihar,Bhagalpur,2003,63.0,1984.13
maize,Bihar,Bhagalpur,2004,57.59,2101.41
maize,Bihar,Bhagalpur,2005,99.22,2594.34
maize,Bihar,Bhagalpur,2006,56.65,2377.41
maize,Bihar,Bhagalpur,2007,92.27,3168.42
maize,Bihar,Bhagalpur,2008,79.1,3444.5
maize,Bihar,Bhagalpur,2009,46.66,2174.02
maize,Bihar,Bhagalpur,2010,50.74,3419.0
maize,Bihar,Bhagalpur,2011,60.13,4105.11
maize,Bihar,Bhagalpur,2012,55.3,5727.31
maize,Bihar,Bhagalpur,2013,55.74,5609.44
maize,Bihar,Bhagalpur,2014,57.09,3358.56
maize,Bihar,Bhagalpur,2015,55.78,5017.75
maize,Bihar,Bhagalpur,2016,51.07,3375.29
maize,Bihar,Bhagalpur,2017,49.04,4457.08
maize,Jharkhand,Santhal Paragana / Dumka,2000,47.16,1571.03
maize,Jharkhand,Santhal Paragana / Dumka,2001,48.92,1787.41
maize,Jharkhand,Santhal Paragana / Dumka,2002,21.21,1406.88
maize,Jharkhand,Santhal Paragana / Dumka,2003,25.25,1348.51
maize,Jharkhand,Santhal Paragana / Dumka,2004,25.21,1939.31
maize,Jharkhand,Santhal Paragana / Dumka,2005,24.92,1085.07
maize,Jharkhand,Santhal Paragana / Dumka,2006,22.86,1740.59
maize,Jharkhand,Santhal Paragana / Dumka,2007,22.65,1597.79
maize,Jharkhand,Santhal Paragana / Dumka,2008,21.71,1387.84
maize,Jharkhand,Santhal Paragana / Dumka,2009,19.62,1201.33
maize,Jharkhand,Santhal Paragana / Dumka,2010,15.33,1406.39
maize,Jharkhand,Santhal Paragana / Dumka,2011,18.01,1731.82
maize,Jharkhand,Santhal Paragana / Dumka,2012,24.61,1529.05
maize,Jharkhand,Santhal Paragana / Dumka,2013,23.43,2029.02
maize,Jharkhand,Santhal Paragana / Dumka,2014,24.88,1559.49
maize,Jharkhand,Santhal Paragana / Dumka,2015,21.96,1254.55
maize,Jharkhand,Santhal Paragana / Dumka,2016,29.33,2177.01
maize,Jharkhand,Santhal Paragana / Dumka,2017,92.42,2252.34
maize,Bihar,Shahabad (now part of Bhojpur district),2000,5.0,1400.0
maize,Bihar,Shahabad (now part of Bhojpur district),2001,5.0,1400.0
maize,Bihar,Shahabad (now part of Bhojpur district),2002,5.0,1800.0
maize,Bihar,Shahabad (now part of Bhojpur district),2003,6.0,1333.33
maize,Bihar,Shahabad (now part of Bhojpur district),2004,9.46,1627.91
maize,Bihar,Shahabad (now part of Bhojpur district),2005,8.44,1586.49
maize,Bihar,Shahabad (now part of Bhojpur district),2006,8.89,1500.56
maize,Bihar,Shahabad (now part of Bhojpur district),2007,9.33,1348.34
maize,Bihar,Shahabad (now part of Bhojpur district),2008,4.37,329.52
maize,Bihar,Shahabad (now part of Bhojpur district),2009,6.67,1955.02
maize,Bihar,Shahabad (now part of Bhojpur district),2010,7.22,2339.34
maize,Bihar,Shahabad (now part of Bhojpur district),2011,7.42,2049.87
maize,Bihar,Shahabad (now part of Bhojpur district),2012,6.87,3117.9
maize,Bihar,Shahabad (now part of Bhojpur district),2013,6.35,2074.02
maize,Bihar,Shahabad (now part of Bhojpur district),2014,5.24,2160.31
maize,Bihar,Shahabad (now part of Bhojpur district),2015,8.18,2442.54
maize,Bihar,Shahabad (now part of Bhojpur district),2016,4.34,2080.45
maize,Bihar,Shahabad (now part of Bhojpur district),2017,3.66,2597.1
maize,Bihar,Gaya,2000,9.0,1111.11
maize,Bihar,Gaya,2001,7.0,1714.29
maize,Bihar,Gaya,2002,9.0,1666.67
maize,Bihar,Gaya,2003,11.0,2181.82
maize,Bihar,Gaya,2004,11.92,1772.65
maize,Bihar,Gaya,2005,10.49,1662.54
maize,Bihar,Gaya,2006,10.81,1969.47
maize,Bihar,Gaya,2007,14.3,2384.62
maize,Bihar,Gaya,2008,10.09,1483.65
maize,Bihar,Gaya,2009,9.61,1860.56
maize,Bihar,Gaya,2010,7.79,2483.95
maize,Bihar,Gaya,2011,10.6,2558.49
maize,Bihar,Gaya,2012,10.46,3654.88
maize,Bihar,Gaya,2013,12.46,2969.5
maize,Bihar,Gaya,2014,10.8,2416.67
maize,Bihar,Gaya,2015,8.65,4050.87
maize,Bihar,Gaya,2016,8.02,3233.36
maize,Bihar,Gaya,2017,5.17,3394.16
maize,Jharkhand,Hazaribagh,2000,38.15,1541.34
maize,Jharkhand,Hazaribagh,2001,34.89,1331.82
maize,Jharkhand,Hazaribagh,2002,23.43,1041.92
maize,Jharkhand,Hazaribagh,2003,19.33,1392.11
maize,Jharkhand,Hazaribagh,2004,17.91,1337.76
maize,Jharkhand,Hazaribagh,2005,17.07,1009.82
maize,Jharkhand,Hazaribagh,2006,19.79,1285.53
maize,Jharkhand,Hazaribagh,2007,19.29,988.68
maize,Jharkhand,Hazaribagh,2008,17.04,691.58
maize,Jharkhand,Hazaribagh,2009,12.41,683.53
maize,Jharkhand,Hazaribagh,2010,15.53,818.24
maize,Jharkhand,Hazaribagh,2011,14.83,1285.55
maize,Jharkhand,Hazaribagh,2012,16.7,1460.21
maize,Jharkhand,Hazaribagh,2013,12.07,2018.22
maize,Jharkhand,Hazaribagh,2014,20.79,2815.27
maize,Jharkhand,Hazaribagh,2015,17.83,923.64
maize,Jharkhand,Hazaribagh,2016,31.31,2168.13
maize,Jharkhand,Hazaribagh,2017,64.33,2168.46
maize,Jharkhand,Dhanbad,2000,5.28,1448.47
maize,Jharkhand,Dhanbad,2001,5.01,1262.02
maize,Jharkhand,Dhanbad,2002,1.87,1004.21
maize,Jharkhand,Dhanbad,2003,2.06,1146.41
maize,Jharkhand,Dhanbad,2004,1.65,1206.7
maize,Jharkhand,Dhanbad,2005,1.21,977.36
maize,Jharkhand,Dhanbad,2006,1.67,1000.24
maize,Jharkhand,Dhanbad,2007,1.93,1803.74
maize,Jharkhand,Dhanbad,2008,2.36,743.88
maize,Jharkhand,Dhanbad,2009,1.31,287.03
maize,Jharkhand,Dhanbad,2010,1.08,660.29
maize,Jharkhand,Dhanbad,2011,1.23,1264.52
maize,Jharkhand,Dhanbad,2012,1.0,994.3
maize,Jharkhand,Dhanbad,2014,1.21,1208.87
maize,Jharkhand,Dhanbad,2015,1.01,912.28
maize,Jharkhand,Dhanbad,2016,1.01,901.04
maize,Jharkhand,Dhanbad,2017,4.95,2324.01
maize,Jharkhand,Palamau,2000,46.49,1740.8
maize,Jharkhand,Palamau,2001,29.82,1166.0
maize,Jharkhand,Palamau,2002,9.66,1152.17
maize,Jharkhand,Palamau,2003,29.48,1856.85
maize,Jharkhand,Palamau,2004,30.6,1246.08
maize,Jharkhand,Palamau,2005,21.68,964.48
maize,Jharkhand,Palamau,2006,20.59,1636.72
maize,Jharkhand,Palamau,2007,21.8,1022.94
maize,Jharkhand,Palamau,2008,21.7,971.43
maize,Jharkhand,Palamau,2009,18.83,693.57
maize,Jharkhand,Palamau,2010,21.33,660.1
maize,Jharkhand,Palamau,2011,22.76,1106.77
maize,Jharkhand,Palamau,2012,41.07,887.27
maize,Jharkhand,Palamau,2013,35.85,1204.18
maize,Jharkhand,Palamau,2014,49.26,2439.3
maize,Jharkhand,Palamau,2015,58.0,740.52
maize,Jharkhand,Palamau,2016,54.68,2081.14
maize,Jharkhand,Palamau,2017,66.32,1406.14
maize,Jharkhand,Ranchi,2000,11.61,1614.13
maize,Jharkhand,Ranchi,2001,14.6,1800.0
maize,Jharkhand,Ranchi,2002,5.39,1122.45
maize,Jharkhand,Ranchi,2003,7.82,1501.28
maize,Jharkhand,Ranchi,2004,13.89,1187.9
maize,Jharkhand,Ranchi,2005,7.25,1175.17
maize,Jharkhand,Ranchi,2006,7.89,1465.15
maize,Jharkhand,Ranchi,2007,7.81,1249.68
maize,Jharkhand,Ranchi,2008,7.7,1315.58
maize,Jharkhand,Ranchi,2009,6.37,1072.21
maize,Jharkhand,Ranchi,2010,5.97,968.17
maize,Jharkhand,Ranchi,2011,7.1,1909.86
maize,Jharkhand,Ranchi,2012,7.48,2116.31
maize,Jharkhand,Ranchi,2013,8.85,1936.72
maize,Jharkhand,Ranchi,2014,8.11,2261.41
maize,Jharkhand,Ranchi,2015,17.68,1386.31
maize,Jharkhand,Ranchi,2016,7.6,3014.88
maize,Jharkhand,Ranchi,2017,39.61,2613.11
maize,Jharkhand,Singhbhum,2000,8.39,1669.85
maize,Jharkhand,Singhbhum,2001,6.94,1138.33
maize,Jharkhand,Singhbhum,2002,1.22,819.67
maize,Jharkhand,Singhbhum,2003,5.64,1168.44
maize,Jharkhand,Singhbhum,2004,2.78,1474.82
maize,Jharkhand,Singhbhum,2005,2.63,954.37
maize,Jharkhand,Singhbhum,2006,2.89,1346.02
maize,Jharkhand,Singhbhum,2007,2.86,1066.43
maize,Jharkhand,Singhbhum,2008,2.39,983.26
maize,Jharkhand,Singhbhum,2009,1.92,921.87
maize,Jharkhand,Singhbhum,2010,1.93,792.75
maize,Jharkhand,Singhbhum,2011,1.94,824.74
maize,Jharkhand,Singhbhum,2012,2.17,1041.47
maize,Jharkhand,Singhbhum,2013,2.53,1478.26
maize,Jharkhand,Singhbhum,2014,2.3,1447.83
maize,Jharkhand,Singhbhum,2015,2.25,1208.89
maize,Jharkhand,Singhbhum,2016,0.75,1869.97
maize,Jharkhand,Singhbhum,2017,27.07,1507.72
